video_id,video_timestamp,video_duration,video_locationcreated,video_diggcount,video_sharecount,video_commentcount,video_playcount,video_description,video_is_ad,video_stickers,author_username,author_name,author_followercount,author_followingcount,author_heartcount,author_videocount,author_diggcount,author_verified,poi_name,poi_address,poi_city
7268277540501065006,2023-08-17T09:09:13,11,US,309200,20800,1803,1900000,i havent edited duke in a long time and i saw this on my fyp 🙂 || simple velooo || #dukedennis #dukedennisedit #dukedennisclips #fyp #amp #ampedits #dukedennisforyoupage #taysconscience ,False,,taysconscience,tay .,,,,,,False,,,
7349323456221056299,2024-03-22T18:48:51,12,US,270300,22400,1630,1600000,saw this on my fyp had to edit it || dukeeee in a cowboy hat>>>> || #taysconscience #dukedennis #dukedennisedit #dukedennisclips #fyp #amp #ampedits ,False,,taysconscience,tay .,,,,,,False,,,
7367921315140963626,2024-05-11T21:37:50,31,US,1700000,19500,1715,21900000,Bro got a hug named after him💀 #agent00 #amp #agency #dukedennis #dukedennishug ,False,,formaclipz,FormaClipz,,,,,,False,,,
7398579788752981280,2024-08-02T12:28:25,23,SE,1600000,7530,3367,13700000,#davis #dukedennis #duke #kaicenat #fanum #chrisnextdoor #agent00 #amp #fyp #foryou @Duke Dennis ,False,,viralclips.98,Viral clips⚠️,,,,,,False,,,
7396830122122218784,2024-07-28T19:18:48,19,GB,696600,13700,4376,6000000,tell me @Duke Dennis aint won already (Twitch - AkzOnTop ) #dukedennis #amp #trending #viral #fyp ,False,,akzot_,AkzOnTop,,,,,,False,,,
7357145014293744942,2024-04-12T20:40:29,8,US,21200,225,140,402900,AMP x Kingsplay ⚡️ My viral jackets out now only 100 left #clothingbrand #viral #fypシ #motivation #foryou #success #entrepreneur #dukedennis #amp #dukedennisedit ,False,,kingsplayco,Kings Play,,,,,,False,,,
7396824151526362373,2024-07-28T18:55:34,55,JM,620500,31500,4354,5100000,Bro should do music fr💯 Dm For Promo $$  #rapping #dukedennis #fyp #viral  @Kai Cenat @ampexclusive @Duke Dennis ,False,,grandwizardchatnxggaa,Chatnxgga🤧,,,,,,False,,,
7387105976991665451,2024-07-02T14:24:07,8,US,1100000,34500,1589,5300000,It be the most obvious questions too😭#foryoupage #fy #funny #fypage #fypシ゚viral #dukedennis #amp #comedia ,False,,dirtpickle0,dirtpickle0,,,,,,False,,,
7397414533620419872,2024-07-30T09:06:37,152,GB,1000000,22500,4412,8000000,#agent00 #cinna #cinnabrit #dukedennis #amp #ampcypher #ampcypher2024 #fyp #foryoupage #viral #trending ,False,,snipclipzgalore,SnipclipzGalore,,,,,,False,,,
7280877629689826606,2023-09-20T08:03:54,6,US,276500,3828,948,3200000,the 2 strand twist are tuff ngl🔥🙏🏾yall fw it❓#dukedennis #amp #foryoupage #foryou #fyp ,False,,ybbettter_,🧟‍♂️,,,,,,False,,,
7323866259932630315,2024-01-14T03:22:21,14,US,269900,57600,1779,11900000,#hug #thebigdrop #duke #dukedennis #amp #hugs #love #ily @💋Bre🥴 ,False,,andrew.da.freak.bob,Freakbob😘,,,,,,False,,,
7256497031735266565,2023-07-16T15:14:39,15,ZA,1700000,15200,1525,9000000,Bruh i am starting too think Duke Dennis made the song🤣#DukeDennis#Song#Amp#Fyp,False,,xaravdope,XDopeKing,,,,,,False,,,
7313724841880718625,2023-12-17T19:27:59,17,DE,262800,3782,931,2300000,hard #duke #foryoupage #trending #viral #fyp #phone #story #sad #sadstory #dukedennis #amp #sadvibes #kaicenat #twitch #live #real #fypシ #like #foryou #follow #following #blowthisup #quotes #pain #love #reallove #xybca #xyz #famous #hurt #relationship #relatable #respect #communication #sadtok #sadquotes ,False,,sorry7jan,Jan,,,,,,False,,,
7396880773086842142,2024-07-28T22:35:25,69,US,415700,41500,3640,4200000,Aye foo 😅😅. Make sure leave a comment and a like 😂 #kevinhart #ampcypher2024 #fypage #teensoftiktok #dukedennis #viral #outtacontrol ,False,,oc_clips1,OC_Clips1,,,,,,False,,,
7255689518009830683,2023-07-14T11:01:09,14,NO,3000000,27800,2901,16200000,It sounds like Duke in the song😂 #dukedennis #amp #fyp #foryou #viral #klicks ,False,,.klicks,Klicks,,,,,,False,,,
7298886673344007466,2023-11-07T19:48:10,15,US,1300000,27700,10500,7100000,Duke Dennis used to cook on Musical.ly 😭 #dukedennis #amp #fyp #foryou #foryoupage #fypシ ,False,,2__t0n3,2__T0N3,,,,,,False,Atlanta,"Georgia, United States",
7394085643514613025,2024-07-21T09:48:48,56,GB,643600,28800,1680,5000000,Plaqueboymax reacts to Duke Dennis room in the new AMP penthouse 😂 #plaqueboymax #dukedennis #youngdabo #amp #fyp ,False,,streamer.hq,StreamerHQ,,,,,,False,,,
7337950815509974318,2024-02-21T02:18:15,36,US,585100,7799,1788,3900000,Crazy glaze 😂 #kaicenat #dukedennis #kaiandduke #amp #funny #viral #fyp ,False,,nomclips,Nom,,,,,,False,,,
7283736865105087787,2023-09-28T00:59:22,81,US,1200000,99500,7757,6600000,duke reacts to ai song of him & wasnt feeling it 😭😭 #dukedennis #kaicenat #amp #viral #trending #twitch,False,,contursii,contursii,,,,,,False,,,
7349989550380518702,2024-03-24T13:53:43,14,US,847600,35900,2469,4400000,Not the dougie 😭😂 #fyp #AMP #dukedennis #foryou #fypシ ,False,,clipsby.jr,Got clips,,,,,,False,,,
7364407712790154542,2024-05-02T10:23:22,5,US,6831,292,167,315900,😔  #dukedennis #sharky #amp #betasquad #real #realatable #viralvideo #viraltiktok #viral #fyp #foryoupage #tiktok ,False,,lil_edseo,Edwin Seo,,,,,,False,,,
7390062286162939182,2024-07-10T13:36:07,86,US,220700,1700,436,2400000,AMP members favorite colognes😮‍💨 #mensessentials #fragrance #cologne #amp #kai #dukedennis #fanum #gq #fyp #motivation #inspo ,False,,mens.top.essentials,Mens Essentials,,,,,,False,,,
7393162364331265326,2024-07-18T22:05:58,87,US,867800,12300,2605,5000000,Kai plays Duke’s favorite song on stream @Kai Cenat @Duke Dennis #fyp #kaicenat #dukedennis #foryou #xyzbca #fypツ #trending #viral #streamer #twitch #amp #kaicenatclips #dukedennisedit ,False,,jturboo,JTurboo,,,,,,False,,,
7255340875679649029,2023-07-13T12:28:09,7,ZA,2200000,22400,4467,14400000,Duke Dennis made this song in 1987🤣 #duke #fyp #dennis #amp ,False,,s.i.y.a0,S🌟,,,,,,False,,,
7410413559160638752,2024-09-03T09:49:31,47,GB,101,0,1,817,Bro leaned english from amp 💀 #ray #rayasianboy #rayasianboyclips #amp #kaicenat #kaicenatclips #davis #dukedennis #agent00 #chrisnextdoor #fanum #elfanum #twitch #CapCut ,False,,clipperdon7,clipperdon7,,,,,,False,,,
7396822268912880926,2024-07-28T18:48:24,83,US,182400,3178,3362,2500000,Who do you think had the best cypher? Davis really suprised me with the singing #amp #cypher #2024 #duke #dukedennis #kai #kaicenat #kaicenatclips #chrisnxtdoor #agent00 #agent #davis #imdavisssyt #fanum #fanumtv ,False,,duttreactsclips_,DuttReactsClips_,,,,,,False,,,
7291687410948132104,2023-10-19T11:11:16,32,SA,1700000,24000,3121,10700000,Kai’s face at the end😭😂 bro got violated😂 #fanum #kaicenat #dukedennis #amp #fyp #foryou #viral #trending #foryoupage #fypシ  #fypシ゚ #ijustclip ,False,,ijustclip,ijustclip,,,,,,False,,,
7276914190378454315,2023-09-09T15:43:49,8,US,1600000,88000,4680,7800000,Xqc crazy 😂😂 #amp #xqc #dukedennis ,False,,onestopdeals__,OneStopDeals,,,,,,False,,,
7385801785157373226,2024-06-29T02:03:12,68,US,50600,559,59,655200,AMP Fortnite trailer is crazy 🔥 #kaicenat #agent00 #dukedennis #chrisnxtdoor #sketch #fortnite #fyp #amp ,False,,speezuschrist,Speezus 🎬,,,,,,False,,,
7397103546711149870,2024-07-29T12:59:48,7,US,571700,14000,1829,4600000,DUKE #duke #dukedennis #kai #kaicenat #viral #blowthisup #amp #fast ,False,,kaicenatt04,Kai cenat,,,,,,False,,,
video_id,video_timestamp,video_duration,video_locationcreated,video_diggcount,video_sharecount,video_commentcount,video_playcount,video_description,video_is_ad,video_stickers,author_username,author_name,author_followercount,author_followingcount,author_heartcount,author_videocount,author_diggcount,author_verified,poi_name,poi_address,poi_city
7405577602074758431,2024-08-21T09:03:53,12,UM,148400,3553,383,2700000,#CapCut #лето #лето2024 #вайб #тепло #моменты #рек #fypシ゚viral ,False,,vasik_8,🐈,,,,,,False,,,
7399562022570003744,2024-08-05T04:00:05,7,LT,54000,7927,4780,450400,Ла ла #глобальныерекомендации #актив #хочуврек #пжрек #rge #pony #врекомендациях #майлитлпони #реки #млп #брони #лето ,False,,brony_armyka,🩵🧊💙Армика💙🧊🩵🇱🇹,,,,,,False,,,
7350401410045299973,2024-03-25T16:31:35,11,BY,481300,23600,910,2700000,#лето #шашлык #вайб #закат ,False,,01.id.093679.00,🥀,,,,,,False,,,
7409425457927523616,2024-08-31T17:55:08,15,KZ,113800,39700,6261,865500,"Ребят, не кипишуем скоро снова лето😎🤙 #лето #школа #сновалето #summer #school #1сентября #гадкийя #эдит ",False,,series_gravity_falls,Gravity Falls,,,,,,False,,,
7408948558742719751,2024-08-30T11:04:24,7,KG,614400,528400,10200,4300000,#спроебаннымлетом #лето #1сентября #школа #гадкийя #гадкийя1 #грю #грютанцует #мем #fyp ,False,,megaminionpro228,Доктор Нефарио,,,,,,False,,,
7407100048074460422,2024-08-25T11:31:17,27,UA,212800,46400,6090,2400000,туда сюда и опять лето!,False,,vika_andrienko,ВИКА АНДРИЕНКО,,,,,,False,,,
7409039551089495313,2024-08-30T16:57:40,14,UZ,164500,3986,283,2900000,так быстро лето пролетел💔,False,,fazikwn,fazikwn🚶🏻,,,,,,False,,,
7407926599288409376,2024-08-27T16:58:45,11,UA,110100,14000,575,800600,"родные, спасибо за это лето! #fyp #rek #любовь❤ #рек ",False,,artemfragmenko,твой батя,,,,,,False,,,
7409404380283145478,2024-08-31T16:33:19,16,UA,159400,181300,3375,1400000,#прощайлето #грусть #fyp ,False,,lp.durka_05,Балабанов Вертухай,,,,,,False,,,
7408690651799325994,2024-08-29T18:23:39,11,US,147400,49800,3374,1000000,УРА ЛЕТООО #лето #врек #лолкекчебурек ,False,,sirnichekkk,сырник,,,,,,False,,,
7404800996725083422,2024-08-19T06:50:28,13,US,282100,75300,4089,2600000,Тиджой лучший мем за лето #лис #морфин #fedorballs #perc40 #тиджой ,False,,egorgavno2014,егор гавно2014,,,,,,False,,,
7406592140593138949,2024-08-24T02:40:22,16,KZ,29600,4051,2097,888100,Уже сентабрь...☹️ #рекомендации #foryou #рек #сентябрь #лето #fyp #viral #foryoupage ,False,,azotik_islam,azotik islam,,,,,,False,,,
7406476360664763656,2024-08-23T19:11:05,6,SA,136800,44900,2622,2600000,#fyp #груша #лето @~ДЬЯВОЛ~ ,False,,izvestniy56,ТГК: Izvestniy56,,,,,,False,,,
7403860471620668705,2024-08-16T18:00:07,7,PL,199200,94100,2041,1500000,@богдан мы? #арбузик #лето ,False,,trovfl,🥷🏻,,,,,,False,,,
7409512131713879314,2024-08-31T23:31:25,38,BY,156100,54200,475,799800,"реально,когда уже снова лето наступит..#fyp #rek #tiktok #pov ",False,,khonskaya_e,катюша?,,,,,,False,,,
7408846535842123013,2024-08-30T04:28:36,19,BY,7236,3267,0,426400,#вот#и#лето#прошло#лето ,False,,olgafil_02.12,Ольга🇧🇾,,,,,,False,,,
7406300369661234438,2024-08-23T07:48:08,11,BY,4716,1103,18,467600,🫶🤍🖤#всезаканчивается #море #лето #счастьевпростом ,False,,user3886624983313,user3886624983313,,,,,,False,,,
7410158179369258246,2024-09-02T17:18:28,7,UA,262,35,1,1918,#рекомендации ,False,,amminkkaaa8,ammi🐾,,,,,,False,,,
7410086073885412613,2024-09-02T12:38:38,12,KZ,1644,40,1,9741,#рек#рекомендации#хочуврек#rek#tiktok#fyp#buda_xss,False,,buda_xss,💔,,,,,,False,,,
7410096648216464658,2024-09-02T13:19:37,7,UA,414,334,2,9150,#стройка #жара #лето #молот #нога #fakesituation ,False,,rudantes,𝐃𝐀𝐍𝐓𝐄𝐒,,,,,,False,,,
7379848151328378118,2024-06-13T01:00:00,16,BY,1200000,176200,5548,10800000,"""Не Ари на, мать! ""#мемы#плюшки#учимся#лето2024#лето#brawlstars #bablquas  #squadbusters#tiktok#recomendation ",False,,_frostix,❄Frost❄,,,,,,False,,,
7410020427361275141,2024-09-02T08:23:54,8,KZ,120,0,6,1656,,False,,rashit667,А ЧЕ ОН ГОЛЫЙ?🗿,,,,,,False,,,
7405884248240082182,2024-08-22T04:53:21,5,KZ,61400,7581,293,744000,Лето пролетело 🙈 #recommendations #fyp ,False,,krshsssss,KARINA,,,,,,False,,,
7400688326740675846,2024-08-08T04:50:35,6,UA,567800,312700,4644,3900000,#ждулето ,False,,hl3bbb_,?¿?,,,,,,False,,,
7384346262423915782,2024-06-25T03:54:58,10,BY,283800,72400,2844,2100000,🌊🤩 #лето #аквапарк #рекомендации #рек #elbruso #สโลว์สมูท ,False,,ksena.sss5,☆ ksunka,,,,,,False,,,
7385398183796542726,2024-06-27T23:56:59,10,UA,20800,44100,512,1400000,Всё начинается с мечты...#доброеутро #хорошегонастроения #мечтысбываются #утро #рекомендации #путь #хорошегодня #лето #отдых ,False,,user526600780,Natalia,,,,,,False,,,
7369574546636131590,2024-05-16T08:33:09,15,KZ,170700,19900,1121,1600000,Купить можно в inst: dropstep.kz 🛸тгк в био ❕ #лето #пляж #отдых #одежда #аутфит #гавайскаярубашка ,False,,dropstepkz,КРОССОВКИ / ОДЕЖДА 🍍,,,,,,False,,,
7377081865221524752,2024-06-05T14:05:26,12,FR,280200,6944,541,1600000,ТГК: ксанечка #fyp #испанскиепесни #испания #лето #вайб #меломан ,False,,ksandryy,ксанечка,,,,,,False,Moscow,Russia,
7387343576834854152,2024-07-03T05:46:04,20,US,178700,59300,2880,1100000,Ох уж это самовнушение #вентилятор #жара #лето ,False,,ukoi2,Штаны Гоголя,,,,,,False,,,
7398271430539906309,2024-08-01T16:31:42,9,UA,88700,2928,533,843800,Отлично🙁 #рекомендации #рекиии #CapCut #реки #on #fypシ #врек #лето #рекиии ,False,,top_w12,💋𝕿𝖆𝖒𝖎𝖑𝖆❤️‍🩹,,,,,,False,,,
7387995001873091846,2024-07-04T23:53:57,10,UA,24200,52700,581,1200000,Пусть в жизни будет место для мечты #доброеутро #хорошегонастроения #удачногодня #хорошегодня #пожелания #рекомендации #море #лето ,False,,user526600780,Natalia,,,,,,False,Mariupol,"Donets'ka Oblast', Ukraine",
7391937408528436485,2024-07-15T14:52:29,14,KZ,35700,1003,600,606100,Всего за 12.990 тг😍 В наличии #лето #iceboxkz #кондиционер #aircoolerfan #fyp ,False,,icebox.kaz,icebox.kaz,,,,,,False,,,
7369974815513529606,2024-05-17T10:26:24,18,BY,154500,3138,838,1800000,"до лета, кстати, 14 дней 🥱 для записи писать в директ👇🏼 inst: dnynxii  #minsk #минск #брейдыминск #брейды #hairminsk #прически #рекомендации #лето ",False,,dnynxii.braids,d.braid,,,,,,False,,,
7353288553612283154,2024-04-02T11:15:12,15,KG,303400,28100,1790,2300000,ежедневная база @тгк: @kazumaiqq  #krushdance #kazumaiq #fyp #fyr #лето ,False,,kazumaiq,тгк: @kazumaiqq,,,,,,False,,,
video_id,video_timestamp,video_duration,video_locationcreated,video_diggcount,video_sharecount,video_commentcount,video_playcount,video_description,video_is_ad,video_stickers,author_username,author_name,author_followercount,author_followingcount,author_heartcount,author_videocount,author_diggcount,author_verified,poi_name,poi_address,poi_city
7366613983241063712,2024-05-08T09:05:03,15,DE,685100,48300,2039,9400000,Move LA @Stryv  #keinemusik ,False,,adamport_keinemusik,Adam Port,,,,,,True,Los Angeles,"Los Angeles, United States",
7376589880320593185,2024-06-04T06:16:19,14,GR,1200000,37200,1566,8500000,@Adam Port release it on spotify alreadyyyyy #move #adamport #keinemusik #foryou #fy #foryoupage #greektiktok #girls #travel #summer #summervibes #housesong #greekislands ,False,,meldanihl,melina,,,,,,False,,,
7403531983537704235,2024-08-15T20:45:23,9,US,1500000,140800,6788,27700000,🤰dance moves 😂 #gypsyroseblanchard #pregnantlife ,False,,gypsyrosemedia,Gypsy Rose Blanchard,,,,,,False,,,
7381812361809710368,2024-06-18T08:02:09,71,IT,557500,21200,2531,6500000,GIRL I REALLY LIKE THE WAY U MOOOOVE @Adam Port @Keinemusik  #afrohouse #adamport #move #girlireallylikethewayyoumove #afrobeats #sunset #sunsetbeach #tramontosulmare #tramonto #afro #afrodance #keienemusik,False,,vinnyquerico,VINNY,,,,,,False,,,
7362234581312982277,2024-04-26T13:50:20,14,CO,378600,13000,0,3500000,la mejor complexión. #viral #fyp #parati #zxbcya #moveyourbody @TikTok ,False,,dai_minn,dai (sant's gf) ★!?,,,,,,False,,,
7394909748056919302,2024-07-23T15:06:41,33,NG,1000000,6841,10200,9100000,"Play for me💃, These moves😍🔥 Dc:@Demzy BaYe, W/:@Speedy💜🌹 #iam_tiwa_ ",False,,iam_tiwa_,lovie🧚‍♀️☺︎︎,,,,,,False,,,
7386356221206367489,2024-06-30T13:54:47,16,AU,2500000,18400,18300,28200000,Watch When She Moves 🥺💔 #oblivion #melissa #oblivionsw #heartbroken #fyp ,False,,ofre3.co,0FRE3,,,,,,False,,,
7378138230656437537,2024-06-08T10:24:40,15,GR,606100,3640,894,6200000,@Adam Port on repeat 🙋🏼‍♀️🫶🏽 #foryou #move #keinemusik ,False,,darya_osho,darya_osho,,,,,,False,,,
7330281549545458976,2024-01-31T10:16:18,12,SE,2000000,72800,23300,16900000,Will never get tired of this iconic move 🧎🏻‍♀️ #hyunjin #hyunjinedit #hyunjinskz #hwanghyunjln #hwanghyunjinedit #foryoupage #fyp #skz #foryou #straykids #skzedit #straykidsedit #ashiashi #godsmenu #hyunjingodsmenu ,False,,blchjfsj_,Ayana ❤︎,,,,,,False,,,
7380848144357051690,2024-06-15T17:40:31,10,US,11100000,468300,24100,108800000,he moved :( #englishorspanish #rollercoasters ,False,,kyleazajac,Kyle Zajac,,,,,,False,,,
7394892170055978283,2024-07-23T13:58:32,11,FR,2500000,74700,7429,20100000,Moves were made @paris2024 #olympicvilla ,False,,ilonamaher,Ilona Maher,,,,,,True,,,
7408706871235726624,2024-08-29T19:26:36,9,FR,612000,14000,4221,8600000,#vibin #vibing #icecube #foryou #icecubeedits #icecuberapper #osheajackson #icecubenwa #straightouttacompton #comptoncalifornia #southcentral #losangelescalifornia #raplegend #hiphoplegend #dancevibe #dancervibes #vibedance #vibedancer #cwalk #footwork #westcoastrap #westcoasthiphop #gangstarap #westsideconnection #dancechallange #dancerstyle #dancestyle #dancermoves #movedance #upinsmoke #upinsmoketour #upinsmoketour2001 #theupinsmoke #theupinsmoketour #keepitgangstayall #keepitgangster #keepitgangsta #rapgang #rapgangsta #dancedance #dancedancedance #doyodance ,False,,dogg_huso_paris,Huso92,,,,,,False,,,
7410403432978205995,2024-09-03T09:10:09,21,US,140,2,1,925,5 moves that always work🔥,False,,jqbasketball,JQ Basketball Training,,,,,,False,,,
7410302342819564833,2024-09-03T02:38:02,23,GB,2300,165,50,28100,What a welcome for Victor Osimhen as he arrives in Turkey ahead of his loan move to Galatasaray! 🥳 #footballtiktok #arrival #transfers,False,,skysportsfootball,Sky Sports Football,,,,,,True,,,
7386006441498381611,2024-06-29T15:17:23,5,US,449900,4856,567,4100000,i wouldnt even survive a real class #pilates #athomeworkout #movewithnicole #youtube #pilatesworkout ,False,,phinebean,phinebean,,,,,,False,,,
7336313463439887648,2024-02-16T16:23:12,61,FR,443000,5094,1027,14000000,Qui sait faire des powermoves ? Credit: @bboyhg520 #powermoves #breakdance #bboy #bboying #redbullbcone #break #danse ,False,,insane_breakdance,breakDance_media,,,,,,False,,,
7410253617082469675,2024-09-02T23:39:56,7,US,4530,67,200,117100,"👑Queen Wen! During the US Open match between Zheng Qinwen and Vekic, some members of the audience disrupted Zheng by moving around a lot and causing chaos, and Zheng hit back: I'll beat you! By the way, she did beat Vekic to win the match.😂 #zhengqinwen #usopen #usopen2024 #tennis #sports #fyp",False,,phoenixtvnews,phoenixtvnews,,,,,,False,,,
7372751698168679681,2024-05-24T22:02:15,19,KR,1500000,16400,3999,12200000,HAERIN starts #HowSweet moves🍬 #NewJeans #뉴진스  #NewJeans_HowSweet #NewJeans_is_Everywhere,False,,newjeans_official,NewJeans,,,,,,True,,,
7410286769230351622,2024-09-03T01:37:33,26,UG,4083,62,104,45300,Replying to @user_5789654  New Amazing Look on this beat 💕🔥🔥🔥🔥🔥🔥 loving this #kenmoves #Godhasdoneit #bestdanceruganda #kenmovesdancevideos ,False,,kenmoves_,🅚🅔🅝 🔥🅜🅞🅥🅔🅢👌,,,,,,False,,,
7392817198223445291,2024-07-17T23:46:32,9,US,971800,113100,2925,6900000,#kelebrr #fyp #gumball #theamazingworldofgumball #dance #kevingates #rickross #mikeepps #emotes #dancemoves #viral ,False,,kelebrr,Kelebrr,,,,,,False,,,
7392219686877842695,2024-07-16T09:07:51,28,PH,3500000,60400,50800,31200000,Tag us and use the hashtags #BINI_CherryOnTopDC and #BINI_CherryOnTop to showcase your dance moves! @BINI PH #binimikha #fyp #BINI #BINIPH ,False,,bini_mikha,MIKHA LIM.,,,,,,True,,,
7410320787795741957,2024-09-03T03:49:35,13,UA,3451,40,5,43800,Clever Move Wins Point 👌 #epicvolleyball #volleyballworld #volleyball ,False,,epicvolley,Epic Volleyball,,,,,,False,Rome,"Rome, Lazio, Italy",
7357495375713914158,2024-04-13T19:20:02,15,US,2400000,10800,4304,29900000,move it up down left right ohhhh ,True,,sabrinacarpenter,Sabrina Carpenter,,,,,,True,,,
7346658069926956320,2024-03-15T14:25:33,13,AT,470600,18500,1216,3000000,never🥰 #fyp #viral #xyzbca #relatable #real #teens #girls #fypシ #firstmove ,False,,1luvmony,magdalena,,,,,,False,,,
7316968957011922208,2023-12-26T13:16:39,13,DE,3700000,69100,18000,115100000,The way she started moving it😭😂 only african Mamas can do this! Too lovely😂🇳🇬❤️,False,,noelgoescrazy,noelgoescrazy,,,,,,True,,,
7400118652701379872,2024-08-06T15:59:58,8,GB,1300000,42000,9556,5000000,i need to move #fyp ,False,,caitlynssydneyy,cait ᥫ᭡,,,,,,False,,,
7400928606412623135,2024-08-08T20:22:58,13,US,606200,12000,1268,5500000,BAMA FRESHMAN DORM !!! 💖💖  #dormtour #dormroom #bamarush #bamarushtok #dorm #movein #dormmakeover #colorful #dormtransformation ,False,,bre.morris,bre morris,,,,,,False,,,
7410388826440420641,2024-09-03T08:13:27,13,FR,701,26,9,3927,Jin's moves are on point 😂 #fypシ #fyp #foryou #foryoupage #bts #bangtan #jin #runjin #dance #moves #funny #video #viral ,False,,mynameisjeff070,My Name is Jeff,,,,,,False,,,
7410382598133927173,2024-09-03T07:49:21,9,ZA,948,82,11,3950,,False,,daizlowkeysad,daizlowkeysad,,,,,,False,,,
7391223910584323371,2024-07-13T16:43:49,13,US,799600,13200,3408,17000000,its always moving to the wrong side #hairstyle #cowlick #hairtutorial #hairstyletutorial ,False,,heynuraaa,Nura,,,,,,False,,,
7379487672668065066,2024-06-12T01:41:14,11,US,2600000,27000,5859,14700000,so sad. #childhoodhome #fyp #moving ,False,,sloanemckenzie,sloane :),,,,,,False,,,
7341027717632118023,2024-02-29T09:16:53,16,JP,1300000,10800,2391,10100000,🕺🔥 #moveslikejagger #maroon5 #dance #ダンス #踊ってみた #おすすめ ,False,,marina_okada,Marina Okada,,,,,,False,,,
7410385407302536455,2024-09-03T08:00:14,24,KR,1049,11,41,2910,Every time we move a little closer to you ☘️ #DXMON #다이몬 #SEITA #세이타 #HEE #히 #TK #태극,False,,dxmon_official,DXMON,,,,,,False,,,
7288779863790767366,2023-10-11T15:08:30,60,SV,1509,25,15,45500,Respuesta a @prodilan21 #fypシ #fyp #music #avionescaza #b2 #drones #apocalypse #ovni #extraterrestres #alien #invasionalienigena #findelmundo #moviescene #movieclips #escenasdepeliculas #funny ,False,,moves_02,Moves,,,,,,False,,,
video_id,video_timestamp,video_duration,video_locationcreated,video_diggcount,video_sharecount,video_commentcount,video_playcount,video_description,video_is_ad,video_stickers,author_username,author_name,author_followercount,author_followingcount,author_heartcount,author_videocount,author_diggcount,author_verified,poi_name,poi_address,poi_city
7408115157898972449,2024-08-28T05:10:29,30,PL,169000,90300,5049,1500000,Тгк- в объятьях музыки💤 Название: Lalis Dream—Последний день лета #последнийденьлета #fypシ #fypシ #вобьятьяхмузыки #music #foryou #31августа ,False,,evko_durko,evko...,,,,,,False,,,
7409545513726397714,2024-09-01T01:40:57,10,EG,15300,1765,2323,97400,#разбитыекорабли💔😖 #последнийденьлета😭🥺 #разбитыекорабли💔😖 #последнийденьлета😭🥺 #разбитыекорабли💔😖 #последнийденьлета😭🥺 ,False,,gwozx,୨୧,,,,,,False,,,
7409218513279208722,2024-08-31T04:31:59,14,GB,52500,3578,62,524400,последний день лета #2024 ,False,,fedukoner,FEDUK,,,,,,True,,,
7409999894926068998,2024-09-02T07:04:15,15,UA,34,0,8,670,#CapCut  пездец #последнийденьлета😭🥺 #рекомендации #чо #оалкдкдадкщ  #AirMax ,False,,zenixqq,тапочки,,,,,,False,,,
7409413768859356424,2024-08-31T17:09:48,14,CA,279,21,8,3961,#1сентебря #школа #покалета #последнийденьлета😭🥺 #последнийденьлета #rec #foryou,False,,ressor7,Ressor,,,,,,False,,,
7404901419175660808,2024-08-19T13:19:26,5,KZ,59900,7261,1270,1500000,до школы 10 дней 😭 ,False,,sasshkinns,ТГК: сааша тут ✌🏻,,,,,,False,,,
7409998085276929286,2024-09-02T06:57:16,32,BY,68,1,0,526,#CapCut #vintageday #vintage #автовыставка #минскавто #винтаждэй2024 #последнийденьлета😭🥺 #путешествия #воспоминаниялета ,False,,mrs.volodkevich1,Елена,,,,,,False,,,
7409381426992286984,2024-08-31T15:04:14,28,US,78100,6220,1007,665700,Последний день лета | Twitch: drakeoffc #дрейк #дрейктвич #дрейк24 #drakeoffc #мазеллов #mazellovvv #mzlff #тошаt2x2 #t2x2 #twitch #твич #89sqd #89сквад #kussia #завертинвсюсериювывез ,False,,wiyshechka,Вьюшечка,,,,,,False,,,
7409149029122084114,2024-08-31T00:02:22,9,KG,24,6,3,317,Нам такие учебники хуесосные дали ещё #последнийденьлета #последнийденьлета😭🥺 #рек #щитпост ,False,,jenya.chertila.0u0,🦇🕸️ж3нько๑[she/any],,,,,,False,,,
7409255186943823150,2024-08-31T06:54:42,9,UA,196,132,7,3980,ребят я рыдаю в захлеб😭😭😭#mentixiw #последнийденьлета #горин #текст ,False,,mentixiw,ᴍᴇɴᴛɪxɪᴡ,,,,,,False,,,
7409199139659058438,2024-08-31T03:16:54,9,BY,15800,10000,428,164500,последний день лета 😭😭😭#😭#последний #день #лета #разбитые #корабли ,False,,ycatikot,усатый кот,,,,,,False,,,
7410111423340137746,2024-09-02T14:16:59,8,UZ,48,1,0,706,#последнийденьлета😭🥺 #одиночество #лето #autumn #2024 ,False,,imaloren,Рафаэль Реут,,,,,,False,,,
7409196823564324102,2024-08-31T03:07:53,151,KZ,34,1,0,472,Последний день лета 😭😭😭😭#последнийденьлета😭🥺 #увижемся_следующим_летом😘 #ещкереееее ,False,,user2781579760055,💪🏿💩🖕🏿,,,,,,False,,,
7409232589489245446,2024-08-31T05:26:41,12,UA,54,3,1,1568,#последнийденьлета😭🥺 ,False,,gta5.original,𝗴𝘁𝗮,,,,,,False,,,
7410211831341468946,2024-09-02T20:46:43,27,US,11,0,2,285,#1сентебря #последнийденьлета😭🥺 #багбравлстарс #бравл ,False,,kamado_880,циtresas,,,,,,False,,,
7409428278282439943,2024-08-31T18:06:15,30,BY,32,11,2,362,#последнийденьлета😭🥺 #лето #литвин #врек #rec #кондиции #лп #кошка #fyp #можнаврек ,False,,kssswem,kswem💋,,,,,,False,,,
7409279964316454150,2024-08-31T08:30:31,26,BY,57,5,1,618,#последнийденьлета😭🥺 ,False,,olesia__girl156,🇧🇾 Олеся🇧🇾,,,,,,False,,,
7273059811338554629,2023-08-30T06:26:41,5,BY,500800,75000,5992,5400000,Как тут не плакать..,False,,wlad.muzalev,Бадабумчик🧑🏼‍🦲,,,,,,False,,,
7409255163891911941,2024-08-31T06:54:19,20,BY,269200,41200,3398,2400000,тгк: eto_vova. СКОРО В ШКОЛУ😖😖😖@Тим-Томыч 🐢 @Глебыч🐢 #рекомендации #последнийденьлета #эх #школа #этовова ,False,,eto_vova3_4,GOSEROK🐢,,,,,,False,,,
7409369435271695633,2024-08-31T14:17:53,16,BY,18,1,0,435,#рекомендации #последнийденьлета😭🥺 ,False,,dasha95203,DASHA💖,,,,,,False,,,
7409177345619266824,2024-08-31T01:52:15,15,US,87,79,0,1047,#рек #дельфины #последнийденьлета😭🥺 #рекомендации ,False,,llllsonkalllll,СОНЯ🐵,,,,,,False,,,
7409414129741532433,2024-08-31T17:11:28,30,TM,9,0,0,1360,#гызылсув #кладбищекораблей #разбитыекорабли #прощайлето #последнийденьлета😭🥺 ,False,,lenokosokina,Ленок,,,,,,False,,,
7410057044822117637,2024-09-02T10:46:02,6,KZ,19,0,2,641,,False,,user2461198177365,★Emi★,,,,,,False,,,
7409167907873131781,2024-08-31T01:15:40,7,MD,45800,1783,181,2000000,Последний день лета 💚 #CapCut #врек #молдова #казахстан #тренд ,False,,ksiusha_petrovich,Ksiusha,,,,,,False,,,
7002372669362507009,2021-08-30T19:42:19,16,RU,141600,18000,4056,2000000,последний день лета 😔#чтотогрустное #грусть💔цитаты #футажи,False,,andrej.231,Что-то грустное,,,,,,False,,,
7409209632209603873,2024-08-31T03:57:35,8,DE,4,0,0,306,нет последний день лета 😭😭😭😭😭😭😭🥺🥺🥺😭😭🥺🥺🥺😤😤,False,,vladflaiz,FLAIZIK,,,,,,False,,,
7270520165228399877,2023-08-23T10:11:32,31,UA,59400,20500,1914,1100000,ПАСЛЄДНИЙ ДЕНЬ ЛЄТА😭#рекомендации ,False,,ispotify_music,Music 🎶,,,,,,False,,,
7408783610905513258,2024-08-30T00:24:23,16,BY,16000,9850,117,699700,#хорошегонастроения #здравствуйосень #вотилетопрошло #пожелание #хорошегодня #видеоназаказ #последнийденьлета ,False,,nata180777,Наталья Живага,,,,,,False,,,
7409044442021104902,2024-08-30T17:16:34,14,UA,21300,21800,434,217900,последний день лета #последнийденьлета #чозабретта #52 #дослободыдоедем? #литвин #кондиции #roblox #campus #кампусы #9mice #kaiangel ,False,,r4di4nc3,campusk1ng,,,,,,False,,,
7409042455540010258,2024-08-30T17:08:51,7,IL,71500,82600,746,1100000,#последнийденьлетаразбитыекорабли #почледнийденьлета #последнийденьлета ,False,,skzlif,⚔️🇮🇱 丰,,,,,,False,,,
7410101575873547541,2024-09-02T13:38:53,15,SA,16,0,0,189,(( #лето #последнийденьлета #рекомендации #кобачок ,False,,hejelsss,машка,,,,,,False,,,
7409867496607534341,2024-09-01T22:30:29,9,KZ,121,46,1,1165,#2021 #последнийденьлета #жиза #fyp #fup #рекомендации #рек ,False,,kazahstan614,MANIPULATOR,,,,,,False,,,
video_id,video_timestamp,video_duration,video_locationcreated,video_diggcount,video_sharecount,video_commentcount,video_playcount,video_description,video_is_ad,video_stickers,author_username,author_name,author_followercount,author_followingcount,author_heartcount,author_videocount,author_diggcount,author_verified,poi_name,poi_address,poi_city
7395915014453857578,2024-07-26T08:07:48,98,DE,2708,30,0,115300,Kai is now Homeless? #kai #kaicenat #kaicenatclips #livestream ,False,,pray4thegang,Pray4TheGang,,,,,,False,,,
7248915539261803782,2023-06-26T04:54:35,130,CL,446500,9548,925,4400000,spanish rizz #kai #kaicenat #stream #streamer #fail #live #livestream #twitch #gracioso #funny #humor #parati #foryou #foryoupage #fypシ #viral #xyzbca #español #spanish ,False,,_shindits_,ShinDits,,,,,,False,,,
7310253666038992161,2023-12-08T10:57:52,15,GB,20000,63,109,439600,"He tried getting away with 5'6"" 😂 #kai #kaicenat #esfand #esfandtv #twitch #livestream #height #short #fyp ",False,,zlawls,zlawls,,,,,,False,,,
7377132946324475178,2024-06-05T17:23:36,36,US,264500,1920,644,3200000,kai cenat gets emotional after hearing rayasianboy's happy birthday wishes @Rayasianboy @Kai Cenat #kaicenat #rayasianboy #streaming #livestream #fypage ,False,,got_clippedon,📷 Kai&Clips 📷,,,,,,False,,,
7257814070730951942,2023-07-20T04:25:25,23,CL,1400000,15800,1369,9800000,Los accidentes no existen 🐢#kai #kaicenat #stream #streamer #live #livestream #japon #japan #parati #foryou #foryourpage #fypシ #viral #xyzbca #fyp #humor #gracioso #funny #wholesome #twitch ,False,,_shindits_,ShinDits,,,,,,False,,,
7381259388482374954,2024-06-16T20:16:22,47,US,998,115,5,77500,Kevin Hart and Kai Cenat Live Stream Funny moments #kaicenat #kevinhart #livestream #blowthisup #funny ,False,,showmeclips,Showmeclips,,,,,,False,,,
7410359909880958241,2024-09-03T06:21:27,9,DE,59,6,0,341,We sure did#kaicenat #ishowspeed #livestream #fyp #viral #bsf #friend #sleepover #relatable #trending #fypシ゚ ,False,,fav_content_creators,real.,,,,,,False,,,
7257825719059746053,2023-07-20T05:10:36,23,CL,196600,14500,470,1400000,O también la pareja explosiva 😭 #kai #kaicenat #live #stream #streamer #livestream #japon #japan #parati #foryou #foryourpage #fypシ #viral #xyzbca #fyp #humor #gracioso #funny #wholesome #twitch ,False,,_shindits_,ShinDits,,,,,,False,,,
7374006972900740385,2024-05-28T07:28:47,16,NL,256,14,2,35700,Kai shows NA education playing Geoguessr PART 2 #twitch #twitchstreamer #streamer #twitchtv #twitchclips #clip #clips #funnyvideo #funnyvideos #memes #funnymemes #fyp #funny #funnyclips #live #livestream #livestreaming #meme #fypage #adhd #reaction #geoguessr #kai #kaicenat #geography #australia #austria #NA #education,False,,gimoh_clips,gimoh_clips,,,,,,False,,,
7213551466320104710,2023-03-22T21:43:59,7,GB,717200,80500,4555,6700000,This guy got the most random streams🤣😭😭 #kai#kaicenat#twitch#live#powerrangers#clip#funny#kc3#fyp#foryou#shortsgalore ,False,,shortsgalore,shorts,,,,,,False,,,
7281287752996523270,2023-09-21T10:35:17,60,ZA,74000,332,1025,929000,Kai Cenat reacts to Nasty c on the radar freestyle #kai #kaicenat #amp #livestream #nastyc #fypシ #viral ,False,,lastvlah,All_Available😶‍🌫️🫱🏻‍🫲🏾,,,,,,False,,,
7257759308169891099,2023-07-20T00:53:05,97,GB,584500,44500,3755,7900000,he aint even doing the same words😭 #kai#kaicenat#twitch#tiktoklive#npc#stream#fyp#shortsgalore ,False,,shortsgalore,shorts,,,,,,False,,,
7400835987686870314,2024-08-08T14:23:32,38,US,232,10,2,10200,Luh Tyler pulled up to Kai Cenat’s live stream 🤣 #kai #kaicenatclips #kaicenat #luhtyler #amp #tylil #foryou #foryoupage #turnt #livestream ,False,,ampguys,AMPGuys,,,,,,False,,,
7410394375991364910,2024-09-03T08:35:01,24,US,4,1,0,105,Almost got him 😅 Follow for more goofyness 🤪 #caseoh #agent #ishowspeed #kaicenat #jynxzi #sketch #fyp #fypage #gaming #gamer #streamer #newstreamer #stream #twitch #clip #gamerclips #dukedennis #reels #relatable #trending #tiktok #live #livestreaming #gamingcommunity #twitchtv #famous,False,,misterclippington,misterclippington,,,,,,False,,,
7340975291990428936,2024-02-29T05:53:42,85,ID,905000,2729,2814,13200000,humble banget ya si Kai Cenat 👏 Youtube : Kai Cenat Live #kai #kaicenat #anitamaxwynn #duniagamesesports,False,,duniagames.esports.id,duniagames.esports.id,,,,,,False,,,
7409685488065383711,2024-09-01T10:44:17,36,US,1,1,0,69,Duke Dennis crashes out on his chat for body shaming a girl. W Duke Dennis for standin on business. #dukedennis #amp #streamer #streamerclips #kaicenat #livestream #kickstreamer #kick #foryou #fyp #fypage #fypシ゚viral #teamwork #blowthisupforme ,False,,nofeinz,WFindsBIZ,,,,,,False,,,
7238108196022340866,2023-05-28T01:56:38,63,AU,58800,1282,917,395800,Kai Cenat praying on livestream 🙏✝️ Amen! #fyp #foryou #foryoupage #christiantiktok #gospelvideos #christianity #prayer ,False,,christianempire_,Christian Empire,,,,,,False,,,
video_id,video_timestamp,video_duration,video_locationcreated,video_diggcount,video_sharecount,video_commentcount,video_playcount,video_description,video_is_ad,video_stickers,author_username,author_name,author_followercount,author_followingcount,author_heartcount,author_videocount,author_diggcount,author_verified,poi_name,poi_address,poi_city
7183546144830639403,2023-01-01T00:08:00,21,US,222000,5603,4057,2800000,OHIO STATE MISSES THE KICK. GEORGIA IS GOING TO THE NATIONAL CHAMPIONSHIP 😱 #collegefootball ,False,,espn,ESPN,,,,,,True,,,
7183554505424899371,2023-01-01T00:40:28,12,US,339200,14000,10100,3200000,#ohiostate #georgia #collegefootball ,False,,espn,ESPN,,,,,,True,,,
7182961186000981294,2022-12-30T10:18:24,36,US,46200,540,821,8000000,We’re so ready for this 🔥🔥 #playoff  #georiga #michigan #tcu #ohiostate #collegefootball ,True,,collegegameday,College GameDay,,,,,,True,,,
7172987062289960238,2022-12-03T13:13:29,9,US,5163,68,22,60000,Got us in a trance 😵‍💫 #gameday #collegefootball #tcu #hornedfrogs ,False,,collegegameday,College GameDay,,,,,,True,,,
7182595813741235502,2022-12-29T10:40:31,20,US,19500,341,294,5500000,This is when legends are made 🏆 #collegefootball #georgia #ohiostate #michigan #tcu,True,,collegegameday,College GameDay,,,,,,True,,,
7177807116386700587,2022-12-16T12:57:41,41,US,1300000,89400,5066,14700000,One of the WILDEST endings in #CFB history 😳 (h/t Football_Tweets/TW) #collegefootball #westernmichigan #ballstate #football ,False,,collegegameday,College GameDay,,,,,,True,,,
7155228448150080811,2022-10-16T17:40:51,16,US,495100,6828,984,5300000,#TennesseeFootball fans took the #goalpost everywhere! #collegefootball ,False,,omar,Omar Raja,,,,,,True,,,
7175209235200920874,2022-12-09T12:56:46,28,US,417500,860,645,14700000,I got to be at one of the best #CollegeFootball competitions when I was on field at the #DrPepperTuitionGiveaway #DrPepperPartner #ad  ,True,,omar,Omar Raja,,,,,,True,,,
7145472885212351790,2022-09-20T10:44:48,148,US,613900,3603,408,6600000,PART 2 of Eli Manning going undercover to try out for Penn State 😂👏 #nfl #collegefootball #elimanning ,False,,espn,ESPN,,,,,,True,,,
7184181933113380138,2023-01-02T17:15:13,38,US,239800,1464,824,2000000,Tulane beats USC in the Cotton Bowl after this was overturned 😱 #uscfootball #tulane #collegefootball #cfb ,False,,espn,ESPN,,,,,,True,,,
7182986592519277870,2022-12-30T11:56:50,10,US,260200,2562,532,3400000,One of the best college football plays you’ll ever see 😱 #collegefootball #cfb #football #trickplay,False,,espn,ESPN,,,,,,True,,,
7177058171054198059,2022-12-14T12:31:44,41,US,644100,31500,887,6300000,One of the best Mike Leach stories out there 🏈 #collegefootball #cfb ,False,,247sports,247Sports,,,,,,True,,,
7183475849235074347,2022-12-31T19:35:13,33,US,770300,18300,1520,5200000,Congratulations! #rg3 #cfp #collegefootball ,False,,espn,ESPN,,,,,,True,,,
7174279540632522026,2022-12-07T00:49:07,186,US,582000,17300,962,6100000,#wisconsinbadgers #Wisconsin #JJWatt #jjwatt #NFL #arizonacardinals #CollegeFootball #recruitingadvice #recruitingtips ,False,,gridironrr,GridironRR,,,,,,False,,,
7180486795988045102,2022-12-23T18:16:12,10,US,404400,10000,871,5000000,Play of the year 😤 #cfb #collegefootball #mvp ,False,,espn,ESPN,,,,,,True,,,
7183493340292304171,2022-12-31T20:43:06,10,US,244400,882,331,4700000,"Coming in at No.1 on our most viewed videos of the year, this was ruled a touchback. But the effor does not go unnoticed 😤#college #collegefootball #cfb #rutgers #effort #amazing ",False,,cfbonfox,CFB on FOX,,,,,,True,,,
7173118887351897386,2022-12-03T21:44:57,20,US,51600,1207,522,2400000,$100K for two worthy competitors in the @drpepper Tuition Toss. #collegefootball #cfb ,True,,cbssports,CBS Sports,,,,,,True,,,
7183596577691389227,2023-01-01T03:23:52,90,US,201200,47600,2152,2100000,ringing in the New Year in epic fashion 🤯 #sec #collegefootball #nye #georgia ,False,,sec,SEC,,,,,,True,Mercedes-Benz Stadium,"1 AMB Dr NW, Atlanta, GA 30313, United States",Atlanta
7172185589704576302,2022-12-01T09:23:20,23,US,8710,73,23,184900,This punt return in the 2011 SEC Championship was one of many examples of Tyrann Mathieu being special for #LSU. #collegefootball #cfb ,False,,cbssports,CBS Sports,,,,,,True,,,
7172932923010731306,2022-12-03T09:43:46,18,US,5001,11,34,43800,They’re really besties at heart 🤭 #gameday #tcu #kstate #collegefootball #big12 ,False,,collegegameday,College GameDay,,,,,,True,,,
7172800081090104622,2022-12-03T01:08:04,9,US,6617,31,33,99100,CHAMP THINGS 🙌 #Pac12FCG #UtahFootball #CollegeFootball ,False,,pac12network,Pac-12,,,,,,True,Allegiant Stadium,"Paradise, Clark, Nevada 89118, USA",Las Vegas
7173505913276484906,2022-12-04T22:46:53,50,US,2635,39,8,35400,"i may be a cougar, but i got that dawg in me 🩻 🐶 #collegefootball #cosmo #stunt ",False,,cosmo_cougar,Cosmo the Cougar,,,,,,False,Provo,"Utah, United States",
7173037964702862638,2022-12-03T16:30:57,25,US,194,1,2,16500,Who’s ready for college football playoffs to have 12 TEAM?! 🙋🏻‍♀️ (@Rei) #CollegeFootball #cfbplayoff #bowlgames  #greenscreenvideo ,False,,whistle,Whistle,,,,,,True,,,
7173034855704595758,2022-12-03T16:18:54,43,US,893,10,11,9855,TOL 🚀 #toledorockets #CollegeFootball #maction #champs ,False,,macsports,MAC SPORTS,,,,,,False,Ford Field,"151 N Griswold, Northville, United States",Northville
7171938020625501483,2022-11-30T17:22:35,8,US,54700,390,69,499100,i really do be soarin’ and flyin’ 🫡 #cosmo #collegefootball #skydiving ,False,,cosmo_cougar,Cosmo the Cougar,,,,,,False,Provo,"Utah, United States",
7409349061179985194,2024-08-31T12:58:37,11,US,51900,572,438,308500,Cade Klubnick dropped a DIME to Antonio Williams 🎯 (via @CFB on FOX) #clemson #georgia #collegefootball #cfb25 #d1 ,False,,overtimeszn,Overtimeszn,,,,,,True,,,
7410102476377967903,2024-09-02T13:42:20,73,US,44500,2283,238,254300,Taking the field for the first time of the 2024 College Football Season ‼️ #collegefootball #footballtiktok #football #footballedit ,False,,olemissfootball,Ole Miss Football,,,,,,True,Vaught-Hemingway Stadium,"All American Dr, Lafayette, Mississippi 38677, USA",Oxford
7408534304315149599,2024-08-29T08:17:00,55,US,1600000,58000,3816,14300000,COLLEGE FOOTBALL WEEK ONE 🗣🗣LET’S GOOOOO @Alabama Athletics @Georgia Football #TBT #collegefootball #alabama #alabamafootball #bama #rolltide #crimsontide #georgia #georgiafootball #ncaa #ncaafootball #sports #sportstok #football #patmcafee #patmcafeeshow #thepatmcafeeshow #thepatmcafeeshowclips #mcafee #pmslive ,False,,patmcafeeshowofficial,Pat McAfee Show Clips,,,,,,True,,,
7410254985096858926,2024-09-02T23:34:05,13,US,7069,177,56,52400,Boston College just beat Florid State 🚨 #cfb #damn #wild #football ,False,,overtimeszn,Overtimeszn,,,,,,True,,,
7408760239320747294,2024-08-29T22:53:42,15,US,75000,1748,209,450100,The flawda dance is going to take over this season 🫡 #collegefootball #cfp #CFBonFOX #illinois #flawda ,False,,cfbonfox,CFB on FOX,,,,,,True,,,
7410048830911073567,2024-09-02T10:14:18,32,US,92400,3678,380,371400,these yns different 😭 #kyrenlacy #lsufootball #collegefootball      *all props in video*,False,,flockrams,flockrams,,,,,,False,,,
7410099612880686366,2024-09-02T13:31:14,64,US,26000,346,80,187800,Anthony Hankerson & Jam Griffin combined for 315 yards (160+155) and 4 TDs! 🤯 #oregonstate #gobeavs #beaverfootball #collegefootball #top10 #pac12 #thecwsports #WSCSports ,False,,pac12network,Pac-12,,,,,,True,,,
7406802786148535594,2024-08-24T16:17:47,8,US,220400,13400,1085,2900000,Kyle Efford leads the nation in 😤 #collegefootball ,False,,cbssports,CBS Sports,,,,,,True,,,
7400422062487080235,2024-08-07T11:37:19,12,US,1663,45,38,69200,Legendary play on College Football 25 🔥 #cfb #collegefootball ,False,,247sports,247Sports,,,,,,True,,,
7409576237158485278,2024-09-01T03:40:40,10,US,82500,705,169,904900,Tough by Jadarian Price 🔥 #notredame #cfb #collegefootball,False,,espn,ESPN,,,,,,True,,,
video_id,video_timestamp,video_duration,video_locationcreated,video_diggcount,video_sharecount,video_commentcount,video_playcount,video_description,video_is_ad,video_stickers,author_username,author_name,author_followercount,author_followingcount,author_heartcount,author_videocount,author_diggcount,author_verified,poi_name,poi_address,poi_city
7299913188672277790,2023-11-10T14:11:33,39,US,6,0,1,268,Try this!  Showing some love and happiness! #fyp #love #happiness #hope #believe #wecan ,False,,mattiegtv,mattiegtv,,,,,,False,,,
7286605927132810527,2023-10-05T18:32:43,18,US,34,0,0,300,Bear searching for salmon! #bear #alaska #katmainationalpark ,False,,mattiegtv,mattiegtv,,,,,,False,Brooks Lodge Katmai National Park,"4125 Aircraft Dr, Anchorage, United States",Anchorage
7410176959281630510,2024-09-02T18:31:17,8,US,9,2,0,306,#dmv #slimegetem #babychiefdoit #sugarhillddot #starbandz #dukedennis #dukedennisfunny #ampdukedennis #dukedennislive #dukedennissneakershoppingkaicenat #dukeandkai #kaicenatfunny #funny #amp #fyp #funny #edit #trend #love #foryourpage #fyppppppppppppppppppppppp #capcut #viraltiktok #blowthisup #robloxfyp #robloxmemes #nostalgia #gravityfalls #itendswithus #billcipher #ifondo #itendswithusmovie #blakelively #rushtok #colleenhoover #bookofbill #tgif #novelshort #kingvon #bamarush #happyfriday #theumbrellaacademy #tiktokbacktoschool #rush #lospollostv #itendswithusbook #sorority #icespice #icespicememes #FYP #icespicevsnickiminaj #kaicenat #kaicenatlivestream #kaicenatlive #best #music #moves #games #memes #jokes #arshadnadeem #ilybloom #breakdancing #aftereffects #onlinevideoediting #videotemplate #football #edit #4k #borderlands #reflection #Preseason #recruitment #dailyprayer #whitneyhouston #therizzler #breakdance #privatelabeltest #airball #cucumbersalad #loveshackfancy #robloxfy #sororityrecruitment #blueface #friyay #shawnmendes #bamarushtok #bigjustice #yungmiami #jamielee #808 #ohyes #dipper #shanteltessier #starbandz #madness #aidangallagher #leagueoflegend #diegohargreeves #mevale #billford #klaushargreeves #emilie #gravityfallsbill #joemilton #matpat #d23expo #five #rushready #saopaulo #saucysantana #dragonforce #pigtails #caresha #babybill #ilapitts #US803 #nationalbookloversday #riots #nf|preseason #fordpines #moveinday #stanleypines #meperdientusojos #esb #US804 #fishing #bassfishing #kayakfishing #michiganfishing #kayakbassfishing #basskayakfishing #alaska #topwater #bass #loveit #ohya #mattiegtv #newenglandpatriots #lutherhargreeves #allisonhargreeves #mabel,False,,dkdnfetub9u,dkdnfetub9u,,,,,,False,,,
7410246702319324447,2024-09-02T23:02:02,8,US,16,4,0,328,#dukedennis #dukedennisfunny #ampdukedennis #dukedennislive #dukedennissneakershoppingkaicenat #dukeandkai #kaicenatfunny #funny #amp #fyp #funny #edit #trend #love #foryourpage #fyppppppppppppppppppppppp #capcut #viraltiktok #blowthisup #robloxfyp #robloxmemes #nostalgia #gravityfalls #itendswithus #billcipher #ifondo #itendswithusmovie #blakelively #rushtok #colleenhoover #bookofbill #tgif #novelshort #kingvon #bamarush #happyfriday #theumbrellaacademy #tiktokbacktoschool #rush #lospollostv #itendswithusbook #sorority #icespice #icespicememes #fyp #icespicevsnickiminaj #kaicenat #kaicenatlivestream #kaicenatlive #best #music #moves #games #memes #jokes #arshadnadeem #ilybloom #breakdancing #aftereffects #onlinevideoediting #videotemplate #football #edit #4k #borderlands #reflection #Preseason #recruitment #dailyprayer #whitneyhouston #therizzler #breakdance #privatelabeltest #airball #cucumbersalad #loveshackfancy #robloxfy #sororityrecruitment #blueface #friyay #shawnmendes #bamarushtok #bigjustice #yungmiami #jamielee #808 #ohyes #dipper #shanteltessier #starbandz #madness #aidangallagher #leagueoflegend #diegohargreeves #mevale #billford #klaushargreeves #emilie #gravityfallsbill #joemilton #matpat #d23expo #five #rushready #saopaulo #saucysantana #dragonforce #pigtails #caresha #babybill #ilapitts #US803 #nationalbookloversday #riots #nf|preseason #fordpines #moveinday #stanleypines #meperdientusojos #esb #US804 #fishing #bassfishing #kayakfishing #michiganfishing #kayakbassfishing #basskayakfishing #alaska #topwater #bass #loveit #ohya #mattiegtv #newenglandpatriots #lutherhargreeves #allisonhargreeves #mabel ,False,,987h367,h,,,,,,False,,,
7410281032575929630,2024-09-03T01:15:24,8,US,8,6,0,348,#dukedennis #dukedennisfunny #ampdukedennis #dukedennislive #dukedennissneakershoppingkaicenat #dukeandkai #kaicenatfunny #funny #amp #fyp #funny #edit #trend #love #foryourpage #fyppppppppppppppppppppppp #capcut #viraltiktok #blowthisup #robloxfyp #robloxmemes #nostalgia #gravityfalls #itendswithus #billcipher #ifondo #itendswithusmovie #blakelively #rushtok #colleenhoover #bookofbill #tgif #novelshort #kingvon #bamarush #happyfriday #theumbrellaacademy #tiktokbacktoschool #rush #lospollostv #itendswithusbook #sorority #icespice #icespicememes #fyp #icespicevsnickiminaj #kaicenat #kaicenatlivestream #kaicenatlive #best #music #moves #games #memes #jokes #arshadnadeem #ilybloom #breakdancing #aftereffects #onlinevideoediting #videotemplate #football #edit #4k #borderlands #reflection #Preseason #recruitment #dailyprayer #whitneyhouston #therizzler #breakdance #privatelabeltest #airball #cucumbersalad #loveshackfancy #robloxfy #sororityrecruitment #blueface #friyay #shawnmendes #bamarushtok #bigjustice #yungmiami #jamielee #808 #ohyes #dipper #shanteltessier #starbandz #madness #aidangallagher #leagueoflegend #diegohargreeves #mevale #billford #klaushargreeves #emilie #gravityfallsbill #joemilton #matpat #d23expo #five #rushready #saopaulo #saucysantana #dragonforce #pigtails #caresha #babybill #ilapitts #US803 #nationalbookloversday #riots #nf|preseason #fordpines #moveinday #stanleypines #meperdientusojos #esb #US804 #fishing #bassfishing #kayakfishing #michiganfishing #kayakbassfishing #basskayakfishing #alaska #topwater #bass #loveit #ohya #mattiegtv #newenglandpatriots #lutherhargreeves #allisonhargreeves #mabel ,False,,46c5789,t,,,,,,False,,,
7410247305791573279,2024-09-02T23:04:21,8,US,10,5,0,263,#dukedennis #dukedennisfunny #ampdukedennis #dukedennislive #dukedennissneakershoppingkaicenat #dukeandkai #kaicenatfunny #funny #amp #fyp #funny #edit #trend #love #foryourpage #fyppppppppppppppppppppppp #capcut #viraltiktok #blowthisup #robloxfyp #robloxmemes #nostalgia #gravityfalls #itendswithus #billcipher #ifondo #itendswithusmovie #blakelively #rushtok #colleenhoover #bookofbill #tgif #novelshort #kingvon #bamarush #happyfriday #theumbrellaacademy #tiktokbacktoschool #rush #lospollostv #itendswithusbook #sorority #icespice #icespicememes #fyp #icespicevsnickiminaj #kaicenat #kaicenatlivestream #kaicenatlive #best #music #moves #games #memes #jokes #arshadnadeem #ilybloom #breakdancing #aftereffects #onlinevideoediting #videotemplate #football #edit #4k #borderlands #reflection #Preseason #recruitment #dailyprayer #whitneyhouston #therizzler #breakdance #privatelabeltest #airball #cucumbersalad #loveshackfancy #robloxfy #sororityrecruitment #blueface #friyay #shawnmendes #bamarushtok #bigjustice #yungmiami #jamielee #808 #ohyes #dipper #shanteltessier #starbandz #madness #aidangallagher #leagueoflegend #diegohargreeves #mevale #billford #klaushargreeves #emilie #gravityfallsbill #joemilton #matpat #d23expo #five #rushready #saopaulo #saucysantana #dragonforce #pigtails #caresha #babybill #ilapitts #US803 #nationalbookloversday #riots #nf|preseason #fordpines #moveinday #stanleypines #meperdientusojos #esb #US804 #fishing #bassfishing #kayakfishing #michiganfishing #kayakbassfishing #basskayakfishing #alaska #topwater #bass #loveit #ohya #mattiegtv #newenglandpatriots #lutherhargreeves #allisonhargreeves #mabel ,False,,47v975,h,,,,,,False,,,
7289451993834327297,2023-10-13T10:36:44,36,VN,149,31,108,55000,"Mình uống mới 3 cốc tv sữa vàng đặc hơn.Uống dc 3 ngày ngực căng tức. Cữ sáng hút 2 bên dc 450ml . Bthg cữ sáng mình hút dc 350ml. Các mom cơ địa ít sữa, sữa loãng mua về dùng thử xem sao ạ😍 #mattimum #loisua #sua #xuhuong2023 #tiktok #mebimsua #mebim ",False,,ngan_ta0410,Tạ Ngân,,,,,,False,Nam Dinh,"Nam Dinh, Vietnam",
7410152612231679274,2024-09-02T16:56:48,8,US,12,12,0,428,#dukedennis #dukedennisfunny #ampdukedennis #dukedennislive #dukedennissneakershoppingkaicenat #dukeandkai #kaicenatfunny #funny #amp #fyp #funny #edit #trend #love #foryourpage #fyppppppppppppppppppppppp #capcut #viraltiktok #blowthisup #robloxfyp #robloxmemes #nostalgia #gravityfalls #itendswithus #billcipher #ifondo #itendswithusmovie #blakelively #rushtok #colleenhoover #bookofbill #tgif #novelshort #kingvon #bamarush #happyfriday #theumbrellaacademy #tiktokbacktoschool #rush #lospollostv #itendswithusbook #sorority #icespice #icespicememes #fyp #icespicevsnickiminaj #kaicenat #kaicenatlivestream #kaicenatlive #best #music #moves #games #memes #jokes #arshadnadeem #ilybloom #breakdancing #aftereffects #onlinevideoediting #videotemplate #football #edit #4k #borderlands #reflection #Preseason #recruitment #dailyprayer #whitneyhouston #therizzler #breakdance #privatelabeltest #airball #cucumbersalad #loveshackfancy #robloxfy #sororityrecruitment #blueface #friyay #shawnmendes #bamarushtok #bigjustice #yungmiami #jamielee #808 #ohyes #dipper #shanteltessier #starbandz #madness #aidangallagher #leagueoflegend #diegohargreeves #mevale #billford #klaushargreeves #emilie #gravityfallsbill #joemilton #matpat #d23expo #five #rushready #saopaulo #saucysantana #dragonforce #pigtails #caresha #babybill #ilapitts #US803 #nationalbookloversday #riots #nf|preseason #fordpines #moveinday #stanleypines #meperdientusojos #esb #US804 #fishing #bassfishing #kayakfishing #michiganfishing #kayakbassfishing #basskayakfishing #alaska #topwater #bass #loveit #ohya #mattiegtv #newenglandpatriots #lutherhargreeves #allisonhargreeves #mabel ,False,,g646221,g,,,,,,False,,,
7410273852212792619,2024-09-03T00:47:21,8,US,9,1,0,264,#dukedennis #dukedennisfunny #ampdukedennis #dukedennislive #dukedennissneakershoppingkaicenat #dukeandkai #kaicenatfunny #funny #amp #fyp #funny #edit #trend #love #foryourpage #fyppppppppppppppppppppppp #capcut #viraltiktok #blowthisup #robloxfyp #robloxmemes #nostalgia #gravityfalls #itendswithus #billcipher #ifondo #itendswithusmovie #blakelively #rushtok #colleenhoover #bookofbill #tgif #novelshort #kingvon #bamarush #happyfriday #theumbrellaacademy #tiktokbacktoschool #rush #lospollostv #itendswithusbook #sorority #icespice #icespicememes #fyp #icespicevsnickiminaj #kaicenat #kaicenatlivestream #kaicenatlive #best #music #moves #games #memes #jokes #arshadnadeem #ilybloom #breakdancing #aftereffects #onlinevideoediting #videotemplate #football #edit #4k #borderlands #reflection #Preseason #recruitment #dailyprayer #whitneyhouston #therizzler #breakdance #privatelabeltest #airball #cucumbersalad #loveshackfancy #robloxfy #sororityrecruitment #blueface #friyay #shawnmendes #bamarushtok #bigjustice #yungmiami #jamielee #808 #ohyes #dipper #shanteltessier #starbandz #madness #aidangallagher #leagueoflegend #diegohargreeves #mevale #billford #klaushargreeves #emilie #gravityfallsbill #joemilton #matpat #d23expo #five #rushready #saopaulo #saucysantana #dragonforce #pigtails #caresha #babybill #ilapitts #US803 #nationalbookloversday #riots #nf|preseason #fordpines #moveinday #stanleypines #meperdientusojos #esb #US804 #fishing #bassfishing #kayakfishing #michiganfishing #kayakbassfishing #basskayakfishing #alaska #topwater #bass #loveit #ohya #mattiegtv #newenglandpatriots #lutherhargreeves #allisonhargreeves #mabel ,False,,u571064,u,,,,,,False,,,
7410280996601466142,2024-09-03T01:15:20,8,US,8,10,0,327,#dukedennis #dukedennisfunny #ampdukedennis #dukedennislive #dukedennissneakershoppingkaicenat #dukeandkai #kaicenatfunny #funny #amp #fyp #funny #edit #trend #love #foryourpage #fyppppppppppppppppppppppp #capcut #viraltiktok #blowthisup #robloxfyp #robloxmemes #nostalgia #gravityfalls #itendswithus #billcipher #ifondo #itendswithusmovie #blakelively #rushtok #colleenhoover #bookofbill #tgif #novelshort #kingvon #bamarush #happyfriday #theumbrellaacademy #tiktokbacktoschool #rush #lospollostv #itendswithusbook #sorority #icespice #icespicememes #fyp #icespicevsnickiminaj #kaicenat #kaicenatlivestream #kaicenatlive #best #music #moves #games #memes #jokes #arshadnadeem #ilybloom #breakdancing #aftereffects #onlinevideoediting #videotemplate #football #edit #4k #borderlands #reflection #Preseason #recruitment #dailyprayer #whitneyhouston #therizzler #breakdance #privatelabeltest #airball #cucumbersalad #loveshackfancy #robloxfy #sororityrecruitment #blueface #friyay #shawnmendes #bamarushtok #bigjustice #yungmiami #jamielee #808 #ohyes #dipper #shanteltessier #starbandz #madness #aidangallagher #leagueoflegend #diegohargreeves #mevale #billford #klaushargreeves #emilie #gravityfallsbill #joemilton #matpat #d23expo #five #rushready #saopaulo #saucysantana #dragonforce #pigtails #caresha #babybill #ilapitts #US803 #nationalbookloversday #riots #nf|preseason #fordpines #moveinday #stanleypines #meperdientusojos #esb #US804 #fishing #bassfishing #kayakfishing #michiganfishing #kayakbassfishing #basskayakfishing #alaska #topwater #bass #loveit #ohya #mattiegtv #newenglandpatriots #lutherhargreeves #allisonhargreeves #mabel ,False,,46c5789,t,,,,,,False,,,
7410281068596645150,2024-09-03T01:15:38,8,US,7,3,0,331,#dukedennis #dukedennisfunny #ampdukedennis #dukedennislive #dukedennissneakershoppingkaicenat #dukeandkai #kaicenatfunny #funny #amp #fyp #funny #edit #trend #love #foryourpage #fyppppppppppppppppppppppp #capcut #viraltiktok #blowthisup #robloxfyp #robloxmemes #nostalgia #gravityfalls #itendswithus #billcipher #ifondo #itendswithusmovie #blakelively #rushtok #colleenhoover #bookofbill #tgif #novelshort #kingvon #bamarush #happyfriday #theumbrellaacademy #tiktokbacktoschool #rush #lospollostv #itendswithusbook #sorority #icespice #icespicememes #fyp #icespicevsnickiminaj #kaicenat #kaicenatlivestream #kaicenatlive #best #music #moves #games #memes #jokes #arshadnadeem #ilybloom #breakdancing #aftereffects #onlinevideoediting #videotemplate #football #edit #4k #borderlands #reflection #Preseason #recruitment #dailyprayer #whitneyhouston #therizzler #breakdance #privatelabeltest #airball #cucumbersalad #loveshackfancy #robloxfy #sororityrecruitment #blueface #friyay #shawnmendes #bamarushtok #bigjustice #yungmiami #jamielee #808 #ohyes #dipper #shanteltessier #starbandz #madness #aidangallagher #leagueoflegend #diegohargreeves #mevale #billford #klaushargreeves #emilie #gravityfallsbill #joemilton #matpat #d23expo #five #rushready #saopaulo #saucysantana #dragonforce #pigtails #caresha #babybill #ilapitts #US803 #nationalbookloversday #riots #nf|preseason #fordpines #moveinday #stanleypines #meperdientusojos #esb #US804 #fishing #bassfishing #kayakfishing #michiganfishing #kayakbassfishing #basskayakfishing #alaska #topwater #bass #loveit #ohya #mattiegtv #newenglandpatriots #lutherhargreeves #allisonhargreeves #mabel ,False,,46c5789,t,,,,,,False,,,
video_id,video_timestamp,video_duration,video_locationcreated,video_diggcount,video_sharecount,video_commentcount,video_playcount,video_description,video_is_ad,video_stickers,author_username,author_name,author_followercount,author_followingcount,author_heartcount,author_videocount,author_diggcount,author_verified,poi_name,poi_address,poi_city
7367179806271638826,2024-05-09T21:40:23,37,US,1300000,38300,3617,9300000,his face at the end😭😭😭 #kaicenat #kaicenatlive #ampkaicenat #kaimafia #amp⚡️ #cenatupdates #fypシ #xbcyza @Kai Cenat ,False,,cenatupdates,cenatupdates,,,,,,False,Cumming,"Iowa, United States",
7395811217735994657,2024-07-26T01:25:17,31,US,164400,21400,963,3000000,#KaiCenat almost risked it all 😭 #IceSpice #HipHopforu #hiphop #hiphopmusic #hiphopdance #music #musician #rap #rapper #rapping #freestyle #freestylerap #concert #live #stream #livestream #livestreamer #streamer #song #sing #dance #singer #dancer #singing #dancing #trending #trend #trendingsong #trendingsound #explore #explorepage #foryou #foru #foryoupage #forupage #fypage #4u #4upage #4youpage #fu #fup #fyp #fypシ #fypシ゚viral #viral #fy #edit #funny #lol ,False,,hiphopforu,Hip-Hop for u,,,,,,False,,,
7395982557558394142,2024-07-26T12:29:59,19,US,137300,3885,379,3400000,#kaicenatclips #kaicenatlive #viral #foryoupage,False,,gyro1066,gyro,,,,,,False,,,
7349021089332333866,2024-03-21T23:15:43,75,US,408200,2035,2932,3000000,Yea theyy alll bugging ngl def aint #kai #kaicenatclips #kaicenat #kaicenattv #kaicenatfunnymoments #kaicenatlive #kaicenatedit #fyp #trending ,False,,savvysnips,Cking,,,,,,False,,,
7385625481074281760,2024-06-28T14:39:00,8,GB,10900,109,63,795100,Live now join #kaicenat @Kai Cenat ,False,,stunnalive_,stunnanwlive,,,,,,False,,,
7279083301925604613,2023-09-15T12:00:53,20,EG,497900,699,869,3400000,The motion is crazyy🔥#fyp #viral #blowthisup #kaicenat #school #motion #viewers #twitch #live #stream #breakfast ,False,,kappaura,kappaura,,,,,,False,,,
7362003318819851562,2024-04-25T22:53:18,60,US,1373,68,8,67400,kai cenat is making guests go through tsa on stream now 💀 || #kaicenat #viral #kaicenatlive #foryou @Kai Cenat ,False,,clippedplug,clippedplug,,,,,,False,,,
7410403195618331950,2024-09-03T09:09:12,123,US,10,0,0,184,#loyalty #loyaltytest #unloyal #unfaithful #faithful #relationship #relationships #cheater #4k #caught #zaaylive #fypage #foryou #foryoupage #live #twitch #trending #viral #foryoupage❤️❤️ #foru #fypシ゚viral #fyppppppppppppppppppppppp #kaicenat #ishowspeed #adinross #twitch #bakjayc #bakjay #crazy ,False,,zaaylive,Zaay,,,,,,False,,,
7257759308169891099,2023-07-20T00:53:05,97,GB,584500,44500,3755,7900000,he aint even doing the same words😭 #kai#kaicenat#twitch#tiktoklive#npc#stream#fyp#shortsgalore ,False,,shortsgalore,shorts,,,,,,False,,,
7396625649756146976,2024-07-28T06:05:24,22,DK,410800,5402,1399,4200000,#viral#kaicenat#icespice#centralcee#madz#madeline#fyp ,False,,diyaneforu24k,urgirldii,,,,,,False,,,
7323067602614455595,2024-01-11T23:42:38,21,US,268700,2122,1021,1900000,remix go crazyyy #kaicenat #kaicenatlive #ampkaicenat #kaimafia #amp⚡️ #cenatupdates #fypシ #xybca ,False,,cenatupdates,cenatupdates,,,,,,False,Gang Activity,"South Prairie Avenue, Sioux Falls, Minnehaha County, South Dakota, US-SD, 57105, United States",Sioux Falls
7317527614002892074,2023-12-28T01:24:38,28,US,658300,4312,3406,5600000,back again #kaicenat #kaicenatlive #ampkaicenat #kaimafia #amp⚡️ #cenatupdates #fypシ #xybca ,False,,cenatupdates,cenatupdates,,,,,,False,Mommiesmilk,"3334 Willoughby Rd, Parkville, United States",Parkville
7323831127712763182,2024-01-14T01:05:47,64,US,1000000,2869,1912,9900000,Nah kaleel is a w brother for that 😭 #kaicenat #fyp ,False,,realadinfinesserplug,Plug Finesser 🔌,,,,,,False,,,
7395781589977910571,2024-07-25T23:29:56,14,US,45400,1750,119,919300,#fyp #vertcapalot #kaicenat #streamer #twitchstreamer #fypシ゚viral #kaiicespice #amp #viraltiktok #viralclips #explorepage #blowthisup #kaicenatlive #icespiceeedit #ice ,False,,vertcapalot,King,,,,,,False,,,
7387915542562180398,2024-07-04T18:45:38,45,US,10700,182,53,211400,@Kai Cenat song of the summer 😂🔥 (via @whatnycsoundslike) Hashtags: #KaiCenat #DeeBillz #KyleRichh #Beckham #Viral #Emote #GIF #Edit #Trending #KaiCenatClips #KaiCenatFunnyMoments #KaiCenatLive #KaiCenatTwitch #KaiCenatEdit #KaiCenatEdits #KaiCenatDancing #TikTok #RickRoss #KevinGates #MikeEpps #GIFS #ForYou #FYP #ForYouPage #BeckhamChallenge #Trend #DrillHype #DrillHypeENT #DukeDeuce #CrunkAintDead #ProjectPat #IfYouAintFromMyHood #WhatNYCSoundsLike,False,,drill_hype_entertainment,Drill Hype,,,,,,False,New York,"New York, United States",
7373037671242943777,2024-05-25T16:31:54,25,GB,758700,4548,505,3800000,ariana knew what she was doingg 😭 anywho wasn’t expecting her to say that @ariana #arianagreenblatt #arianagreenblattedit #aestheticedit #videostar #tiktok #ariana #arianalive #foryoupage #edits #foru #fypp #trending #dissedit #dontflop #kaicenat #kaicenatlive #amp #streamer #arianagreenblattfyp #crush panning: @౨ৎ ,False,,arianablatts,♱,,,,,,False,,,
7340073164120083755,2024-02-26T19:32:51,27,US,114000,336,206,750500,kai reacts to his viewers music #fyp #kaicenat #reaction #clip #live #rnb #viral #kaicenatclips #kai ,False,,breezeebaby,Breezee,,,,,,False,,,
7348873709697944837,2024-03-21T13:43:19,32,JM,271400,11100,1254,3300000,Bro how😭 #kaicenat #food #hairgrowth #fyp #viral ,False,,grandwizardchatnxggaa,Chatnxgga🤧,,,,,,False,,,
7319257563420249390,2024-01-01T17:17:51,12,US,61600,262,118,698700,#KaiCenat with a quick message leaving Harbor in NYC last night  #kaicenat #kaicenatclips #kaicenattv #kaicenatfunnymoments #kaicenatlive #kaicenatedit #kaicenattwitch #kaicenatedits #bussdownrollieavalanche #nyc #nightlife #fanumtv #fanum #fanumedit #fanumliveclips ,False,,amessina,amessina,,,,,,False,Manhattan,"New York, United States",
7190546478950092037,2023-01-19T20:52:52,46,GB,56800,258,83,1900000,Replying to @TJ Twitch: KaiCenat #kaicenat #kaicenatclips #foryou #fyp ,False,,_clipsbytj,TJ,,,,,,False,,,
7410405419178364203,2024-09-03T09:17:52,14,US,5,0,1,25,#viral #reece #fyp #rakai #trending #5star #kaicenat #teamwork #fypppppppppppppppppppp ,False,,montrell.live,Montrell,,,,,,False,,,
7386433538205306155,2024-06-30T18:54:42,65,US,174100,14700,1283,3400000,Kais Face At The End 😂 #kaicenat #kaicenatclips #kaicenatlive #viral #foryoupage #tiktokuni #fypシ゚viral #fypツ 😂,False,,user2935433267225,ghost,,,,,,False,,,
7338957339095010602,2024-02-23T19:23:02,19,US,209600,1949,829,2700000,YALL GO SPAM @Kai Cenat AND TELL TO REACT TO “Bad Bitty By J.P.” He live now !!!🔥🔥🔥,False,,jody.p_,It’s J.P.🔥,,,,,,True,,,
7307459696611446062,2023-11-30T22:15:53,60,US,1300000,1948,2654,17500000,She ended up having a bf too😂 #kaicenat #kaicenatclips #galaxy #fypシ #viral ,False,,kickcliped,ClipHub,,,,,,False,,,
7327481714043915552,2024-01-23T21:11:44,37,DE,503900,1634,1285,4500000,tt is feeling them grillz #kaicenat #kaicenatclips #kaicenattv #kaicenatfunnymoments #kaicenatlive #fyp #foryou #funnyvideos #dukedennis ,False,,twentyone.clips,twentyone clips,,,,,,False,,,
7257814070730951942,2023-07-20T04:25:25,23,CL,1400000,15800,1369,9800000,Los accidentes no existen 🐢#kai #kaicenat #stream #streamer #live #livestream #japon #japan #parati #foryou #foryourpage #fypシ #viral #xyzbca #fyp #humor #gracioso #funny #wholesome #twitch ,False,,_shindits_,ShinDits,,,,,,False,,,
7340975291990428936,2024-02-29T05:53:42,85,ID,905000,2729,2814,13200000,humble banget ya si Kai Cenat 👏 Youtube : Kai Cenat Live #kai #kaicenat #anitamaxwynn #duniagamesesports,False,,duniagames.esports.id,duniagames.esports.id,,,,,,False,,,
video_id,video_timestamp,video_duration,video_locationcreated,video_diggcount,video_sharecount,video_commentcount,video_playcount,video_description,video_is_ad,video_stickers,author_username,author_name,author_followercount,author_followingcount,author_heartcount,author_videocount,author_diggcount,author_verified,poi_name,poi_address,poi_city
7383425849023860011,2024-06-22T16:23:20,13,US,2100000,108000,10800,18300000,It never gets dark in alaska 😓 #fyp #fypツ #foryoupage #unbelievable #alaska ,False,,lazyramp,LazyRamp,,,,,,False,,,
7404626053907352875,2024-08-18T19:30:57,89,US,359600,16700,4234,4100000,Turns out they can get warm weather too 😅  He forgot to mention how cold it was the other day 🙄 We’ve had the best time so far! ❤️ #shelbanddyl #husbandreacts #alaska #couples #relationships ,False,,shelbanddyl,Shelby & Dylan,,,,,,False,,,
7367145908296863008,2024-05-09T19:28:56,60,LV,439800,34600,3273,5300000,10 Facts You Didn’t Know About Alaska🇺🇸 #alaska #anchorage #alaskatravel #alaskaadventure #travel #fypシ ,False,,explorercom,explorercom,,,,,,False,,,
7405660175182368042,2024-08-21T14:23:54,10,US,76600,16600,137,737100,In case u were wondering!! #alaska #travel #adventure #bucketlist ,False,,exploringelsewhere,Natasha • Travel,,,,,,False,Alaska,United States,
7352574834951376134,2024-03-31T13:05:35,12,CA,235100,37200,882,2600000,Alaska feels like a different planet 🥹🤯😭 #traveltiktok #traveltok #alaska ,False,,jasminstanleyy,jasminstanleyy,,,,,,False,Alaska,United States,
7357102056219495723,2024-04-12T17:53:45,79,US,137800,4723,2424,1100000,"“Back home in Alaska, we're facing so much climate catastrophes every single year,” Quannah ChasingHorse (@quannah.rose) said at #PostLive’s “This is Climate: Tipping Points” summit. “I can claim to be an activist but at the end of the day, I'm a land protector because...I'm protecting my own ways of life and my culture and my identity as an Indigenous person,” explained ChasingHorse. #fyp #quannahchasinghorse #landprotection #landprotector #activist #activism #climate #climatechange #sustainable #sustainability #indigenoustiktok #alaska #model #globalwarming #interview ",False,,washingtonpostlive,Washington Post Live,,,,,,True,,,
7369343194322160942,2024-05-15T17:35:33,344,US,125400,3608,1323,1400000,"Replying to @ai_beatmaker #greenscreen Covering #Alaska’s population map! Alaska is the 3rd least populous state, with just 733,462 residents. It is the world’s largest exclave, being separated from the rest of the country (the ‘#Lower48’ by #Canada, specifically #BritishColumbia and the #Yukon. Alaska is also the largest #state by land area, furthest #north, #east, and #west state, the only one to border two oceans (#Arctic and #Pacific), the coldest state, the least densely populated state, the state with the most #islands, has more coastline than every other state combined, and its bigger than #Texas, #California, and #Montana (the 2nd-4th biggest states) combined. Alaska is enormous. 40% of the state’s population lives in #Anchorage, the 73rd largest #city in the #US, with about 300k residents. The Anchorage #metro, which includes the #MatSu (Matanuska-Susitna) #borough, has 400k, or 55% of the state. The next biggest city is #Fairbanks, with about 30k in the city and 90k in the surrounding #FairbanksNorthStarBorough. The state capital, #Juneau, comes in at third, and is in #southeastalaska, a #panhandle of the state that cuts off half of Canada’s west coast. Juneau is inaccesible by car, as is much of the state, only being accessible by planes or ferries, the only state capital off the #American road network. The #AleutianIslands cross both the #PrimeMeridian and the #InternationalDateLine, meaning Alaska is the easternmost and westernmost state, as well as obviously being northernmost since it has land within the #ArcticCircle. It is the coldest state, with some of the most difficult geography on earth, having frequent #earthquakes, #tsunamis, #volcano eruptions, and of course, frigid cold winter conditions. Parts of the state inaccesible to cars are known as the #Bush, and house roughly 20% of the state, many of which are #AlaskaNative settlements seemingly cut off from the outside world. As the #BeringStrait is where Native Americans entered the continent, the entire region is lightly settled, particularly on the coast, as these towns survive mostly off subsistence fishing and hunting. Many islands are inhabited, such as #stgeorge island, #stpaul island, #stlawrence island, #kodiak island, plenty of the #Aleutians, and much of #Southeast Alaska consists of islands, such as #Sitka, #Juneau, or #Ketchikan. Honestly theres so much to say about the state I’ll probably expand on it with comment replies 😅 only 9 to go! #geography #geographyjoe #states #usa #america #unitedstates #unitedstatesofamerica #AK #populationdensity #populationmap #map #maps #arctic #pacific #beringsea #sitka #wasilla #palmer #nome #barrow #utqiagvik #bethel ",False,,geography_joe,geography_joe,,,,,,False,Alaska,United States,
7327848210792336682,2024-01-24T20:54:04,60,US,5700000,168300,59200,68300000,Alaska: the Ircenrraat (little) people❄️ urban legenda for every state #alaska #Ircenrraat #alaskanlittlepeople #yupik #inuit #alaskan #haunted #urbanamerica #horrorai #history #aistorytelling #urbanlegendsforeverystate #scary #horror #urbanamericaaiart #aiart #explained #caught #footage #sighting #real ,False,,urbanamerica,Urban America Horror,,,,,,False,,,
7340011834344230187,2024-02-26T15:34:51,270,US,120700,24300,11900,1300000,It gets worse. #fyp #foryoupage #teachersoftiktok #teacherlife #teachertok #highschool #kidssaythedarnestthings #parents #classroom #alaska #geography ,False,,dubdub81,DubDub81,,,,,,False,Kentucky,United States,
7342622557440429358,2024-03-04T16:26:13,113,US,188100,29000,16400,3400000,"I wasnt actually today years old, i discovered this info about Alaska a few years ago and the rest just keeps adding on the more i listen to tiktok 🤣🤣🤣 #90skid #schoolfail #alaska #alaskaisnotanisland #us #usgeography #geography ",False,,ilikebigcurls,ilikebigcurls,,,,,,False,Oregon,United States,
7395601942845721887,2024-07-25T11:52:53,15,US,30400,4344,1019,224900,We LOVE when the bubble-netters come to town! #whalewatching #humpbackwhales #bubblenetfeeding #alaska #whale #wildlife ,False,,vividendeavorsalaska,vividendeavors,,,,,,False,Icy Strait,"Unorganized Borough, Alaska, US-AK, United States",
7357365567394680082,2024-04-13T10:56:06,11,VN,7000000,415600,22900,53400000,"Ủa ủa thiệt ôn để đi kể,#alaska #corgi #fuzai #phuctu #fyp #viral #tiktok#fumiy01 #nnt趋势",False,,medusay01,Trâm Ngọc,,,,,,False,,,
7391192182541077806,2024-07-13T14:40:41,11,US,57500,9322,1177,1300000,"You never know what these bears will be up to each day! That’s why you should plan a zoo visit 😁 Sunday, July 14th is a ConocoPhillips Summer Family Fun Day, 12-6pm. https://www.alaskazoo.org/summer-family-fun-days-live-music 🤩 Video by Facilities Crew Member Ron. #alaska #championsofthewild #anchorage #wildliferescue #weloveanimals #alaskalife #nonprofit #alaskazoo #thealaskalife #polarbears #fyp #fypalaska ",False,,alaskazoo,alaskazoo,,,,,,False,,,
7402340535996042503,2024-08-12T15:41:57,12,TR,593800,7205,450,3000000,Cuties 🥹🫶 #fyp #foryoupage #viral #fypシ #love #loveatfirstsight #carsonlueders #onethatgotaway #liebe #lovestory #cute ,False,,cryalaska,alaska,,,,,,False,,,
7405194584130587935,2024-08-20T08:17:24,41,US,70100,1058,718,1100000,Bakit tawa ng tawa?😅🤭 #buhayalaska ,False,,pinay_sa_alaska,Pinay_sa_Alaska,,,,,,False,,,
7385495100878605599,2024-06-28T06:14:17,148,US,74800,2495,1353,1900000,Replying to @@jenrioj Balut sa Alaska #buhayalaska ,False,,pinay_sa_alaska,Pinay_sa_Alaska,,,,,,False,,,
7405752158508993797,2024-08-21T20:20:47,6,AU,78,0,2,898,,False,,alaskarreras,ALASKA,,,,,,False,,,
7377838758932073774,2024-06-07T15:02:32,282,US,898600,23000,9994,17900000,#stich #alaska #alaskaaircareoke #alaskalife #alaskan #cultureshock #fyp #ak ,False,,cleiriquezada,Cleiri,,,,,,False,United States,North America,
7341424828777352453,2024-03-01T10:57:51,15,CA,142500,1252,173,1200000,And she's always going to say thank you.  #alaskathunder5000 #alaskadragqueen #rupauldragrace #dragrace #alaska ,False,,jblu93,the queeniest queen,,,,,,False,,,
7353377299774885166,2024-04-02T16:59:41,29,US,82000,1184,831,2200000,"Replying to @lolomopanot basta ulam ko king crab , doesn’t matter how I pronounce BarnikeLssssss🤭 #buhayalaska ",False,,pinay_sa_alaska,Pinay_sa_Alaska,,,,,,False,,,
7409343041561021727,2024-08-31T12:35:24,28,US,354100,7125,1308,7500000,"Kelp is one the most delicius and under appreciated foods on earth. It is loaded with nutrients that benefit your body. Our kelp chili crisp, hot sauces, pickles, seasonings, and salsa use kelp from the cold waters of Alaska. Salty, crunchy, and full of umami.  #kelp #alaska #asmr #seaweed #asmrfood #kelppickles #fyp #viral ",False,,barnaclefoods,Barnacle Foods,,,,,,False,,,
7385447487655464223,2024-06-28T03:08:53,90,US,777300,80700,9026,14400000,Wo dunya jahan raat naheen hoti  #imtiazchandio #alaska #midnightsun #usa #travel ,False,,imtiazhchandio,imtiaz chandio,,,,,,False,Alaska,United States,
7362782944139676970,2024-04-28T01:18:43,67,US,143700,36700,4278,1900000,Yall - these prices make you wanna ask somebody for they blue card! #groceryshopping #groceryhauls #tiktok #explore #instagram #travel #travelnursesoftiktok #ruralalaskalife #alaska #alaskalife ,False,,lakeshiacassandra,"LaKeshia, RN",,,,,,False,,,
7359436765486157064,2024-04-19T00:53:23,18,VN,54900,2069,1250,1500000,"Đây là chú chó Alaska tên Đoàn Tử ở Trùng Khánh (không phải Husky nha), đang trải nghiệm cuộc sống của một sĩ quan vô cùng nghiêm túc 😄 #alaska #TuanZi #chócảnhsát #ChócảnhsátĐòanTử  #Dog #alaskadog ",False,,pokyfamily91,Poky Family,,,,,,False,,,
7354570950505008426,2024-04-05T22:11:50,154,US,100600,135800,14000,1500000,#dillingham #alaska #food #expensive ,False,,miastravels2024,Mia,,,,,,False,Alaska,United States,
7377367522619903278,2024-06-06T08:33:59,55,US,291800,9904,2296,6100000,El hijo de #EduinCaz de @Grupo Firme subió al escenario para cantar “Alaska” durante su concierto de Miami. 😎 #ultimapeda #grupofirme #miami #alaska ,False,,billboard,billboard,,,,,,True,,,
7354236055702310149,2024-04-05T00:31:59,12,CA,160900,34600,643,2600000,ALASKA IS UNBELIEVABLE 🥹😭 #traveltiktok #traveltok #alaska ,False,,jasminstanleyy,jasminstanleyy,,,,,,False,Alaska,United States,
7346822198826388782,2024-03-16T01:02:52,9,US,126600,2778,470,2400000,I mean bc where is it? #fyp #alaskaairline @Bridgett Craig ,False,,jacobbrownn5,Jacob Brown,,,,,,False,,,
7326526701498846510,2024-01-21T07:27:03,68,US,448000,961,1658,5000000,#stitch with @esnyrDUMP 😅🤭❤️ #buhayalaska #frozendagat ,False,,pinay_sa_alaska,Pinay_sa_Alaska,,,,,,False,,,
7408374401751633157,2024-08-28T21:56:28,83,US,292400,5450,4137,1200000,Finalmente o quartinho dele esta prontoooo,False,,stefanydarezzo,Stefany D’Arezzo,,,,,,False,Alaska,United States,
7387296623405124870,2024-07-03T02:43:52,7,PK,89000,4770,708,3800000,6 months day 6 months night 🫠 #alaska ,False,,abrarali999999,ABRAR 🔥🖤,,,,,,False,,,
7389692083923160326,2024-07-09T13:39:28,13,AU,71,1,0,1770,Nadie me dijo lo dificil aue seria grabar un tik tok de baile a las 3am tratando de no despertar a nadie #star #meghantheestallion #yukichiba ,False,,alaskarreras,ALASKA,,,,,,False,Sydney Australia Temple,"756 Pennant Hills Rd, Carlingford NSW 2118, Australia",Parramatta
7353309894990220549,2024-04-02T12:38:00,15,ID,255600,852,2622,4500000,dari dulu kemana bang? #fyp #alaskamullet ,False,,alaskaaaaa06,Alaskaaaaaaaa,,,,,,False,Sumenep,"East Java, Indonesia",
video_id,video_timestamp,video_duration,video_locationcreated,video_diggcount,video_sharecount,video_commentcount,video_playcount,video_description,video_is_ad,video_stickers,author_username,author_name,author_followercount,author_followingcount,author_heartcount,author_videocount,author_diggcount,author_verified,poi_name,poi_address,poi_city
7409996984855104811,2024-09-02T06:53:12,5,US,314,12,1,5199,We had to. 6am version. #labordayweekend #17 #trending #foryoupage #fyp #goviral #trend #foryou,False,,ellabsecretacc,ellaaaaa,,,,,,False,,,
7409092946445864197,2024-08-30T20:24:49,6,CA,627,66,5,21300,labour day weekend!! #fyp #17 #labourdayweekend ,False,,hanmalott,hanmalott,,,,,,False,,,
7410155739840335146,2024-09-02T17:08:57,90,US,321,17,38,2378,"Happy #LaborDay weekend, y'all! Pay attention to this.",False,,thedamanifelder,Damani Bryant Felder,,,,,,False,Houston,"Texas, United States",
7410385617139404062,2024-09-03T08:01:20,62,US,12100,4452,245,63000,Returning to the office after labor day weekend,False,,bryguyferreira,BryGuyFerreira,,,,,,False,,,
7410216437966589215,2024-09-02T21:04:35,118,US,392,11,9,25600,"Bad weather and a labor strike are putting pressure on Labor Day weekend travel, from a radar outage delaying flights into Newark to hotel workers walking off the job across the country. #news #travel #hotel #newark #flight #labordayweekend ",False,,cbseveningnews,CBSEveningNews,,,,,,True,,,
7409740372680953134,2024-09-01T14:17:07,5,US,4743,15600,31,189900,Why do they go by so fast? #ThreeDayWeekend #LaborDay #LaborDayWeekend #SleepIn #WorkHumor #GottaWorkToLive #CapCut ,False,,dw2685,Derek,,,,,,False,,,
7409798490202639646,2024-09-01T18:02:44,10,US,48100,105,139,327300,And then other people have never been told that 🤷‍♀️ #ootd #clothes #labordayweekend #whitebottoms #relatable ,False,,lilianajolie_,Lili,,,,,,False,,,
7409320301898648878,2024-08-31T11:07:01,6,US,406,68,7,34500,"i actually didnt buy gasoline, but thought is there! #laborday #labordayweekendiwas17 ",False,,_kaydence.hanna_,kaydence!,,,,,,False,,,
7409853219465170207,2024-09-01T21:35:06,9,US,276,0,3,2973,"reminder, he will be out. 🩷☺️ #laborday #labordayweekend #foryoupage #girlies #relatable ",False,,ayva.charlize,Ayva 💋,,,,,,False,,,
7408633543439453470,2024-08-29T14:42:06,6,US,599,153,5,35200,Labor Day Weekend in Chicago 🌷 . . . . . . . . #thingstodo #chicago #foryou #fy #chicagotiktok #hiddengems #travel ,False,,wavesofpri,Pri🫧,,,,,,False,Chicago,"Illinois, United States",
7408987500103912746,2024-08-30T13:35:56,6,US,339500,10300,1072,2800000,this trend but i don’t like soda #laborday ,False,,nvrnaveya,naveya,,,,,,False,,,
7409758289858153771,2024-09-01T15:26:36,15,US,44300,436,85,259500,This vs 12pm on a weekday is insane #fyp #college #uic #dorm #labordayweekend ,False,,ctrlvicdelete,₊˚⊹≽^•⩊•^≼₊˚⊹,,,,,,False,,,
7410199191743483166,2024-09-02T19:57:40,5,US,793,1512,21,25900,Damn it 😫 #worklife #weekends #labordayweekend #damnit #foryou ,False,,tiffs_beautiful_chaos,⚡️T  I  F  F ⚡️,,,,,,False,Alabama,United States,
7410218615183609119,2024-09-02T21:13:00,9,US,19200,787,129,87700,To everyone starting their travel back home from the holiday: godspeed 🥹 #ao3 #ao3isdown #ao3fanfic #archiveofourown #labordayweekend ,False,,elivheart,Elivheart | Jo,,,,,,False,,,
7274691608573168942,2023-09-03T15:59:06,6,US,690,148,11,30100,Waited 2 years to do this... @Tim McGraw #labordayweekend #17 #fyp #singer #timmcgraw #viral ,False,,macartneyreinhardt,Macartney Reinhardt,,,,,,True,Nashville Metropolitan Area,"Tennessee, United States",
7410397968249015594,2024-09-03T08:48:57,10,US,137,5,1,692,im tired of this grandpa 😔😔😔#foryou #fyp #labordayweekend #break #noschool #relatable #ihateschool ,False,,dej4ues3,femaleecapalott2,,,,,,False,,,
7275106534655282478,2023-09-04T18:49:05,22,US,2630,601,50,64900,I LOVE BROOKLYN #laborday #labordayweekend #brooklyn #carribean #carnival #party #enjoyment #easternparkway ,False,,ohwawa_,Ohwawa,,,,,,False,Eastern Parkway,"Brooklyn, Kings County, New York, United States",
7410034350357564715,2024-09-02T09:17:58,18,US,3214,159,24,35000,NABA is always a nostalgic time of year #filipinotournament #filipino #NABA2024 #NABA #philippines #basketball #filipinobasketball #maryland ,False,,jaystunnna,Jamielyn Angel,,,,,,False,Gaylord National Resort Convention Center,"201 Waterfront St, National Harbor, MD 20745, United States",Oxon Hill
7410397786664979755,2024-09-03T08:48:21,7,US,58,19,1,339,We tiiieedd! I feel like we shouldnt work more than 30 hours a week! And we need 2 months of paid pto throughout the year.  #work #labordayweekend #3dayweekend #pto #workworkeorkworkwork #wtf #fastestweekendever #Meme #MemeCut #Meme #MemeCut ,False,,keepcalmvacation,Ciara 🌴Your Travel Plug 🔌✈️,,,,,,False,,,
7406727185177955630,2024-08-24T11:24:28,26,US,1420,1707,41,18800,"The World's Largest Theme Inflatable Bounce House COMING TO MACON,GA 🤪🤪 Coming To Macon, Ga 📍 LABOR DAY WEEKEND  Saturday Aug 31st -September 1st ‼️ ITS REALLY THAT HUGE 😳 Go visit our website https://www.mblofusa.com   MEGA BOUNCE LAND  Includes Over 30 + Activities  Ninja Obstacle Course Rock Climbing Wall DodgeBall Warped Walls Xtreme Balance Crawling Pop Ups Xtreme Baller Rest Areas Toddler 2,000 sqft Area Full Court Basketball Photo Area Wrecking Ball Challenge 8 Fast Slides Free-Fall Jump Tiger Obstacle Forest Play Area 25,000 Ball Pit Hoops Shoot Out Challenge Balance Beams Hops Obstacle Ninja WALL Football Climb Squeeze Play Large Jump Area TODDLER - ADULTS @followers 13 WMAZ 41NBC / WMGT Maar Bear's Body Art Soul2SoulFood LLC SkinzartKids Macon Bibb County Recreation Visit Macon NotiVisión Georgia The Nutt Haus The Macon Melody Soccer Shots Macon Taylor Made Treats: Next Generation Macon+Bibb County My Home At Macon Macon Women Business Owners Macon-Bibb Suburban South Bloomfield-Gilead Recreation Center C & C Ice Cream Truck SnoBiz Warner Robins  #megaBounceLand #Fun ",False,,mobile.vr6,Mobile VR Theme Park,,,,,,False,Macon,"Georgia, United States",
7409724441715854635,2024-09-01T13:15:16,11,US,5707,1851,53,50500,In honor of labor day weekend #gorillacentral #jerseyshore #labordayweekend #pollypocket ,False,,m0nikawithak,Monika 🛼,,,,,,False,,,
7409716910994115886,2024-09-01T12:46:04,6,US,23200,1391,152,148200,Carnival loading #nyctiktok #laborday2024 #trini_tiktoks #caribbeantiktok #carnival2024🇹🇹 #easternparkwayparade #labordayweekend ,False,,niaonlyknows,Nia,,,,,,False,Eastern Parkway,"Brooklyn, Kings County, New York, United States",
7409814142170697002,2024-09-01T19:03:20,9,US,8035,842,35,31900,aver si todavia se bailar 🧍🏽‍♀️💥💥 #jaripeo #hermanosespinoza #vegas #sundayfunday #labordayweekend #fypppp #paratii ,False,,jennjennmg,jennjennmg,,,,,,False,,,
7409153783663742254,2024-08-31T00:20:52,17,US,21100,7837,174,115600,Act up! #threedayweekend #labordayweekend #havefun #outofoffice #timeoff #nowork #worklife #life #work #fun #fyp #foryou #fyppppppppppppppppppppppp ,False,,karinamichelleee,Karina Michelle,,,,,,False,,,
7407952019601837354,2024-08-27T18:37:24,7,US,14600,1986,197,63100,bae im otw 🚘🚘🚘 #mediumdistancerelationship #mediumship #relationship #longdistance #couples #3dayweekend #laborday ,False,,syerranii,SYERRA 💌,,,,,,False,,,
7410192950216363294,2024-09-02T19:33:23,5,US,135,2,1,1646,Love me my pumpkin coffee🤠🤠#fyp #coffee #laborday #itwaslabordayweekendiwas17 ,False,,bigbootyjudy902,bigbootyjudy,,,,,,False,,,
7274674409200291118,2023-09-03T14:52:21,13,US,571500,106400,4018,3600000,When you have to labor all weekend 😭 #labordayweekend #cat #chefgary #bakery #chefcaf ,False,,peachie.cass,Cassie,,,,,,False,,,
7410115875300363566,2024-09-02T14:34:14,7,US,7061,4930,519,108400,🫠🫠🫠 #thingscouldbeworse #calamityware #laborday #labordayweekend #mondaymood #sarcastichumor #fypツ #fypppppppppppppp #fypシ゚viral ,False,,calamityware,Calamityware,,,,,,False,,,
7409351644862778667,2024-08-31T13:08:38,5,US,31000,1759,116,207600,Happy Labor Day Weekend 🤝 @The Hamilton Collection #bugatti #thehamiltoncollection #volkswagen #bpgasstation #laborday ,False,,urfavoritecargirl,ella 🏎️,,,,,,False,,,
7409303205957405994,2024-08-31T10:00:43,11,US,4919,1548,40,34200,"Finally, its time for the “ber” months! 🎃🌙🍁👻 #bermonths #fall #autumn #halloween #september #labordayweekend #coolerweather #goodbyesummer ",False,,ashley_travelsdtmv,Ashley_TravelsDTMV,,,,,,False,,,
7408938196274285870,2024-08-30T10:24:15,82,US,1795,286,62,32000,Need some reminders?? I got yall. Yes I’ll be posting the screenshot list too. #theweekendwatch #foryoupage #whattowatch #recommendations #movie #tv #foryou #laborday #weekend #fridaynight ,False,,theweekendwatch,TheWeekendWatch,,,,,,False,,,
7408966506928819486,2024-08-30T12:14:12,24,US,59300,881,1277,1200000,Mrs. Lopez & me w/a little old school jam to kick off the long Labor Day Weekend!  #FridayMood  #LDW24  #TheWhispers ,False,,mariolopez,mario,,,,,,True,,,
7408888896374721838,2024-08-30T07:12:59,17,US,796,956,7,18900,Labor Day weekend! #laborday #workhumor #workbestie #MemeCut #Meme ,False,,lilyflower_13,Lilyflower_13 🌹🖤✨,,,,,,False,,,
video_id,video_timestamp,video_duration,video_locationcreated,video_diggcount,video_sharecount,video_commentcount,video_playcount,video_description,video_is_ad,video_stickers,author_username,author_name,author_followercount,author_followingcount,author_heartcount,author_videocount,author_diggcount,author_verified,poi_name,poi_address,poi_city
7409050217628241198,2024-08-30T17:38:57,15,US,1265,285,16,49600,#песняпролето #рекомендации #прощайлето #лето #конецлета #последнийденьлета #minor_music #глобальныерекомендации #врек #умоляюврек #1млнпросмотров #31августа ,False,,minor_music4,꧁♡꧂,,,,,,False,,,
7271592022987803909,2023-08-26T07:30:53,9,BY,140800,3749,297,3000000,#CapCut #рек #рекомендации #рекомендации❤️❤️❤️ #лето2023 #конецлета #воспоминание ,False,,tweak_sticks,_baby_balamyt_,,,,,,False,,,
7407635655494208786,2024-08-26T22:09:43,25,KG,79400,6482,794,1100000,💁‍♂️,False,,.mukeshov_10,Sss🤙🏻,,,,,,False,,,
7408893084391443720,2024-08-30T07:29:07,9,US,2027,132,4,94700,Конец лета💔 #конецлета #лето #лето2024 #summer #шаблон #рекомендации #capcut ,False,,ledonny,Daria🌸,,,,,,False,,,
7406974383593360671,2024-08-25T03:24:02,9,US,4389,55,64,79600,#хочуврек #рнеомендации #ркомендации❤️❤️❤️ ,False,,nastikx2011,-шнастя-,,,,,,False,,,
7409089420311153938,2024-08-30T20:11:07,13,BY,211700,258000,1308,1500000,#мем #дельфины #конецлета #1сентября ,False,,vjfive5,Владимир Цзилинь,,,,,,False,,,
7406640634162973968,2024-08-24T05:48:34,9,UZ,515900,29800,2829,7600000,вот и конец лета💔,False,,fazikwn,fazikwn🚶🏻,,,,,,False,,,
7273427599299300614,2023-08-31T06:13:53,7,BY,135900,2851,374,2300000,#CapCut #лето2023 #2023❤😍 #fypシ #fyrシ #рек #тренд #глобальныерекомендации #рекомендации #конецлета #учеба #рекомендации❤️❤️❤️ #fyr @valeriа ,False,,potapova_015,Юлечка,,,,,,False,,,
7404902471216188702,2024-08-19T13:23:47,20,US,909,80,1,39400,#конецлета #лето #лето2024 #конец #звукдлявидео #звукдлятвоегоконцалета ,False,,smeex.ru,ачо,,,,,,False,,,
7407793286917655841,2024-08-27T08:21:27,13,KZ,5686,349,116,47100,"ладно, попью ромашку #рек #болезнь #взрослая #конецлета ",False,,ksenysss,ksenia,,,,,,False,,,
7409381259165748487,2024-08-31T15:03:35,9,FR,1440,88,5,59500,"я вас всех очень люблю, спасибо вам за это лето 💥 #рекомендации #рек #шаблон #капкут #31августа #последнийденьлета #любимые #capcut #fyp #fup #foryou ",False,,qwsmew52,полина,,,,,,False,,,
7407908662288715014,2024-08-27T15:49:10,16,BY,1069,84,10,27500,#CapCut #лето#конец#31августа  вот и всё😢🌇,False,,kaat.wv,kaat.ww,,,,,,False,,,
7398931741739650312,2024-08-03T11:14:03,9,BY,15300,2126,110,120900,"Надеюсь, что понятно ?  #школа😍 #backtoschool #school #школа #школа2024 #конецлета #скоровшколу #рек #рекомендации #fypシ #fyp #recommendations #сборывшколу #покупкикшколе ",False,,shilenokkk,алиса,,,,,,False,,,
7410136821209877768,2024-09-02T15:55:37,10,KG,800,4,3,7768,#สโลว์สมูท #สปีดสโลว์ #fyp #on ,False,,buush0,s,,,,,,False,,,
7409965280165711111,2024-09-02T04:49:52,9,FR,42,4,0,1060,#рекомендации #fypシ #тикток #тренд #trending #школа #конецлета #лето #платина #плохойпарень ,False,,chukkcha_999,chukkcha_999,,,,,,False,NICE,"06000 Nice, France",Nice
7409413789600337158,2024-08-31T17:09:54,8,BY,6791,2812,136,82500,#конецлета#конец#школп#1сентября#31августа#прощайлето Завтра в школу... ,False,,pachachipsovlaysckrabom,Пачка чипсов Лейс с крабом🏅,,,,,,False,,,
7409962281498430727,2024-09-02T04:38:13,14,BY,1448,25,0,9209,Конец лета,False,,plotnikov_music,🔥 Все треки в TG 🔥,,,,,,False,,,
7409392923286260997,2024-08-31T15:48:51,10,UA,30500,18400,254,164900,#on паследни день лета разбитие карабли заброшени берег каторий любили ми ,False,,qeessk,qq/,,,,,,False,,,
7409960925182119174,2024-09-02T04:33:09,14,BY,284,3,2,2172,Конец лета… начало осень ,False,,mr_music74,Mr_music774,,,,,,False,,,
7409382368244501768,2024-08-31T15:07:53,28,US,10,1,0,445,💔последний💔день💔лета💔разбитые💔корабли💔#лето ,False,,millstannn,utaisspotifysongs,,,,,,False,,,
7404980911843855621,2024-08-19T18:27:57,17,BY,284,38,3,1737,🥹😥#конецлета #прогулка #ночь #recomen ,False,,_ver.no_,🍷Baseball cap🍷,,,,,,False,,,
7410056619641310480,2024-09-02T10:44:23,9,KZ,114,1,4,1261,#конецлета #колледж #переезд #уезжаюиздома💔 #прощайшкола #рекомендации #рек ,False,,_manyashaka_,Манька🎀,,,,,,False,,,
7409410233409244434,2024-08-31T16:56:03,7,AZ,31,1,0,451,#global #конецлета #fyp  #CapCut #тренд #world  #просмотрытикток ,False,,mk123mmm,S|М,,,,,,False,,,
7410035161548524806,2024-09-02T09:21:06,15,UA,113,0,15,459,#конецлета#anna#tiktok#🇺🇦 ,False,,ann18073434,Анна 🌺,,,,,,False,,,
7410099245631458578,2024-09-02T13:29:43,21,BY,89,2,4,1200,#рек #fypシ #рекомендации ,False,,samiikaa7,самура,,,,,,False,,,
7409688764156513541,2024-09-01T10:56:52,9,UA,4094,3379,71,41100,,False,,myslllit,набор мыслей,,,,,,False,,,
7398066907485654305,2024-08-01T03:18:14,62,FR,1418,2242,35,95800,Следующая остановка сентябрь ❤️ #август #август2024 #счастливогоавгуста #поезджизни #сентябрь #скоросентябрь #конецлета #последниймесяцлета #доброеутро #доброеутроавгуст #августвтикток #поздравляйка_online #рекомендации ,False,,.pozdravlyaikaonline,ПОЗДРАВЛЯЙКА Online,,,,,,False,,,
7409395032853187846,2024-08-31T15:57:05,7,UA,39,1,2,400,#конецлета #рекомендації #fyp ,False,,lamazian27_10,lamazian27,,,,,,False,Ukraine,Europe,
video_id,video_timestamp,video_duration,video_locationcreated,video_diggcount,video_sharecount,video_commentcount,video_playcount,video_description,video_is_ad,video_stickers,author_username,author_name,author_followercount,author_followingcount,author_heartcount,author_videocount,author_diggcount,author_verified,poi_name,poi_address,poi_city
7177165549309316357,2022-12-14T19:28:01,30,MX,94700,1961,0,1900000,En 2 días disponible en todas partes #Ahoraesdiferente 🥶,False,,leftysm_,leftysm_,,,,,,True,,,
7410194775250423083,2024-09-02T19:40:24,42,US,841,26,13,9101,#CapCut mañana 3 de septiembre #leftysm #teextraño #lefty #para #tiktok ,False,,leftyfanz,FANS DE LEFTY SM 💯🇲🇽,,,,,,False,,,
7410013719142403333,2024-09-02T07:57:54,60,BO,16500,935,248,173800,#leftysm #🕊️🕊️💔🥀 #quesalgaenparati #viralvideo #f #leftysfam #papa #septiembre💔🥀 ,False,,selena_jaramillo68,Lunática🌹,,,,,,False,,,
7276527690121776427,2023-09-08T14:43:54,39,US,20400,584,104,404000,President of Mexico pays respects to Lefty SM 🕊️🇲🇽 #leftysm #mexicopresente🇲🇽 #fypシ #leftysm_ #foocommunity #foocommunitymusic #fyp ,False,,floridafoos_,FloridaFoos,,,,,,False,Mexico,"Mexico City, Mexico",
7312234256510569770,2023-12-13T19:03:44,54,US,303000,14800,959,4500000,abrazame//lefty sm  aquí les dejo una parte de canción de lefty no les puedo decir la fecha que saldrá  pero saldrá pronto solo esperen #viral #foryou #fypシ #viralvideo #hiphop #parati #leftysm🕊 #yanadaesigual #ya_nada_tiene_sentido #leftysm #justiciaparalefty #eselleftypapa ,False,,chukyapolinar_,Rap music🎶🎧,,,,,,False,,,
7275539244104355115,2023-09-05T22:48:19,46,US,26700,596,292,686200,#sinti #sintileftysm🇲🇽🕊️ #leftysm #eselleftypapa #leftysm❤️ #leftysm🎤 #leftysm_papa #despierta #viral #viralvideo #viraltiktok #viral,False,,guillermoteodoro84,Guillermo🕷️🇲🇽,,,,,,False,,,
7409454709288963374,2024-08-31T19:48:35,33,US,25400,1977,68,379200,#leftysm #rolitas #🔥 #🎧🎶 #paratii #rapmexicano🇲🇽 ,False,,rolitas.2.28,rolitas.2.28,,,,,,False,,,
7410078890229599494,2024-09-02T12:10:47,17,MX,1771,123,22,17000,#leftysm #viralvideo ,False,,aideemartinez101,📿🇲🇽Aide Martinez 🇲🇽📿,,,,,,False,,,
video_id,video_timestamp,video_duration,video_locationcreated,video_diggcount,video_sharecount,video_commentcount,video_playcount,video_description,video_is_ad,video_stickers,author_username,author_name,author_followercount,author_followingcount,author_heartcount,author_videocount,author_diggcount,author_verified,poi_name,poi_address,poi_city
7340991659179527457,2024-02-29T06:57:04,90,IT,416700,19500,4287,5700000,‘Besame Mucho’ live at Viña Del Mar 🇨🇱,True,,andreabocelliof,Andrea Bocelli,,,,,,True,,,
7341809031947832609,2024-03-02T11:48:50,39,ES,168700,13200,1589,2800000,✨Andrea Bocelli✨ #musica #letrasdecanciones #contepartiro #andreabocelli #opera #vibramusical ,False,,vibra_musical,Vibra Musical,,,,,,False,,,
7409494903941647621,2024-08-31T22:24:38,60,PE,145100,2586,6902,2500000,Vivo por ella #vivoporella #andreabocelli #martasanchez #baladasdelrecuerdo #90s  #fypシ゚viral #envivo ,False,,luis_fc2025,HitMúsic⚡,,,,,,False,,,
7275078912042962181,2023-09-04T17:01:50,169,MX,18500,2039,284,593900,"Canción : Por tu volare Artista: Andrea Bocelli Fecha de lanzamiento: 1995 Álbum: Bocelli Géneros: Russian Pop, Pop #musicadetochomorocho #foryou #bocelli ",False,,musicadetochomorocho,CMS® (Colim Music Studio),,,,,,False,,,
7347908181626064134,2024-03-18T23:16:35,265,PE,267800,37900,10200,2900000,Andrea Bocelli & Matteo Bocelli viña2024 - PERFECT  #andreabocelli #matteobocelli #perfect  #festival #viña #viña2024 #viñadelmar #festibaldeviña #music #nessundorma  #contepartiro #portivolare,False,,musicloveworld,music love,,,,,,False,,,
7409172698422725894,2024-08-31T01:34:18,56,PE,482600,14800,126100,14000000,Marta Sánchez vs Karol G - Vivo Por Ella de Andrea Bocelli: ¿En quién suena MEJOR? 📣🤔 #balada #baladas #baladasromanticas #musicaromantica #cancionesdeamor #musicapop #pop #reggaeton #regueton #generourbano #musicaurbana #andreabocelli #martasanchez #karolg #karolgcolombia #karolgfans #karolgmusic #karolgbichota #labichota #bichota #vivoporella,False,,leizerdunayevich,Leizer Dunayevich,,,,,,False,,,
7409818319928282373,2024-09-01T19:19:40,80,CO,5819,441,62,67200,Vivo por ella ✨️🪐❤️‍🩹 #andreabocelli #karolg  #Amor  #teamo  #parati  #escucha  #tuyyo  #porsiempre  #hazloviral  #Viral  #foryou ,False,,enrolando_69,enrola2 🎧,,,,,,False,,,
7410208579547843883,2024-09-02T20:33:58,148,US,151,2,59,4085,#angelasguilar #karolg #andreabocelli ,False,,linettesue9,Linettesue💖,,,,,,False,Puerto Rico,United States,San Juan
7409408193379486982,2024-08-31T16:48:08,25,PE,194400,7496,370,5200000,#CapCut #vivoporellaandreabocelli #karolg #mamá #paratiiiiiiiiiiiiiiiiiiiiiiiiiiiiiii  Te amo mamiii❤️,False,,mariaangeles1996,Mariangels🤍☺😚💫,,,,,,False,,,
7375196396917443846,2024-05-31T12:08:49,232,CA,166400,12200,2016,2900000,Andrea Bocelli and his daughter Virginia Bocelli singing Hallelujah.  @Andrea Bocelli  #andreabocelli #andreabocelliconcert #andreabocellilive #virginiabocelli #scotiabankarena #torontosymphonyorchestra #hallelujah #dadanddaughter ,False,,vanessakmifsud,Vanessa Mifsud,,,,,,False,,,
7409036636278787333,2024-08-30T16:46:16,107,PE,110300,8146,6187,1900000,"Vivo Por Ella, Andrea Bocelli & Marta Sanchez #90s #90smusic #music #musica #andreabocelli #martasanchez #parati #Viral #shortvideo #videoscortos #videosparaestado #baladas #vivoporella ",False,,yourmusic4ever01,yourmusic4ever,,,,,,False,,,
7409469278086483205,2024-08-31T20:45:12,64,PE,80900,489,5310,1800000,Marta Sánchez habló de la colaboración entre Karol G y Andrea Bocelli con el mítico tema Vivo por Ella #karolg #martasanchez #vivoporella #karolgcolombia #entretenimiento #entretenews #parati #fyp #longervideos ,False,,notichisma,Notichisma,,,,,,False,,,
7350740623843937537,2024-03-26T14:28:04,14,LB,192800,14500,581,2800000,"Dancing on clouds of love in #Antwerp, with @Andrea Bocelli 's live performance ✨😍!!! #LebaneseWeddings #andreabocelli #matteobocelli #hotelducapedenroc #francewedding #wedding2024 #viral #fyp #fy #destinationwedding #weddinggoals ",False,,lebaneseweddings,Lebanese Weddings,,,,,,True,,,
7287828809787772193,2023-10-09T01:38:11,232,IT,222300,30500,4289,4100000,#Andreabocelli & Symphony perfect #music ,False,,la_musicaitaliana,Lamusicaitaliana❤️,,,,,,False,,,
7346673764714777862,2024-03-15T15:26:26,72,CL,4311,426,57,193500,"😍👏 ¡Talento familiar! Meses antes de su espectacular presentación en el Festival de #Viña2024, #AndreaBocelli (@Andrea Bocelli)  tuvo un paso estelar por un programa de baile de la cadena BBC.  🎵🎤 En él, el tenor italiano interpretó el clásico de #LeonardCohen ""Hallelujah"", acompañado de su pequeña hija Virginia. 🥰 Virginia demostró una gran capacidad vocal junto a su padre, que acompañaba con voz y guitarra mientras un conjunto de baile recorría el escenario de ""Ballroom"". 👀 ¿Qué te parece este dueto? 📽️: BBC Strictly Come Dancing en YouTube (@youtube)",False,,radioimagina,Radio Imagina,,,,,,True,,,
7302932171721821445,2023-11-18T17:26:43,39,MX,519800,417,399,4000000,que honor más grande poder conocerlo y cantar con él esta preciosa canción⭐️ todo mi respeto y admiración. #fyp #andreabocelli ,False,,mia.salinass,Mia Salinas,,,,,,True,,,
7284454916284878085,2023-09-29T23:25:31,97,MX,135000,8465,4071,1000000,#militar #cantantestiktok #music #orchestra #sedena #andreabocelli #fpy #tiiiiiiiiiiiiiiiiiiiiiiiiiiiiiii ,False,,abelrasa,Abel Rasa,,,,,,False,Mexico City,Mexico,
7090760485565402394,2022-04-26T00:12:08,54,ID,73000,10100,715,2300000,Balas @elisabet319 Andrea Bocelli emang the Best.. #andreabocelli #timetosaygoodbye #italiansong,False,,crocobaby_,Crocobaby®,,,,,,False,,,
7392661055186504966,2024-07-17T13:40:35,6,BR,32700,753,532,1700000,#JohnnyDepp e #AndreaBocelli ❤️ ,False,,deppbrazilfc,Johnny Depp BR 🇧🇷,,,,,,False,,,
7354234182895160618,2024-04-05T00:24:52,207,EC,5326,345,133,175700,La impresionante presentaccion de Andrea Bocelli en Viña del Mar junto a su esposa #andreabocelli #concierto #viral #chile #tiktok #xbcyza #fypシ #parati ,False,,angelitovideocontrol,AngelitoVideocontrol,,,,,,False,Valparaíso,"Region de Valparaiso, Chile",
7409065228824415494,2024-08-30T18:37:13,80,PE,581500,59200,5266,7200000,"VIVO POR ELLA QUE ME DA FUERZA, VALOR Y LIBERTAD 😢❤️‍🩹 #vivoporella 😘😊 #AndreaBocelli 👈🏻 #KarolG #capcut #romantico #TeLaDedico 💘 #ParaTi 💖 #Letras 🎶",False,,impred...sentimien,Impredecible Sentimiento ❤️‍🔥,,,,,,False,,,
7387828325537860896,2024-07-04T13:07:13,20,IT,14100,162,342,356200,"#TBT Andrea Bocelli and Laura Pausini performed “Dare To Live (Vivere)” live from Teatro Del Silenzio, Italy in 2007.  Watch their full performance and listen to “Dare To Live (Vivere)”: andreabocelli.lnk.to/daretolive",False,,andreabocelliof,Andrea Bocelli,,,,,,True,,,
7340351115562667269,2024-02-27T13:31:18,87,PE,101200,3496,1558,1900000,"¡UNA LEYENDA! ❤ Así fue la histórica presentación de Andrea Bocelli que hizo ovacionar y llorar a todo ""Viña del mar"". #andreabocelli #viñadelmar #viñadelmar2024 #musicaclasica #portivolare #ladonnaemobile #leyenda #entretenews #viral #sinfonico ",False,,revistawapa,Wapa,,,,,,False,,,
7338077638604410144,2024-02-21T10:29:08,60,AL,127700,9661,872,2400000,Vivo per lei🥺❤️. #andreabocelli #vivoperlei #perte #foryou #fyp #viral #foryoupage #trending #inperte #neiperte #fyp ,False,,lyrics.italia,Sebastian,,,,,,False,,,
7347194783149870382,2024-03-17T01:08:37,65,EC,10800,190,1074,870900,Miren el error que cometio Andrea Bocelli en su concierto en Viña del Mar #andreabocelli #fypシ #viñadelmar🇨🇱 #fyp #concierto #chile #xbcyza #viral #pia #tiktok ,False,,angelitovideocontrol,AngelitoVideocontrol,,,,,,False,Quinta Vergara,"Viña del Mar, Valparaíso, Region de Valparaiso, Chile",Valparaíso
7410248413205253407,2024-09-02T23:08:40,106,US,10,0,0,109,Andrea bocelli 🎶 concerts #andrea #andreabocelli #italy #bocelli ,False,,casanov87,Casan,,,,,,False,New Jersey,United States,
7340137288556481798,2024-02-26T23:41:35,96,PE,26000,5152,555,633800,#AndreaBocelli presentó a su hijo #MateoBocelli durante su concierto en el #FestivalDeViña y cantaron juntos “All of Me” 🤩😍💘 #musica #fyp #parati ,False,,lamusicago,La Música,,,,,,False,,,
7392745043116772614,2024-07-17T19:06:31,60,BR,27800,2571,768,344900,Andrea Bocelli e Johnny Depp se apresentando no Teatro del Silenzio - Itália. #JohnnyDepp #AndreaBocelli ,False,,deppbrazilfc,Johnny Depp BR 🇧🇷,,,,,,False,,,
7347864886740929797,2024-03-18T20:28:34,60,BR,126500,10100,765,1700000,Con Te Partirò-1995 #andreabocelli #musicaclassica #tipografia #tradução #musicaitaliana #italia ,False,,nostalgia...musical,Nostalgia musical,,,,,,False,,,
7341916834771307808,2024-03-02T18:47:14,84,PT,340000,31200,2553,6200000,Andrea Bocelli 👏 Con te partirò✖️Unreleased Track 📍 Faculdade de Arquitetura de Lisboa 29FEB24 #aefa #padreguilherme #andreabocelli #contepartiro #lisboa #portugal #dj #djlife #techno #festival #technomusic #technolovers #melodictechno #electronicmusic #dance #italy #dancemusic #danca #festa #teaser #wearetiktok #tiktokportugal #fyp #fypシ ,False,,padreguilherme,Padre Guilherme,,,,,,True,,,
7340099600772074757,2024-02-26T21:15:19,200,CL,595500,24700,15000,9100000,Por ti volaré Andrea Bocelli Festival de Viña 2024 #viña2024 #festivaldeviña #festivaldeviñadelmar #andreabocelli,False,,canaldepancho,canaldepancho,,,,,,False,,,
7407010545880141088,2024-08-25T05:44:07,40,PL,583,40,10,23300,Legend ❤️  #andreabocelli #warsaw #poland #dlaciebie #foryou #dc #concert #pgenarodowy ,False,,j_on_tour,JW_on_tour,,,,,,False,Warsaw,"Warsaw, Masovian, Poland",
video_id,video_timestamp,video_duration,video_locationcreated,video_diggcount,video_sharecount,video_commentcount,video_playcount,video_description,video_is_ad,video_stickers,author_username,author_name,author_followercount,author_followingcount,author_heartcount,author_videocount,author_diggcount,author_verified,poi_name,poi_address,poi_city
7408888734524919073,2024-08-30T07:12:18,8,FR,81300,1837,706,1700000,Depuis le temps 🥳 #pourtoi #inox #inoxtag #retour #evrest #youtube #drole ,False,,tvdras,TvDras,,,,,,False,,,
7383291023348206881,2024-06-22T07:40:09,45,FR,40600,1026,383,1600000,Actu du 22/06 ⬆️ Inoxtag atteint de paranoïa @Inoxleshinobi  #actu #inoxtag #fyp #pourtoi #twitchstreamer #everest ,False,,latimeline_,LA TIMELINE,,,,,,False,,,
7358106706259316000,2024-04-15T10:52:09,51,FR,40600,951,601,995500,Inoxtag serait mort ? Voilà la (fausse) rumeur qui enflamme les réseaux sociaux depuis plusieurs jours. #everest #inoxtag #inox #alpinism ,False,,loopsider,Loopsider,,,,,,True,,,
7410141174301756705,2024-09-02T16:12:27,50,FR,5032,171,175,47200,"🦾🤣 Séance unique le 13/09 au cinéma dans toute la France Le 13 septembre au cinéma en séance unique : France, Suisse, Belgique et Dom-Tom Et le 14 septembre sur YouTube à 14h30. Ouverture de la billetterie dans 72h : inoxtag-everest.com #yeti #inox #inoxtag #everest",False,,yetidesmontagnes,Le Yéti,,,,,,False,,,
7356613353931951392,2024-04-11T10:17:12,62,FR,265200,3844,2152,2700000,Inox passe a la télé BfmTV #inoxtag #inoxtageverest #evereststore #bfmtv #bfm #incroyable #svp #fy #pourtoi ,False,,fakenews.fr_,FakeNews,,,,,,False,,,
7400783219605474593,2024-08-08T10:58:47,17,FR,107200,765,578,1200000,"inoxtag il est sans pitié,  inoxtag edit #inoxtag #inoxtagleshinobi ",False,,x_editing_tv,Dehka_69,,,,,,False,,,
7408183137366265121,2024-08-28T09:34:15,70,FR,18900,500,152,265600,Inoxtag annonce son retour par des chapeaux de pailles  Cr @Volumedia @TTLF #inoxtag #everest #retour #aminematuer #amine ,False,,inoxmathis,Mathis Dumas Inoxtag Fan,,,,,,False,,,
7343350001751444769,2024-03-06T15:28:37,11,FR,1400000,5375,16900,40800000,C’est mon frero qui s’abonne à des comptes pas moi #inoxtag #inox #love ,False,,inoxtag,Inoxleshinobi,,,,,,True,,,
7410132074985819425,2024-09-02T15:37:08,24,FR,274,9,2,963,>> #edit #inoxtag #inoxtagedit @Inoxleshinobi ,False,,ytbvsp_,ytbvsp_,,,,,,False,,,
7362611123448777990,2024-04-27T14:11:29,6,FR,82600,322,167,1300000,OMG Inox est revenu de l’everest!?🏔️ #fyp #foryou #xyzbca #inox #inoxtag #everest #drole #funny #sarcastique #troll #fr #france ,False,,cocottee_,Cocottee_,,,,,,False,,,
7374403752368917793,2024-05-29T08:53:02,65,FR,47700,2602,535,1800000,INOXTAG APRES L’EVEREST 🏔️❄️ #inoxtag #everest #inox #glowup #fyp #tiktok #viral #mathisdumas #humour #2023 ,False,,lesclipsyoutube,Le Meilleur de YouTube,,,,,,False,,,
7372216852577111328,2024-05-23T11:26:42,66,FR,135800,648,505,1000000,inoxtag a vraiment réussi vous pensez ? 😂 #humour #college #lycee #inoxtag ,False,,colinzuka,Colin,,,,,,False,,,
7408649222515445025,2024-08-29T15:42:52,76,FR,774100,44300,3841,5500000,"Le jour où inoxtag va revenir de l'everest d'après ce qu'on sait des chapeaux de paille il nous prépare quelque chose, Inoxtag retour chapeau de paille, Retour inoxtag, Inoxtag chapeau de paille, Inoxtag Est De RetourInoxtag Est De Retour, #inoxtag #inoxtagleshinobi ",False,,x_editing_tv,Dehka_69,,,,,,False,,,
7371487450704694560,2024-05-21T12:16:13,25,BE,57400,2391,970,358200,On est fiers de toi @Inoxleshinobi #inoxtag #viral #fyp #pourtoi #officiel ,False,,gkn_71,GKN,,,,,,False,,,
7410062661133618464,2024-09-02T11:07:46,12,FR,2738,404,80,30300,Oh la fête #inoxtag #ecole #rentree #rentreescolaire #inox #everest #film #cinema #emploidutemps #youtube #youtubeur #ytbfr #inoxtagleshinobi #chance #inoxeverest #montagne #france #ytb @Inoxtag @Inoxleshinobi ,False,,loveklear,love’klear,,,,,,False,,,
7371482323876973856,2024-05-21T11:56:21,64,FR,87100,2915,583,1000000,Inoxtag a enfin atteint le sommet de l’everest 😱😱 #inoxtag #inox #everest ,False,,topdesmedias,Top des Médias 📲,,,,,,False,,,
7364077210837273888,2024-05-01T13:00:46,77,FR,134400,1001,687,930500,Replying to @ERMANOX  T’as envoyé de l’air à Inoxtag ? ⛰️😂 ©️ Radio Télévision Suisse  #trend #inoxtag #everest #montagne ,False,,tatakiii,TATAKI,,,,,,True,Everest Mountain,"Upper Bingara, Gwydir Shire Council, New South Wales, 2404, Australia",Gwydir
7364695404937514272,2024-05-03T04:59:46,9,BE,27400,2339,367,403600,On espère que tu nous entends de là-haut ! 🫶 #inoxtag #pourtoi #trend ,False,,walibibelgium,Walibi Belgium - Aqualibi,,,,,,True,,,
7404550454966881568,2024-08-18T14:37:36,65,FR,11800,63,280,472800,Inoxtag de retour #inoxtag #retour #disneylandparis #2024 #paris #pourtoi #foryou ,False,,le_frelon7,LE FRELON,,,,,,False,,,
7375589940446416161,2024-06-01T13:36:01,64,FR,46000,449,571,1400000,Rencontre avec Inoxtag @Inoxleshinobi #inoxtag #rencontre #disneyland #pourtoi #foryou #fyp ,False,,le_frelon7,LE FRELON,,,,,,False,,,
7360648688928148769,2024-04-22T07:16:21,6,FR,7568,1298,172,39800,|•Jvous jure ça me soule•| ♡︎♡︎♡︎♡︎♡︎♡︎♡︎♡︎♡︎♡︎♡︎♡︎♡︎♡︎♡︎♡︎ |• ##inoxtagytb #inoxtagleshinobi #inox #inoxtag #reve #foryou #viral #pourtoi #fyp #prt •|,False,,inox._.le_shinobi,⤿🅘︎𝑛𝖔Ⓧ︎𝕥𝐚🄶'𝔤🅘︎ᖇ𝓵,,,,,,False,,,
7410131993289182497,2024-09-02T15:36:48,12,FR,429,4,25,6945,Inox arrête de faire ca stp…#inoxtag #snap #instagram @Inoxleshinobi @Michou ,False,,tp.histoire.inox1,tp inox 💞,,,,,,False,,,
7374750689697762593,2024-05-30T07:19:16,6,BE,6110,70,129,493700,Inoxtag en forme depuis son retour de l’Everest ! #foryoupage #inoxtag #youtube ,False,,moneyontrade,Objectif 10K,,,,,,False,Paris,"Island of France, France",
7357380400588672288,2024-04-13T11:53:42,45,FR,10300,302,31,108500,Inoxtag parle du documentaire sur l’Everest 🧐 #inoxtag #everest #youtube #podcast ,False,,arcinoxtag,ArcInoxtag,,,,,,False,,,
7292790985644313889,2023-10-22T10:34:48,63,FR,1500000,31800,6227,13600000,Inox a un message pour vous les reufs 🦾 #inoxtag #inox #motivation #everest #sport #alpinism,False,,monkeydinox,Inoxtag,,,,,,True,,,
7405184185083645217,2024-08-20T07:36:49,17,FR,13400,327,148,246200,Inoxtag est un algérien 😍 Qui l’aurait deviné ? #inoxtag #fianso #algerie #dzpower ,False,,menacesurlaplanete,MenaceSurLaPlaneteRap,,,,,,False,,,
7381507144513850657,2024-06-17T12:17:50,19,FR,419700,6287,3590,4400000,"Je lui ai annoncé une terrible nouvelle, il a pas su s’en remettre … 😔 #michou #inoxtag #humour #pourtoi #triste #youtube ",False,,michouoff,MichouOff,,,,,,True,,,
7371785912834854176,2024-05-22T07:34:26,87,FR,677400,29600,2331,4900000,Inoxtag a-t-il réussi à gravir l’Everest ? On fait le point sur la rumeur ⬆️,False,,hugodecrypte,hugodecrypte,,,,,,True,,,
7392991957011762465,2024-07-18T11:04:41,6,FR,5347,797,5,340100,bientôt de retour il m’a dit #inoxtag #poupet ,False,,jade.ptd,J4de,,,,,,False,Festival De Poupet,"1 Rue des Vendéens, 85590, Saint-Malô-du-Bois, France",La Roche-sur-Yon
7317740607605099808,2023-12-28T15:11:03,66,FR,692500,1078,3876,6800000,La montagne c'est trop beau ⛰😁 #inoxtag #inox #everest #sport #alpinism #motivation,False,,monkeydinox,Inoxtag,,,,,,True,,,
7302916038742576416,2023-11-18T16:24:08,64,FR,125600,113,509,1500000,C’est chaud #inoxtag #michou #fypシ #couple #dobby #anecdote #pourtoi ,False,,1clipeur,1clipeur,,,,,,False,,,
7383410678293466401,2024-06-22T15:24:28,5,FR,38500,156,120,704500,😭 #inox #inoxtag #inoxtagleshinobi #inoxleshinobi #youtube #youtubeurs #youtubeursfrancais #fyp #foryou #foryoupage ,False,,sgblerina,Blerina,,,,,,False,,,
7355424124891663649,2024-04-08T05:22:26,61,FR,59700,1997,1854,1000000,inoxtag everest montagne #inoxtag #inox #everest #montagne ,False,,clipducoin,ClipDuCoin📺,,,,,,False,,,
7408962183045893408,2024-08-30T11:57:23,22,FR,50700,1665,1706,525800,#inoxtag #retour #everest ,False,,nowa.3128,nowa.31,,,,,,False,,,
7402243181548539168,2024-08-12T09:24:18,60,FR,99500,6695,933,1000000,Inoxtag aperçu à Webedia 🦾 #inoxtag #webedia ,False,,inoxmathis,Mathis Dumas Inoxtag Fan,,,,,,False,Paris,"Paris, Ile de France, France",
7319989709273320737,2024-01-03T16:38:46,18,FR,20400,190,86,282900,#pov #tp #inoxtag ,False,,pov.yt_,Hel,,,,,,False,,,
7342452115001888033,2024-03-04T05:24:24,19,FR,794700,12900,3444,9500000,"À votre avis, comment était la nuit ? 😴   #altitude #nepal #inoxtag #roadtoeverest #camp2 #inox #everest ",False,,mathis_dumas,Mathis Dumas,,,,,,True,Himalaya,"Jalan Himalaya, Dau, Kabupaten Malang, Jawa Timur, Indonesia",Malang City
7363398648933158177,2024-04-29T17:07:36,69,FR,40700,1175,821,817600,Vous trouvez ca juste ? 😢#inoxtag #evrest #pourtoi,False,,clipstvmma,🌬️,,,,,,False,,,
7342615258881641760,2024-03-04T15:57:42,76,FR,362100,1000,2866,2400000,J'ai trop hate 😨 #inox #inoxtag #gamingontiktok #zombie #bunker  #48h,False,,monkeydinox,Inoxtag,,,,,,True,,,
7222345007691336966,2023-04-15T14:27:21,191,FR,1200000,13700,4454,8300000,Discipline🦾 Vous aimez ce genre de tiktok ? 😈🙏 #inoxtag #everest #inox #training #sport #jedoismonterleverest #sigma #mental #motivation #pasderalentirondoitreussir #mentaliteshonen #shonen #entrainement ,False,,inoxtag,Inoxleshinobi,,,,,,True,,,
7370430333981920545,2024-05-18T15:54:04,16,FR,49100,1295,306,549000,Eleven All Star ⭐️ #inoxtag #roadtoeverest #elevenallstar #amine #pourtoi ,False,,inoxmathis,Mathis Dumas Inoxtag Fan,,,,,,False,,,
7387362649882823968,2024-07-03T07:00:08,7,FR,25500,197,108,646500,Inoxtag au milieu de nul part 😂  #inoxtag #montagne #roadtoeverest #randonnée #escalade #thenorthface @Inoxtag ,False,,inoxmathis,Mathis Dumas Inoxtag Fan,,,,,,False,,,
7367457334618115361,2024-05-10T15:37:21,8,FR,28100,144,112,392800,Aventures 🏔️ (Compte fan) #roadtoeverest #inoxtag #nepal #everest #amadablam #ascension @Mathis Dumas ,False,,inoxmathis,Mathis Dumas Inoxtag Fan,,,,,,False,,,
7355052424169540897,2024-04-07T05:19:59,60,FR,506800,7278,3123,3300000,Le départ d’Inoxtag pour l’Everest… #inoxtag #edit #everest #triste #santementale #corecore,False,,moola.fr,Moola FRANCE,,,,,,False,,,
7284292907463478561,2023-09-29T12:56:53,21,FR,864600,21900,5361,8300000,SKEU SKEUU SKEUUUU 🤪🤪 avec @GMK ptdrrr #inoxtag #gmk #inox #abberant #skeuskeu #danse #challenge #onadeadca #pourmoi #paspourtoi #avecmonamoureux #love #couplegoal #danseduskeuskeu #jeveuxduskeuskeudanslabouchelol ,False,,inoxtag,Inoxleshinobi,,,,,,True,,,
7354843471322172704,2024-04-06T15:49:06,45,FR,31400,1725,389,198400,Inoxtag départ everest #everest #inoxtag #depart #motivation ,False,,loxyteck,Loxy,,,,,,False,,,
7374829739879451937,2024-05-30T12:26:04,16,FR,16200,644,52,191200,😻😻🍫🎂 #inox #inoxtag #inoxtagleshinobi #youtube #gateau #chocolat #love ,False,,fan_inoxtag001,𑁍 𝒾𝓃ℴ𝓍𝓉𝒶𝑔 𑁍,,,,,,False,,,
7398115142300421408,2024-08-01T06:25:16,7,RS,68800,843,226,1100000,Par contre je savais pas du tout ça @Inoxleshinobi @Inoxtag #inox #inoxtag #inoxtagleshinobi #inoxleshinobi #youtube #youtubeurs #youtubeursfrancais #fyp #foryou #foryoupage ,False,,sgblerina,Blerina,,,,,,False,,,
7354746997527612704,2024-04-06T10:05:00,66,FR,606400,10400,4277,5400000,je connais les risques #inox #inoxtag #sportstiktok #everest #motivation au revoir,False,,monkeydinox,Inoxtag,,,,,,True,,,
7369275627368631585,2024-05-15T13:13:14,14,FR,17200,274,182,278800,En vrai  son est trop bien #roadtoeverest #inoxtag #ascension #nepal #altitude #everest ,False,,inoxmathis,Mathis Dumas Inoxtag Fan,,,,,,False,,,
7364457613699992864,2024-05-02T13:36:55,70,FR,11600,113,867,600300,Rencontre avec Inoxtag #inoxtag #everest #pourtoi #foryou #fyp #viral ,False,,le_frelon7,LE FRELON,,,,,,False,,,
7363305568871746848,2024-04-29T11:06:25,9,FR,184000,9439,1062,1900000,On est avec toi Inoxtag 💪 #ogcnice #ligue1 #inoxtag #everest ,False,,ogcnice,OGC Nice,,,,,,True,,,
7373720711988301089,2024-05-27T12:42:27,13,FR,82200,22200,10900,1700000,Alors t’invite qui ? #inoxtag #everest ,False,,inoxmathis,Mathis Dumas Inoxtag Fan,,,,,,False,,,
7403277424974253344,2024-08-15T04:17:39,12,FR,350,83,3,42400,Fond d’écran 4k #mbappe #realmadridfc #pourtoi #incroyable ,False,,zigoto_5,Inoxtag,,,,,,False,"Santiago Barnabeu Stadium, Madrid, Spain","Madrid, España",Madrid
7408917290575514913,2024-08-30T09:03:06,13,FR,1238,187,120,52800,ENFIN APRÈS 5 MOIS #inoxtag #comeback #fyp #pourtoi #youtube #everest #love #viral #luffy #instagram ,False,,monkeydnzo,エンツォ,,,,,,False,,,
7397723685517380896,2024-07-31T05:06:16,13,FR,2091,270,82,71600,Alors ? #inoxtag #cuba ,False,,inoxmathis,Mathis Dumas Inoxtag Fan,,,,,,False,,,
7393823152675114272,2024-07-20T16:50:11,33,FR,8622,152,27,63600,Remettez-vous constamment en question 🧠👀 #inoxtag #motivation #everest #discours #réel ,False,,arcinoxtag,ArcInoxtag,,,,,,False,,,
video_id,video_timestamp,video_duration,video_locationcreated,video_diggcount,video_sharecount,video_commentcount,video_playcount,video_description,video_is_ad,video_stickers,author_username,author_name,author_followercount,author_followingcount,author_heartcount,author_videocount,author_diggcount,author_verified,poi_name,poi_address,poi_city
7409441252837543201,2024-08-31T18:56:28,36,NL,33200,8527,150,180700,HAPPY SEPTEMBER 🥹🎉 #fy #fyp #september #nostalgia #childhood #2000s #foryou #kaicenat #kaicenatclips #music ,False,,jydnsy,JYDNSY,,,,,,False,,,
7409407977892924678,2024-08-31T16:47:20,8,TN,534100,43200,3915,1900000,#september #autumn #fall #leaves #gilmoregirls #cookies #baking #rain #tea #coffee #fyp #viral ,False,,lolitaaa14,⋆˙˖˚,,,,,,False,,,
7409621693318171936,2024-09-01T06:36:40,9,FR,100700,3598,494,451900,manifesting the best for this new month 🤍 #september #newmonth #firstofthemonth #luckygirlsyndrome #manifestation #luckygirl ,False,,wellnessmae,MAELYS | Wellness & selfcare,,,,,,False,,,
7409209976796876065,2024-08-31T03:58:55,8,PL,55600,1971,1625,263300,my hair is wet! #fypシ゚ #september #school #relatable ,False,,puffervibes,👑,,,,,,False,,,
7409698797426691360,2024-09-01T11:35:50,17,SK,219000,7739,379,724700,already missing the peace of summer #summer #wakemeupwhenseptemberends #greenday #aesthetic #summeraesthetic #nature #cats #pinterest #pinterestaesthetic #pinterestboard #core,False,,c4ndyn3ckl4c3s,☆,,,,,,False,,,
7409664366666059013,2024-09-01T09:22:11,32,BO,240500,15000,395,1200000,"September | Earth, Wind & Fire #septiembre #september #disco #clasico #fyp #foryou #parati #music #lyrics #song #Viral #trending #estados #dedicar #rolitas ",False,,love._2_.hate,Love2Hate,,,,,,False,,,
7409244965328440582,2024-08-31T06:14:43,19,DZ,179000,13000,3307,1200000,Hit the follow 🫶🏻🤎🤎#fyp #fall #autumn #september ,False,,artemiise,st✩rgirl,,,,,,False,,,
7409430556628241669,2024-08-31T18:14:54,10,US,441800,18000,5752,1900000,Temgo hambre #yellow #coldplay #amor #canciondeamor #dedicar #september #1rodeseptiembre #imagine #💕💕💕 ,False,,certainlynotluke,🐛,,,,,,False,Meow Meow,"3950 Doniphan Dr, El Paso, Texas 79922-1309, USA",El Paso
7409566099223629099,2024-09-01T03:00:54,10,US,38200,3951,415,577500,today is national post ir appreciation day for your girlfriend/boyfriend #september1st #real #fyppppppppppppppppppppppp #trend #couple @ilove𖣂 ,False,,_camitbh,_camii,,,,,,False,Cutie Patootie Princess Spa,"116 W John St, Matthews, NC 28105, United States",Matthews
7409541589242023174,2024-09-01T01:25:49,10,MX,964000,293300,2306,5000000,🤍 #girls #september #manifestation ,False,,rosspicklee,sweet pickle 🧚🏻‍♀️,,,,,,False,,,
7407420674123336966,2024-08-26T08:15:29,11,ID,162300,15300,4835,981500,#4u #september ,False,,ma.cica,macica★,,,,,,False,,,
7408689177274961159,2024-08-29T18:17:53,13,CA,35400,18800,526,383800,"For a budget-friendly weekend activity this September, head over to your local Cineplex, where you can watch movies for just $3.99 🎥🍿 #cineplex #movies #canada #tiktokcanada #cineplexmovies #affordablemovies #september #movietheatre ",False,,freshdailyca,Freshdaily,,,,,,True,,,
7409472140132486408,2024-08-31T20:56:20,6,AU,42500,691,475,800700,Goodbye winter hello spring!! How is it the 1st of September already!? 🫣🫱🏻‍🫲🏼 #firstofthemonth #wakeup #itsthefirstofthemonth #september #september1st #september2024 #winter #australia #aussie #spring #trending #fyp #fypシ #firstdayofspring ,False,,graciemaesinclair,Graciemae Sinclair,,,,,,False,,,
7381061655377005857,2024-06-16T07:29:03,22,GB,257300,28200,1136,1700000,"77 days until september 1st 🍂☕️🤎🍁🕯️🧦🎃🧸✨ autumn on the mind, always! #autumnaesthetic #autumnvibes #september #fallvibes #cosyvibes #cozyvibes #cozyseason #cozyaesthetic #fallaesthetic #autumn #fall #bermonths #pumpkinseason #pumpkinpatch #autumnmood #autumnseason #falltiktok #autumntok #falltok #foryoupage #octobermood ",False,,cosyautumnco,the cosy autumn collective 🍂,,,,,,False,,,
7409002016158141728,2024-08-30T14:31:57,9,GB,1100000,17100,4912,6400000,Manifesting 🤞🏼🎀💗#manifestation #goodvibes #mabifesting #september #newmonth #gilmoregirls #girlmoregirlstiktok #fyp #foryou #foryoupage #foryoupageoffical #foryoupageofficiall #viral #viralvideo ,False,,ambermcleanx,𝐀 𝐌 𝐁 𝐄 𝐑 🎀,,,,,,False,,,
7408488546346093856,2024-08-29T05:19:25,7,PL,51600,938,694,274200,#cleangirl #foryou #teamwork #1k #manifestation #girlssupportgirls #outfit #september #888 #aesthetic #pinterest ,False,,.annie.000,ann,,,,,,False,,,
7408051403031203089,2024-08-28T01:03:02,16,PH,62300,7292,1092,2400000,#CapCut #templatecapcut #helloseptemberfy #septembertemplate #newtrending #foryoutemplate #fypfypfypfypfypfypfypfypfypfypfyp #fypppppppppppppppppppp #template #fyppppppppppppp #template #newfypシtrend #foryoupage #newtrend #aesthetic #aestheticedits ,False,,videosnotbrandedcontents,ᵛⁱᵈᵉᵒTEMPLATESⁿᵒᵗᵇʳᵃⁿᵈᵉᵈ,,,,,,False,,,
7384199485439741190,2024-06-24T18:25:25,59,PE,95500,8072,682,982300,"September - Earth, Wind & Fire ✨ #lyrics #letras #lyricedits #music #viral #traducciones #romantic #80smusic #90s #pop #song #musica #80saesthetic #september #earthwindandfire #florkabmusic ",False,,florkabmusic,Florkab Music,,,,,,False,,,
7409549196727962885,2024-09-01T01:55:22,39,PE,97700,20400,678,2800000,Septiembre #wakemeupwhenseptemberends #greenday  #september #setiembre #fyp ,False,,maryjeon22,MaryJeon,,,,,,False,,,
7410127221354138926,2024-09-02T15:18:17,45,US,13500,50,102,87100,September 5th… mark your calendars 🗓️ #ote #hoops #basketball @official_jas.com ,False,,ote,ote,,,,,,True,,,
7409353615053262088,2024-08-31T13:16:20,12,PH,51100,4865,461,477300,POV: It’s September 1 in the Philippines 🇵🇭🎄✨🫣🤭🤪🤣  Pasko na sa Pilipinas! I-full blast niyo na yung Christmas in our Hearts ni Jose Mari Chan 🎄😜  #pasko #paskongpinoy #maligayangpasko #paskosapinas #paskosatiktok #christmasinourhearts #josemarichan #september #september1st #christmas #christmastree #christmasdecor #christmasdecorations #christmaslights #christmastime #christmasmood #christmasdecorating #christmascountdown #merrychristmas #christmasvibes #christmasspirit #christmasornaments #christmasmagic #navidad #feliznavidad #natal #feliznatal #arboldenavidad #lucesnavideñas #lucesdenavidad #lucesdecorativas #decor #decorating #happychristmas #decoration #christmasornaments #christmastiktok #septiembre #happyseptember ,False,,mrpanicattack1,Mr Panic Attack,,,,,,False,Quezon City,"Manila, Metro Manila, Philippines",
7409822753387220255,2024-09-01T19:36:53,32,US,414900,10800,1914,2900000,SEPTEMBER 1ST - ITS GAME TIME.. #halloween #fall #falldecor #halloweendecorations #fallaesthetic ,False,,mikaylanogueira,Mikayla Nogueira,,,,,,True,,,
7409456584922844448,2024-08-31T19:56:15,10,PL,770800,580100,6841,3300000,#jenner #kardashians #foryoupage #fypage #fyp #september #krissed #krisjenner ,False,,jaspkac,Lixy,,,,,,False,,,
7409580510415949088,2024-09-01T03:56:47,21,IT,41100,3424,84,178500,September 1st and still waiting for that letter 💌🚂⚡️🍂🤎 i went to scotland last year and it felt like home 🤎 #scotland #harrypotter #september1st #hogwarts #booktok #fall #hogwartsexpresstrain ,False,,annnesbooks,annasreading,,,,,,False,,,
7408067548945714465,2024-08-28T02:05:59,10,IE,82400,35900,1425,738200,Nooo.. i want my cold and crispy weather !!!  #Meme #MemeCut #CapCut #autumn #autumnvibes #autumnfalls #fall #fallvibes #fall #bermonths #cozy #cozytok #fyppppppppppppppppppppppp #fypages #fypage #fypp #fyp #September ,False,,ravensflightmanor,🦇 RavensFlightManor 🦇,,,,,,False,,,
7408988517847616773,2024-08-30T13:39:36,27,NG,101600,662,662,1600000,#CapCut #lastborns #september #video #newsound #trending #trendingsound #capcuttemplate ,False,,chiomzynation1,last Born 🌺,,,,,,False,,,
7407427026962976005,2024-08-26T08:40:09,110,NG,335100,44600,59800,2500000,September Prophetic Declarations - Apostle Joshua Selman #apostlejoshuaselman #koinoniaglobal #koinonia #fyp #thestandouttv #selman #joshuaselman #eni #advice #apostlejoshuaselmannimak #apostlearomeosayi #apostlemichealorokpo #apostlearomeosayiqoutes #apostlejoshuaselmansermons #koinoniaabuja #Prayer #September #propheticword #propheticdeclaration #newmonth ,False,,thestandouttv,StandOut Tv,,,,,,False,,,
7409755694993280289,2024-09-01T15:16:36,87,NG,29100,2894,6404,223900,Specially made for my September kings & Queens 👑 | Book and pay for shoutouts🔥 #september #septemberbaby #fyp #fypage #fyppppppppppppppppppppppp #foryou #foryoupage #viral #viralvideo #viraltiktok #birthmonth ,False,,officailpdipdi1,Officailpdipdi1,,,,,,False,,,
7409744821096598817,2024-09-01T14:34:24,12,ES,191800,3595,555,939700,Me temporada favorita sin duda #1september #maryonacross #fall #otoño #redhair ,False,,jana.riddle,Jana🕯️,,,,,,False,,,
7408805046550383889,2024-08-30T01:47:35,16,PH,109800,9345,334,3300000,#CapCut #templatecapcut #welcomeseptemberfy #templatecapcuttrend #welcomeseptember #fyppppppppppppp #fypfypfypfypfypfypfypfypfypfypfyp #templateforyou #foruuuuuuuuuuuuuuuuuuuuuuuuuuuuuuuuuu #fypp #estetik ,False,,videosnotbrandedcontents,ᵛⁱᵈᵉᵒTEMPLATESⁿᵒᵗᵇʳᵃⁿᵈᵉᵈ,,,,,,False,,,
7409338513503669511,2024-08-31T12:17:39,15,PH,27600,2891,1193,195600,🙏🙏 #ee_chil #sagittarius♐️ #September #bermonths ,False,,ee_chil,sagittarius♐,,,,,,False,,,
7409442224078867744,2024-08-31T19:00:11,14,GB,361800,55100,1979,1400000,WAKE UP EVERYBODYYY 1️⃣🔥🔥🗣️🗣️🗣️ // #firstofthemonth #september #cows #wakeupitsthefirstofthemonth #wakeup #riseandshine #school #marvel #fypシ゚ #millhenge,False,,millhenge,milly 🐜,,,,,,False,,,
7409442322846469409,2024-08-31T19:01:17,18,IE,715900,244800,7381,4400000,WAKE UP ‼️ ITS THE FIRST OF THE MONTH ‼️ || Happy 1st September everyone! || #wakeupitsthefirstofthemonth #itsthefirstofthemonth #zyxbca #foryou #viral #fyp #ardovfx ||,False,,ardo.vfx,ardo.vfx,,,,,,False,,,
7389348213943291142,2024-07-08T15:25:06,11,ME,411200,21700,4100,2600000,🥂 || #fyp #viral #xybca #fashion #blowthisup #vouge #moodboard #gold #september #septembergirl ,False,,miliqaz,ℳ,,,,,,False,,,
7409408280029711622,2024-08-31T16:48:34,20,ID,1000000,39300,3941,5700000,#bernadya #september ,False,,ryuspt,rysptr,,,,,,False,Taman remaja surabaya,"Jl. Kusuma Bangsa No.110, RT.005/RW.04, Tambaksari, Kec. Tambaksari, Surabaya, Jawa Timur 60272, Indonesia",Surabaya
video_id,video_timestamp,video_duration,video_locationcreated,video_diggcount,video_sharecount,video_commentcount,video_playcount,video_description,video_is_ad,video_stickers,author_username,author_name,author_followercount,author_followingcount,author_heartcount,author_videocount,author_diggcount,author_verified,poi_name,poi_address,poi_city
7398572251768966405,2024-08-02T11:59:05,63,BR,455000,76400,17200,9000000,#CapCut Dress to impress - ALL codes   they are all in the comments   #dresstoimpress #code #new #roblox #sabrinacarpenter #fyp #viral #foryou #fyyyyyyyyyyyyyyyy ,False,,ghostdti,ghostDTI,,,,,,False,Roblox,"59 Av. Alexandre Ansaldi, 13014 Marseille, France",Marseille
7409034816982715680,2024-08-30T16:39:19,51,IE,654200,62000,4279,4500000,@Dress To Impress 🏝️  Mini UPDATE is here! 🎀👻 #dresstoimpress #lanalore #update #dtiupdate #dticode #roblox #dti ,False,,heavensscar,heavensscar ⭐️,,,,,,False,,,
7389472891127024901,2024-07-08T23:28:54,16,BR,119000,5270,886,923800,this is amazing! 👨🏻‍💻✈️#programacao #tech #ti #dev #travel #softwareengineer #code #programming ,False,,rafaazvd,Rafael Azevedo 👨🏻‍💻,,,,,,False,,,
7404565149996125445,2024-08-18T15:34:37,5,CH,172000,3258,1322,1300000,@Sneakerowner | code 25 #fyp #fy #trending #viral ,False,,elderekk_,Derek🇩🇴,,,,,,False,,,
7398320035925871918,2024-08-01T19:40:21,12,US,162800,25500,2143,3000000,Whats your opinion on the new update? #dti #dresstoimpress #fyp #roblow #dticodes #blowup #dresstoimpressroblox #blowthisup #dresstoimpresscode #viral #fyppppppppppppppppppppppppppppppppppp #pinkhearts0  ,False,,p1nk_heart0,🎀,,,,,,False,,,
7389549985496370475,2024-07-09T04:28:12,111,US,7514,852,144,105800,The art of beatboxing @Petr Sarancha #fyp#foryou#beatbox#talent#art#beatboxing#helium#russia#music#song#mindblown#mindblowing#codebbx#final#goodbyetiktok,False,,code.bbx,Code,,,,,,False,,,
7398272218960088326,2024-08-01T16:34:47,32,CA,495800,32200,1947,4800000,You need to complete the quest for the mermaid tail!! #dressup #dress #dti #dressroimpress #roblox #codes #outfit #🍉 #fyp #fypシ゚viral ,False,,munalovesdti,Muna🌙,,,,,,False,,,
7410135218704731424,2024-09-03T06:00:00,40,GB,1648,22,91,32100,"Chelsea fans are SCARED of what Raheem Sterling will achieve at Arsenal! 👀  🤑 Use code ‘AFTV10’ for an EXTRA 10% OFF all boohooMAN menswear, excluding selected lines - link in bio! 🔗 #BiasedPremierLeague #AFTV #Arsenal #PremierLeague #MikelArteta",False,,aftvmedia,AFTV,,,,,,True,,,
7376229959897058561,2024-06-03T06:59:39,19,KR,3500000,95300,57100,20000000,🥟룩앳럿🥟 📑현진이의 챌린지 숙제 끝! #StrayKids #스트레이키즈 #현진 #Hyunjin #스키즈코드 #SKZCODE #노노캠핑 #KnowKnowCamping #YouMakeStrayKidsStay,False,,jypestraykids,Stray Kids,,,,,,True,,,
7388600145681730822,2024-07-06T15:02:12,19,MX,162700,6619,3396,4000000,"Canjea Cabello Free UGC. ¡Corre a conseguirlo!  ""50k de usos, próximamente lanzan otro code"" Debido a que Avatar Catalogo Gano en Los Roblox Innovation Awards, lanzaron este cabello. #roblox #easy #fyyyyyyyyyyyyyyyy #p #robloxfypシ #Viral #fpryou #ugc #robloxugc #run #fast #code #catalogo #robloxfyp ",False,,oficialtacito,Tacito,,,,,,False,,,
7410416113672064288,2024-09-03T09:59:22,15,GB,691,2,32,6132,"Prettiest contacts from @TTDeye Colored Contact Lens , use code: MOONA  for 20% off your orders :) #fyp #ttdeyecontacts ",False,,earthsunmoona,🍉🍉,,,,,,False,,,
7410434940308966689,2024-09-03T11:12:29,61,GB,482,3,8,4608,Join our Super 6 league code: PTCH24,False,,pitchsidepod,Pitch Side,,,,,,False,,,
7410418823595101472,2024-09-03T10:09:53,5,DE,190,0,10,2297,Haare besser offen oder halb geschlossen? 🤔| Bei @AYLASHES® bekommt Ihr mit dem Code: Ola 20% auf die gesamte Bestellung 🛍️ Trage im Video die Wimpern: The Iconic \ Anzeige #haare #frisur #sleekhair #wimpern #wimpernverlängerung #diywimpernextensions #aylashes ,False,,ola.glos,𝙊𝙡𝙖.𝙂𝙡𝙤𝙨🙅🏼‍♀️🇵🇱,,,,,,False,,,
7377233396415778094,2024-06-05T23:53:24,60,US,3380,69,37,48500,BEATBOXER: D-Low 🇬🇧 | @DlowMusic #fyp#foryou#beatbox#talent#dlow#worldchampion#gbb2019#music#dubstep#insane#human#sound#beatboxing#song#xyzbca#2024#codebbx,False,,code.bbx,Code,,,,,,False,,,
7399670372909452577,2024-08-05T11:00:23,13,DK,2700000,178500,19400,14500000,Joining this trend 🤭 @DFYNE | code: MIE #gym #fitness #gymrat #gymgirlsoftiktok #gymrat #gymgirlsoftiktok #gymtok #gymgirl #fittok #girlswholift #gymmotivation #transformation #progress ,False,,movesenlifts,Mie,,,,,,False,,,
7410413922022460705,2024-09-03T09:50:58,43,DE,1059,12,67,11700,"Anzeige| Mit dem Code ,,fabi“ könnt ihr bei jeder @LFP Official Bestellung 10% sparen #fußball #fyp #freekicks #footballtiktok #foryoupage #soccer #fürdich ",False,,fabi_freestyle_10,fabi_freestyle_10,,,,,,False,,,
7410406851096939809,2024-09-03T09:23:40,11,GB,1564,2,28,10100,full outfit from @White Fox Boutique use my code “ZIANITT” for money off🤍#whitefox ,False,,zianixcampbell,ziani😚,,,,,,False,,,
7370361239362391329,2024-05-18T11:30:19,54,SK,292600,4219,8590,6200000,Did they hit the center at the same time? 🤔 #satisfying #asmr #asmrsounds #oddlysatisfying #meme #memes #dance #relax #soothing #music #melody #song #programming #code #physics,False,,codecraftedphysics,CodeCraftedPhysics,,,,,,False,,,
7359220871824805153,2024-04-18T10:55:56,66,SE,2800000,81800,12600,14700000,This ep was so funny 😭 #skzcode #lovestraykids #스트레이키즈 #straykids #straykids4thgenleaders #stay #skz #fyp ,False,,hwajinni39,𝙃𝙬𝙖𝙟𝙞𝙣𝙣𝙞 囍,,,,,,False,,,
7367916058725977387,2024-05-11T21:17:28,177,SE,1200000,35600,17100,11500000,thanks for all the love and thanks to everyone who has been a part of this journey. we did it! 💖 #eurovision #thecode @Eurovision ,True,,nemothingsss,nemothingsss,,,,,,True,,,
7410413137985293600,2024-09-03T09:47:50,13,NO,1199,68,6,11200,Ad|✨🍂Temu $100 coupon bundle🍁✨code[dmq3823]🆓Free shipping and free return in 90 days🥳to all new app users with qualified orders ✨ #fyp #fashion #clothes #summer #outfitideasformen #mensfashion #style #outfit #temu #temuhaul #temufinds #whattowear #ootd #fashionfinds #temuholidayfinds #temuholidayseason #temu #temufinds #temunorge,False,,aandreaothilie,ANDREA OTHILIE,,,,,,False,Bergen City Centre,"Torgallmenningen City SQUARE, Bergen, Norway",Bergen
7390885837375950113,2024-07-12T18:51:58,17,GB,119100,11000,15,2400000,how is this map still up 💀 #fortnite #fyp #chapter5 #rareskins #mapcode #fortniteclips ,False,,youtube_doodlefn,Code Doodlefn,,,,,,False,,,
7392059169349635370,2024-07-15T22:45:02,22,US,165100,1647,1209,1200000,#shein #sheinhaul #sheincodes #fypage #sheintryonhaul ,False,,garcia_.jazmin,garcia_.jazmin,,,,,,False,,,
7369509647117733166,2024-05-16T04:22:17,24,CH,692300,7746,8629,14700000,theowback to first day of trying out the spinning top 🌸 #eurovision #thecode #nemo #nemothecode ,True,,nemothingsss,nemothingsss,,,,,,True,Malmö Arena,"Hyllie boulevard, Hyllie, Väster, Malmo, Malmö kommun, Skåne County, SE-M, 21532, Sweden",Malmö
7397884209605430561,2024-07-31T15:29:09,10,DE,319700,32400,1664,5100000,Hab den Code in meiner Story! Ig - marlonxms (bin öffentlich!)❤️ #speed #ishowspeed #kfc ,False,,marlonxms,marlon,,,,,,False,,,
7410395982732741893,2024-09-03T08:41:17,148,GH,1121,6,21,7009,🤣🤣🤣🤣 . #meme #comedy  Get 300% bonus on your first deposit when you register with my promo code “KCRE300” for more information visit the link in my bio,False,,kcreietin,Kcreietin,,,,,,True,,,
7383706587719929094,2024-06-23T10:32:40,8,PK,212700,6617,760200,13400000,.viral trick on WhatsApp group in bio . try now #newtrick #newtrand #newemojis #newcodes #fyppppppppppppppppppppppp #foryoupage #foryou ,False,,rk.edtis1230,😎RK 🖤EDTIS✂️⚙️.  💧,,,,,,False,,,
7410319627164585248,2024-09-03T03:45:02,109,FR,712,11,17,14100,,False,,hajourazglam,Hajourazglam,,,,,,False,,,
7396026921647082757,2024-07-26T15:21:55,19,DZ,133000,13700,636,986200,Programming >>>#computerscience #dz #computersciencestudent👩‍💻 #viral #foryou #fypシ゚viral #programming #python #heartpython #heart #pyhtonprogramming #algerie🇩🇿 #informatique #codeprogrammierung #,False,,kawwss6,kawwss,,,,,,False,,,
7365423845496327456,2024-05-05T04:06:24,78,IT,409800,7174,5051,3200000,WHATTT?? @Eurovision  is in 2 dayss 🤩 Waiting for this masterpiece 👀🎀🦩 They’re an icon @nemothingsss 🇨🇭🫶🏼 @RaiPlay @Junior Eurovision    #cover #winner #icon #thecode #eurovision #jesc2022 #jescita #escswitzerland #2024 #esc2024 #song #rap #singer #artist #opera #waiting #switzerland #contest #rehersal #stage #malmö #sweden #nemo #raiuno,False,,chaneldilecta,chaneldilecta,,,,,,False,,,
7410413942071102752,2024-09-03T09:51:01,46,DE,1030,19,5,6372,"@Edikted try on haul, rabattcode: MIAGNR10 #edikted #ediktedad #fashiontiktok #unboxing #fyp #ootd #outfitinspo",False,,_mia.gnr,mia,,,,,,False,,,
7410426228005539079,2024-09-03T10:38:34,14,DE,1999,33,23,13600,my dress is from Farrah C ❤️ Use code Jamina for 15% off #işbirliği ,False,,fairyd0st,jamina,,,,,,False,,,
7410361730959772974,2024-09-03T06:28:33,22,GE,445,10,22,4514,"✨ Sharing my favorite new finds from Stylevana! The hair mask is an absolute lifesaver for my locks, and the moisturizing cream and lip-and-cheek tint have become must-haves in my daily routine. ✨ By the way, you can get up to 25% off at Stylevana with the promo code INF10BRUKE for the next two weeks. Don’t miss out! 💖",False,,littlebruke,Ann Sitkina,,,,,,False,,,
video_id,video_timestamp,video_duration,video_locationcreated,video_diggcount,video_sharecount,video_commentcount,video_playcount,video_description,video_is_ad,video_stickers,author_username,author_name,author_followercount,author_followingcount,author_heartcount,author_videocount,author_diggcount,author_verified,poi_name,poi_address,poi_city
7408322306088406303,2024-08-28T18:34:25,26,US,26400,855,265,154600,DGD 🫡 #collegefootball #nfl #godawgs #athens ,False,,footballuga,Georgia Football,,,,,,True,,,
7410178053084630303,2024-09-02T18:35:37,137,US,3049,293,54,17300,🎬Victory Highlights |Game One #collegefootball #fyp #cinema #recap #GoDawgs ,False,,footballuga,Georgia Football,,,,,,True,,,
7409328081443228971,2024-08-31T11:37:12,44,US,5778,26,48,68600,who’s that comin down the track???? ❤️🖤 #godawgs #georgiafootball #uga #football #georgiabulldogs ,False,,kenz.holton,Mackenzie Holton,,,,,,False,,,
7409309675432299807,2024-08-31T10:25:59,9,US,3758,209,26,50900,first game day ootd! #godawgs #uga #foryoupage #fyp #foryou #,False,,ellieatkinson311,Ellie🍸,,,,,,False,,,
7409462084678831390,2024-08-31T20:17:18,21,US,9524,138,120,79600,We see you 16👀 #collegefootball #godawgs #uga #fyp ,False,,footballuga,Georgia Football,,,,,,True,,,
7379399972308929834,2024-06-11T20:00:50,24,US,91400,9122,981,552900,Is it August 31st yet? #godawgs #ncaa25 #fy #uga ,False,,footballuga,Georgia Football,,,,,,True,,,
7390589481117551918,2024-07-11T23:41:51,32,US,114100,2097,319,512400,Only 1 Sony 🐶 #sonymichel #georgiafootball #georgiabulldogs #georgiabulldogsfootball #nickchubb #bakermayfield #football #footballtiktok #nfl #collegefootball #rosebowl #godawgs #cmc #christianmccaffrey ,False,,killboppa,Boppa,,,,,,False,,,
7406144533622246698,2024-08-22T21:43:24,13,US,24600,8252,303,177700,Go Dawgs! #UGA #Dawgs #collegefootball #fy #GoDawgs #Georgia #Gameday,False,,_takeachance19,Chance,,,,,,False,,,
7409763189933591839,2024-09-01T15:45:46,19,US,6321,381,95,35300,#RBU  #collegefootball #godawgs #GoDawgs #,False,,footballuga,Georgia Football,,,,,,True,Mercedes-Benz Stadium,"1 AMB Dr NW, Atlanta, GA 30313, United States",Atlanta
7406476861951233311,2024-08-23T19:13:08,8,US,73100,543,246,406900,Let’s have a day 😎 #godawgs #collegefootball #uga #athens ,False,,footballuga,Georgia Football,,,,,,True,,,
7407514056648674602,2024-08-26T14:17:57,10,US,10000,786,93,53400,celebrating our favorite dawgs on national dog day 🫶 #fyp #nationaldogday #universityofga #georgiabulldogs #uga #college #collegelife #universityofgeorgia #godawgs #foryoupage ,False,,universityofga,UGA,,,,,,True,Sanford Stadium,"100 Sanford Dr, Athens, GA 30602, United States",Athens
7408218192713125151,2024-08-28T11:50:19,19,US,8817,99,10,131800,"don’t wish, make it happen!!! #volleyballplayer #volleyball #libero #universityofgeorgia #godawgs #volleyballworld ",False,,baileycox33,Bailey Cox,,,,,,False,,,
7311843747199847723,2023-12-12T17:48:14,8,US,156900,1172,560,957500,That’s a wrap for the 22’-23’ cheer season! #godawgs #cheerszn23 ,False,,hayleys._.backup01,Hayley🐆,,,,,,False,,,
7410020249698880799,2024-09-02T08:23:44,14,US,2767,73,40,18400,Just give me my money💰🤌🏻   #RBU #collegefootball #godawgs #stiffarm #top10 ,False,,footballuga,Georgia Football,,,,,,True,Mercedes-Benz Stadium,"1 AMB Dr NW, Atlanta, GA 30313, United States",Atlanta
7406131481254300958,2024-08-22T20:52:52,90,US,7988,876,91,71000,Is it Crayon or Crayon? 🖍️ #godawgs #collegefootball #athens ,False,,footballuga,Georgia Football,,,,,,True,,,
7265093850274843947,2023-08-08T19:14:48,89,US,64600,22800,589,748200,🔴Go Dawgs⚫️ . . . . . The best Georgia Hype video yet! • • • #georgia #georgiafootball #georgiabulldogs #godawgs #bulldogs #football #sec #action #cfb #edit #editor #red #black #fy #fyp #viral ,False,,jmac_productions,JMAC_PRODUCTIONS,,,,,,False,,,
7404543762271178026,2024-08-18T14:11:38,60,US,34400,4053,256,284200,Go Dawgs #uga #cfb #hype #video #xybca #repost #georgia ,False,,ugasports,UGASPORTS,,,,,,False,,,
7407151448070360363,2024-08-25T14:50:46,29,US,1363,69,337,44300,"I'm ready, are you? 🖤❤️🐾🏈 #collegefootball #redandblack #georgiafootball #godawgs #fyp ",False,,koko.wyman.7,Korie ❤️🖤🐾,,,,,,False,,,
7406375098229329195,2024-08-23T12:38:11,31,US,15400,617,97,178700,"New season, new look🖤 We’re bringing back the black with these gorgeous uniforms by @Trimsuits by Show-Off, Inc We can’t wait to show these off this season!! Special thank you to Art Morrison for taking our formal uniform pictures!  #godawgs #ugaflagline #uga #colorguard #band #newuniforms #backtoblack #redcoat #ugafootball #football #marchingband #collegemarchingband #collegefootball #sec #gameday #wgi #dci #sapa #ugawinterguard #poms #dance #flag #dawgs #sparkle #sparkles #beyonce",False,,ugaflagline,UGA Flagline,,,,,,False,,,
7377059979875847466,2024-06-05T12:40:29,12,US,39200,1836,386,250600,This is your reminder that there are 44 days till EA Sports College Football 25 comes out and 94 days till we’re back between the hedges 🫡  #fyp #universityofga #georgiabulldogs #godawgs #college ,False,,universityofga,UGA,,,,,,True,,,
7409693029646224670,2024-09-01T11:13:30,6,US,12100,38,36,229700,And the curls were gone 30 minutes later #uga #college #dawgs #georgiafootball #ugamajorettes #ugafootball #sec #cfp #godawgs #universityofgeorgia ,False,,addie_dellinger,addie_dellinger,,,,,,False,Athens,"Georgia, United States",
7400372957106769194,2024-08-07T08:26:47,47,US,185300,11400,1294,1200000,sad seeing him get old🥲 #obj#fyp #nyg,False,,dawgs4natty1,GoDAWGS,,,,,,False,,,
7395257004471766303,2024-07-24T13:34:18,12,US,30800,8173,677,131100,besties #godawgs #butler #d1athlete ,False,,emilytodor,Emily Todor,,,,,,False,,,
7410394481783999786,2024-09-03T08:35:23,62,US,47,4,1,380,#duet with @Row Sixty: Georgia 🏈 Podcast #uga #fypシ゚viral #GoDawgs #HBTFD Get accustomed to it. Nothing changes. ,False,,the_dawg_father,TheDawgFather,,,,,,False,Sanford Stadium,"100 Sanford Dr, Athens, GA 30602, United States",Athens
7318592481694666030,2023-12-30T22:17:00,50,US,72200,7701,1823,1100000,#UGA HC Kirby Smart kinda gave College Football a piece of his mind over FSU’s opt-out debacle #GoDawgs ,False,,dawgshq1,DawgsHQ,,,,,,False,,,
7407139655604440366,2024-08-25T14:05:00,25,US,3906,748,162,39000,Just a few more days!!! GO DAWGS!!!#georgia #georgiafootball #georgiabulldogs #sec #dawgs #fypシ゚viral #kirbysmart #FYP #clemson #clemsontigers ,False,,tws___3,Tyson,,,,,,False,Sanford Stadium,"100 Sanford Dr, Athens, GA 30602, United States",Athens
7410387020931042606,2024-09-03T08:06:27,10,US,5,0,2,46,Great way to start the season #godawgs  #godawgsbaby  #fy  #fypage  #uga  #fypシ゚viral  #fypage #collegegameday  #fypシ゚viral ,False,,jerredscreen8,Jerred,,,,,,False,,,
7409327675002703147,2024-08-31T11:35:40,11,US,2102,31,16,30800,& don’t forget… go dawgs #collegefootball #georgiafootball ,False,,danielle_carolan,DANIELLE CAROLAN,,,,,,False,,,
7343431528044645675,2024-03-06T20:45:01,13,US,11000,77,105,140900,go dawgs ,False,,davidjcountry,David J,,,,,,True,,,
7367791934665919786,2024-05-11T13:15:48,28,US,947,62,51,38400,#fypシ゚viral #godawgs #readyforfootball ,False,,dirtyhandscleanmoney_90,Josh,,,,,,False,Athens,"Georgia, United States",
7410197238447607071,2024-09-02T19:50:04,10,US,77,5,1,1031,Carson Beck had s huge day #carsonbeck #godawgs #ugasports #Georgia #ugasports #UGA #Bulldogs #georgiafootball @Rivals @TheDawgFather @HBTFDAWGSCAST Georgia football ,False,,ugasports.com,Georgia Bulldogs on UGASports,,,,,,False,,,
7410261987852324142,2024-09-03T00:01:17,32,US,23,0,0,262,#uwhuskiesfootball #webackbaby #collegefootball #godawgs ,False,,bethieej,BJ,,,,,,False,,,
7410393746929454366,2024-09-03T08:32:40,11,US,85,0,2,516,GAMEDAYS ARE SO BACK. #ugacheer#ugafootball #georgiavsclemson #godawgs🐾 #mercedesbenz #transition #collegecheer ,False,,reese_rountree,reese,,,,,,False,,,
7410211450767117599,2024-09-02T20:45:14,137,US,382,34,4,6015,Check THESE out🔥 Dawgs roll Clemson💪 #uga #godawgs #georgiabulldogs #Georgia #georgiafootball #georgiabulldogsfootball #ugafootball #collegefootball #athensgeorgia #football #sanfordstadium #georgiaclemson #kirbysmart #clemson #clemsonfb #clemsonfootball #clemsontigers #daboswinney #carsonbeck ,False,,ugasports.com,Georgia Bulldogs on UGASports,,,,,,False,,,
7383345699217247534,2024-06-22T11:12:21,5,US,6964,373,75,86100,What’s the coming down the tracks?? Easy Georgia W. #euros #euro2024 #georgia #godawgs #soccer #football  #greenscreen ,False,,the18soccer,The18,,,,,,True,,,
video_id,video_timestamp,video_duration,video_locationcreated,video_diggcount,video_sharecount,video_commentcount,video_playcount,video_description,video_is_ad,video_stickers,author_username,author_name,author_followercount,author_followingcount,author_heartcount,author_videocount,author_diggcount,author_verified,poi_name,poi_address,poi_city
7409035604203162911,2024-08-30T16:42:21,19,US,6728,218,129,40800,"Three years later, we meet again at the Benz…  #godawgs #collegefootball #uga #mercadesbenz #atlanta ",False,,footballuga,Georgia Football,,,,,,True,Mercedes-Benz Stadium,"1 AMB Dr NW, Atlanta, GA 30313, United States",Atlanta
7409462084678831390,2024-08-31T20:17:18,21,US,9541,138,120,79700,We see you 16👀 #collegefootball #godawgs #uga #fyp ,False,,footballuga,Georgia Football,,,,,,True,,,
7377059979875847466,2024-06-05T12:40:29,12,US,39200,1836,386,250600,This is your reminder that there are 44 days till EA Sports College Football 25 comes out and 94 days till we’re back between the hedges 🫡  #fyp #universityofga #georgiabulldogs #godawgs #college ,False,,universityofga,UGA,,,,,,True,,,
7407968523336617246,2024-08-27T19:41:33,12,US,9757,461,119,61500,4 days until kickoff!! #cfb #bighit #kickoff #uga @iamld.7 ,False,,footballuga,Georgia Football,,,,,,True,,,
7406476861951233311,2024-08-23T19:13:08,8,US,73100,543,246,407000,Let’s have a day 😎 #godawgs #collegefootball #uga #athens ,False,,footballuga,Georgia Football,,,,,,True,,,
7402043121191767327,2024-08-11T20:28:01,8,US,13200,300,32,159600,2 new bombshells entering the villa 🙈🙈#ugarush,False,,therozmajzltwins,Ella and Emma Rozmajzl,,,,,,False,,,
7401283054074858782,2024-08-09T19:18:31,92,US,9445,642,160,62900,The Rose Bowl in 2018 was pure cinema 🌹 #fy #rosebowl #2018 #uga #bighit ,False,,footballuga,Georgia Football,,,,,,True,,,
7399431098398297387,2024-08-04T19:31:52,12,US,4580,253,69,65500,In a league of our own❤️⚾️ We can’t wait to meet you PC’24!!!!  #AOIIUGA #GOGREEK #UGARECRUITMENT #LEAGUEOFOUROWN #GOAOII ,False,,aoii.uga,UGA Alpha Omicron Pi,,,,,,False,Alpha Omicron Pi,"1190 S Milledge Ave, Athens, United States",Athens
7407514056648674602,2024-08-26T14:17:57,10,US,10000,786,93,53400,celebrating our favorite dawgs on national dog day 🫶 #fyp #nationaldogday #universityofga #georgiabulldogs #uga #college #collegelife #universityofgeorgia #godawgs #foryoupage ,False,,universityofga,UGA,,,,,,True,Sanford Stadium,"100 Sanford Dr, Athens, GA 30602, United States",Athens
7400069118981852458,2024-08-06T12:47:44,13,US,5624,400,89,158900,Keeping up with the SKardashians 🖤✨🕶️ #rushtok #ugasigmakappa #ugarecruitment ,False,,ugasigmakappa,UGA Sigma Kappa,,,,,,False,,,
7400058515211046175,2024-08-06T12:06:50,15,US,9796,56,21,124700,Victim of SEC fashion #ugadeltazeta #rushtok #ugarush ,False,,reese_silcox,Reese,,,,,,False,,,
7404543762271178026,2024-08-18T14:11:38,60,US,34400,4053,256,284300,Go Dawgs #uga #cfb #hype #video #xybca #repost #georgia ,False,,ugasports,UGASPORTS,,,,,,False,,,
7404518712503717166,2024-08-18T12:34:25,15,US,13100,812,90,200000,MAYBE THIS TIME we make tiktoks while taking Eboard pics 🤠 ✨✨🦅🇵🇭🇵🇭🇵🇭 #uga #college #universityofgeorgia #FSA #filipino #maybethistime #filipinostudent #bayarea #atlanta #dance #fyp #philippines ,False,,uga.fsa,UGA FSA,,,,,,False,Terry College of Business,"Georgia, United States",Athens
7403028808703479083,2024-08-14T12:12:48,6,US,13100,235,34,104200,Hug a senior😭 #uga #uga28 #ga ,False,,margotmurphyy,margot💖💫🦋😆,,,,,,False,Athens,"Georgia, United States",
7398558165312458030,2024-08-02T11:04:27,7,US,31500,2303,260,505900,WE ARE BACK ‼️⚠️ #sorority #rush #workweek #UGAAPHI #UGA #ugarush ,False,,ugaalphaphi,UGA Alpha Phi,,,,,,False,University Of Georgia,"110 E Clayton St, Athens, GA, United States",Athens
7379399972308929834,2024-06-11T20:00:50,24,US,91400,9124,981,552900,Is it August 31st yet? #godawgs #ncaa25 #fy #uga ,False,,footballuga,Georgia Football,,,,,,True,,,
7410394481783999786,2024-09-03T08:35:23,62,US,48,4,1,392,#duet with @Row Sixty: Georgia 🏈 Podcast #uga #fypシ゚viral #GoDawgs #HBTFD Get accustomed to it. Nothing changes. ,False,,the_dawg_father,TheDawgFather,,,,,,False,Sanford Stadium,"100 Sanford Dr, Athens, GA 30602, United States",Athens
7404239667270257963,2024-08-17T18:31:33,60,US,28100,1742,86,149300,CFB is almost back🙏#uga #cfb #hype #video #xybca ,False,,ugasports,UGASPORTS,,,,,,False,,,
6867873708325850373,2020-09-02T08:57:56,18,US,34600,261,468,332300,👀 #gaming #videogames #tech #pc,False,,unitedgameralliance,UGA,,,,,,False,,,
7410349104762490129,2024-09-03T05:39:20,17,AE,288,5,20,3366,#viral #viral #viral #viral #viral #viral #viral #viral #viral #viral #viral #viral #viral #viral #stressfree #treanding #trend #fyp #456jane5 #kenyansinsaudia🇸🇦🇸🇦🇰🇪🇰🇪 #funnyvideos #fy #funny #uga #ugandan_music #ugandan #uganda #ugandatiktokers #ugandatiktok #ugandancomedy #commdy #funnycommdy #kenyansinqatar🇶🇦🇶🇦🇰🇪🇰🇪 #ugandansingulf #ugandansinsaudia #kadamaqatar #ugandansinuae🇦🇪 #ugandanindubai #ugandansindubai🇦🇪🇦🇪 #makeitviral #ilovetiktok #duet #kenyansinqatar🇶🇦🇶🇦🇰🇪🇰🇪kenyantiktok #kampala_uganda #ugandansinqatar🇶🇦🇶🇦🇶🇦 #kadamalife_tiktok #kadamasaudia🇸🇦 #gulfnews #kadama #tiktokkampala #kadamasvoiceug #kampala_tiktokers #kampala_uganda🇺🇬🇺🇬🤝 #kampala_tiktokers🇺🇬🇺🇬🇺🇬🇺🇬🇺🇬 #kampala_uganda🇺🇬🇺🇬🤝tiktokers #kampala_tiktokers✈️✈️✈️🛬🛬🛬 #kampala_uganda🇺🇬🇺🇬 #fypdongggggggg #fyppppppppppppppppppppppp #fypシ #foryou #foryoupage #foryourpage #tiktoker #stitch ,False,,456jane5,user15jenny,,,,,,False,,,
7410343099391675655,2024-09-03T05:16:01,31,SA,90,0,7,686,#joshmari18 #kampala #joshmari15 #ugh #usherkarma18 #ug #brinahslimbae #teamshaz99 #uga #joshmari #mari18 #walker256 #foryoupage #foryou #goviral #cbtalker #trending #mari #uganda ,False,,mariter256,walker256 wa  pheob 🦋✌️,,,,,,False,,,
7410342278113398034,2024-09-03T05:12:47,26,SA,404,0,14,2394,#joshmari18 #uganda #mari #trending #cbtalker #goviral #foryou #foryoupage #walker256 #mari18 #joshmari #uga #teamshaz99 #brinahslimbae #ug #usherkarma18 #ugh #joshmari15 #kampala #joshmari18 ,False,,mariter256,walker256 wa  pheob 🦋✌️,,,,,,False,,,
7410389760436407570,2024-09-03T08:17:02,25,SA,238,0,13,2002,#uganda #mari #trending #cbtalker #goviral #foryou #joshmari18 #kampala #joshmari15 #ugh #usherkarma18 #ug #brinahslimbae #teamshaz99 #uga #joshmari #mari18 #walker256 #foryoupage #uganda #mari #trending #cbtalker #goviral #foryou #joshmari18 ,False,,mariter256,walker256 wa  pheob 🦋✌️,,,,,,False,,,
video_id,video_timestamp,video_duration,video_locationcreated,video_diggcount,video_sharecount,video_commentcount,video_playcount,video_description,video_is_ad,video_stickers,author_username,author_name,author_followercount,author_followingcount,author_heartcount,author_videocount,author_diggcount,author_verified,poi_name,poi_address,poi_city
7407175822714473771,2024-08-25T16:25:21,64,US,1300000,281700,20400,14000000,grwm for football tryouts!! wish my teamates luck!! #grwmforfootballtryouts #footballtryouts #football #tryouts #fnl #fridaynightlights #grwm #getreadywithme #grwmfortryouts #footballplayer #player #makeup #viral #famous #fyp #foryou #foryoupage ,False,,grwmhudson,hudson!!,,,,,,False,,,
7407233015904210222,2024-08-25T20:07:17,3,US,39000,13000,1416,1100000,I MADE THE FOOTBALL TEAM!! #grwmforfootballtryouts #footballtryouts #football #tryouts #fnl #fridaynightlights #grwm #getreadywithme #imadethefootballteam #footballteam #varsitycaptain #viral #famous #fyp #foryou #foryoupage ,False,,grwmhudson,hudson!!,,,,,,False,,,
7403941721916165418,2024-08-16T23:15:23,5,US,10400,160,16,113400,Fnl!!!!  #camonight #fridaynightlights ,False,,abby_lapsley,Abby Lapsley,,,,,,False,,,
7409755739838811423,2024-09-01T15:16:49,53,US,9296,689,175,46200,The Best Pre-game in Texas #eulesstrinity #sipitau #texasfootball #haka #fridaynightlights #poly ,False,,zeekshotit,ZeekShotIt,,,,,,False,,,
7392128255756651782,2024-07-16T03:13:05,27,AR,209200,9446,883,2100000,still the best i ever had - #fnl #fridaynightlights #timriggins  #timrigginsedit #timandlyla ,False,,evvangelist,federica ✩,,,,,,False,,,
7406743018499312942,2024-08-24T12:25:50,6,US,32600,2771,417,326300,Frm yesterday #viral #fy #foryou #foryoupage #zesty #highschoolfootball #footballszn #footballseason #fridaynightlights #fnl #fyppppppppppppppppppppppp #trend @p pusha @jayy @no heart ,False,,calovesjae,1%,,,,,,False,San Luis Obispo,"San Luis Obispo, United States",
7408329860445244702,2024-08-28T19:03:46,62,US,20800,3178,435,112300,Bro is built like a TANK 💪🔥 Follow for more!! 👀 #hsfootball #fridaynightlights #dline #dtackle #sports ,False,,touchbackjt,TouchbackJT 🏈,,,,,,False,,,
7409843191165291806,2024-09-01T20:56:08,8,US,771,39,12,33500,BTA🤣🫡 #fyp #football #fnl #stiffarm #runningback #year2 #varsity #fridaynightlights #viral #greenscreen #greenscreenvideo #bta ,False,,sean.ctx2,𝓼𝓮𝓪𝓷🃏,,,,,,False,Columbus,"Texas, United States",
7408745937931111710,2024-08-29T21:58:16,19,US,18300,1024,41,71300,HSFB IS BACK  #hsfb #loudcrowd #cfb #crowd #hype #edits #fridaynightlights #viral #fypage #trending #carlsbad ,False,,roykane90,roykane90,,,,,,False,,,
7408795759815953707,2024-08-30T01:11:30,13,US,2891,166,13,110800,Oh my Goodness Valentine! #westdepere #kaukaunawisconsin #highschool #fridaynightlights #football #wiaa #wisconsin #overtime @Wiscosportspage @Wisco Sports ,False,,wisconsinsportsimo,Wisco 🏟️,,,,,,False,Kaukauna,"Wisconsin, United States",
7406661917449702698,2024-08-24T07:11:23,21,US,4559,222,79,46100,🤍🤍 #proudmama #fridaynightlights #hsfootball #prayer ,False,,kala.mccord_,Kala_,,,,,,False,,,
7406792852770131246,2024-08-24T15:39:15,13,US,7144,276,46,47900,First home game!!🏈🐴 #Htown #fridaynightlights #cheer #surfsup #spirit #wave #sbo #studentsection #mustang #showout ,False,,malcom.swiss,Malcom Swiss,,,,,,False,Herriman,"Herriman, UT 84096",
7407137618195942686,2024-08-25T13:57:14,28,US,4755,332,8,46100,Friday night lights are back 📣🏈 #orosicardinalcheer #highschoolcheer #fyp #ohs #fridaynightlights🏈 #football ,False,,ohscheerleaders,OHS CHEERLEADERS 📣,,,,,,False,,,
7397535589928619310,2024-07-30T16:56:20,8,US,94700,5411,991,465900,hype af #fridaynightlights #ffn #fnl #foryoupage ,False,,ellathemidwestprincess,ella,,,,,,False,,,
7409118977487539487,2024-08-30T22:05:49,16,US,11300,184,47,54000,Taz Williams first touchdown of the season #fridaynightlights #texasfootball ,False,,theshottbyrocha,rocha,,,,,,False,,,
7409752851871730986,2024-09-01T15:05:31,54,US,1150,2495,66,22800,"Memories of High School Football, Teammates and Coaches are timeless treasures of the heart… but pictures keep those memories alive… Kevin Hall #memories #football #highschoolfootball #fridaynightlights #fnl #sportraits #canon #canonr5 #godoxlighting #godoxad400pro #irvine #irvinefootball #vaquero #vaquerofootball",False,,kevinhallphotography,Kevin Hall Photography,,,,,,False,Irvine Stadium,"4321 Walnut Ave, Irvine, CA, United States",Irvine
7410210239255022878,2024-09-02T20:40:33,36,US,90,2,8,1707,all love tho twin gg🤝🏽       #fypシ゚viral #blowup #athlete #wr #footballtiktok #6 #fridaynightlights,False,,find.kayy,🕷️,,,,,,False,North Carolina,United States,
7406549294649609518,2024-08-23T23:54:07,29,US,20500,824,64,158600,Ryder Lyons is showing out against Long Beach Poly 🤯 #espn #maxpreps #247sports #ot7 #fridaynightlights #foryoupage ,False,,createdbyron,Live Action,,,,,,False,Folsom,"California, United States",
video_id,video_timestamp,video_duration,video_locationcreated,video_diggcount,video_sharecount,video_commentcount,video_playcount,video_description,video_is_ad,video_stickers,author_username,author_name,author_followercount,author_followingcount,author_heartcount,author_videocount,author_diggcount,author_verified,poi_name,poi_address,poi_city
7409497110451768622,2024-08-31T22:33:07,33,US,372700,10400,1077,3200000,HE’S SUPPOSED TO BE IN HIGH SCHOOL 🤯 #cfb #collegefootball #football #alabama,False,,bleacherreport,bleacherreport,,,,,,True,,,
7320045058407910699,2024-01-03T20:13:59,9,US,265700,1107,1098,2800000,BLITZ BAMA BLITZ hahaha hollywood locked in 🐘 @Ryan “Hollywood” Williams #ryanwilliams #bama #alabamafootball ,False,,overtime7,OT7,,,,,,True,,,
7409703567642103083,2024-09-01T11:54:17,40,US,3938,396,163,46500,University of Alabama Football!! #alabama #alabamafootball #universityofalabama #football #sec #secfootball ,False,,tammyyyeee,tammyyyeee,,,,,,False,Tuscaloosa,"Tuscaloosa County, Alabama, United States",
7410130436208217374,2024-09-02T15:43:43,46,US,28800,614,124,122100,"Jalen Milroe on his redemption era, join discord in bio. // #fyp #fypシ゚viral #fypage #fypp #fypchallenge #collegefootball #alabamafootball #rolltideroll",False,,blakeeditz,Blake,,,,,,False,,,
7408534304315149599,2024-08-29T08:17:00,55,US,1600000,58100,3821,14300000,COLLEGE FOOTBALL WEEK ONE 🗣🗣LET’S GOOOOO @Alabama Athletics @Georgia Football #TBT #collegefootball #alabama #alabamafootball #bama #rolltide #crimsontide #georgia #georgiafootball #ncaa #ncaafootball #sports #sportstok #football #patmcafee #patmcafeeshow #thepatmcafeeshow #thepatmcafeeshowclips #mcafee #pmslive ,False,,patmcafeeshowofficial,Pat McAfee Show Clips,,,,,,True,,,
7409427039733828895,2024-08-31T18:01:21,13,US,153000,2602,406,1400000,DeBoer debut 😎 #alabamafootball ,False,,ua_athletics,Alabama Athletics,,,,,,True,Bryant-Denny Stadium,"920 Paul W Bryant Dr, Tuscaloosa, AL 35401, United States",Tuscaloosa
7408771015599230250,2024-08-29T23:35:29,8,US,8346,511,103,67000,Who has added “I Love Alabama” to their gameday playlist?! #rolltide #collegefootball #alabamafootball #ilovealabama #rolltideroll ,False,,alli_leighann,Alli Leighann,,,,,,False,Alabama,United States,
7409735106874674478,2024-09-01T13:56:40,62,US,428000,20100,1907,2700000,this is crazy😭 #ryanwilliams #alabamafootball #alabamaftbl #rolltide #cfb #cfbmemes #collegefootball #cfp #cfbedit #collegefootballplayoff ,False,,sportsdoc_,SportsDoc,,,,,,False,,,
7399620523010870559,2024-08-05T07:47:34,104,US,209400,9525,648,1200000,Nick Saban had one of the best walk outs ever. #nicksaban #rolltide #fyf #fyfyfyfy #alabama #football #footballtiktok #sec #intro #walkout #footballvideo #sunday #rolltidenation #viral #hype #collegefootball #tiktok #beast #views #win #lsu #bama #crimsontide ,False,,rolltidenation,Alabama Football,,,,,,False,Bryant-Denny Stadium,"920 Paul W Bryant Dr, Tuscaloosa, AL 35401, United States",Tuscaloosa
7409434656988335403,2024-08-31T18:30:47,38,US,57700,368,167,447500,Jalen Milroe makes me want to run through a brick wall #RollTide #Bama #CollegeFootball #Alabama #RTR ,False,,alabama__ftbl,alabama__ftbl,,,,,,False,,,
7407099412381502751,2024-08-25T11:28:59,121,US,3181,370,148,23700,ARE YOU READY FOR SOME ALABAMA FOOTBALL? #rolltide #alabamafootball #fyf #fyfyfyfy #collegefootball #crimsontide #sportstiktok #countdown #footballtiktok #sports #rolltidenation #alabamafootball #footballtiktok #footballtiktok #beast #hype #rtr #uofa ,False,,rolltidenation,Alabama Football,,,,,,False,University of Alabama,"Campus Dr, Tuscaloosa, United States",Tuscaloosa
7398560222664576299,2024-08-02T11:12:29,16,US,509700,26200,2607,3000000,Yeah Glo x Alabama👀🐘 ||| #alabamafootball #bama #foryou #viral #rolltide #collegefootball #ncaa #cfb #sec #secfootball ,False,,xotionfx,Xotionfx,,,,,,False,,,
7410153375746002207,2024-09-02T16:59:52,20,US,2878,72,5,15800,#ryanwilliams #alabama #collegefootball ,False,,jitmixes,jitmixes,,,,,,False,,,
7409505537747946782,2024-08-31T23:05:56,18,US,12000,1339,72,48000,YAYAYA #alabamafootball #rolltide #chappellroan #hottogo #foryou #fyp #universityofalabama #collegefootball #milliondollarband #alabama ,False,,omgkten,k’ten,,,,,,False,Bryant-Denny Stadium,"920 Paul W Bryant Dr, Tuscaloosa, AL 35401, United States",Tuscaloosa
7406498617822924063,2024-08-23T20:37:34,26,US,11200,718,208,126300,Alabama Football is near 👀 #rolltide #alabamafootball #fyf #fyfyfyfy #collegefootball #crimsontide #collegefootballtiktok #rolltidenation #sportstiktok #countdown #footballtiktok #football ,False,,rolltidenation,Alabama Football,,,,,,False,University of Alabama,"Campus Dr, Tuscaloosa, United States",Tuscaloosa
7274297780636536106,2023-09-02T14:30:46,9,US,106000,1293,280,1700000,GAMEDAY. @Halli Webb @Chloe Holladay  #crimsonette #alabamafootball #rolltide #alabama #bamarush #gameday #bryantdennystadium ,False,,morganlkiddd,Morgan Kidd,,,,,,True,,,
7410302806063648030,2024-09-03T02:40:13,18,US,87,0,1,1005,#alabama #footballedit #football @Alabama Athletics  ,False,,alabamafootball08,Alabama#1,,,,,,False,,,
7410220286903061802,2024-09-02T21:19:23,34,US,423,3,3,3506,Jahmyr Gibbs | #jahmyrgibbs #detroitlions #collegefootball #footballtiktok #alabamafootball #alabama ,False,,cfb.film,CFB.Film,,,,,,False,,,
7370888365207506218,2024-05-19T21:31:30,25,US,25100,1269,221,221200,Alabama || Delta Dawn 🔥👀 #rolltide #fyf #football #alabamafootball #fyfyfyfy #footballedit #deltadawn #footballvideo #nicksaban #collegefootball #rolltidebaby #champs #hype #cfb #rtr #beast #hype #views ,False,,rolltidenation,Alabama Football,,,,,,False,University of Alabama,"Campus Dr, Tuscaloosa, United States",Tuscaloosa
7409391884352638250,2024-08-31T15:44:47,15,US,790,22,19,6172,WE’RE SO BACK!!!!! #alabamafootball #cheer #bryantdenny #backandbetterthanever #football #sec #firstgame  @bb ,False,,rileighlynn_b,rileigh broussard,,,,,,False,,,
7410190882818821418,2024-09-02T19:25:18,60,US,139,0,0,1154,#cornerback #koolaidmckinistry #alabamafootball #rolltide #bama #alabama #ncaafootball #nfl #nfledits #viral #foryou ,False,,clipgawdddd,⚡️,,,,,,False,,,
7403521772873600286,2024-08-15T20:05:54,76,US,22300,2768,363,249500,Are you ready for some Alabama football 👀 #rolltide #fyf #fyfyfyfy #alabamafootball #alabama #lank #footballvideo #collegefootball #sportstiktok #bama #rtr ##crimsontide##rolltidenation##cfb##edits##rolltidenation##collegefootballtiktok##beast##goat##virał,False,,rolltidenation,Alabama Football,,,,,,False,University of Alabama,"Campus Dr, Tuscaloosa, United States",Tuscaloosa
7410079862343372074,2024-09-02T12:14:29,43,US,1302,129,104,17900,#usf #usfbulls #usffootball #bullsfootball #tampa #tampabay #tampaflorida #collegefootball #alabamafootball #rolltide #kalendeboer ,False,,theericblackerby,THE Eric Blackerby,,,,,,False,University of Alabama,"Campus Dr, Tuscaloosa, United States",Tuscaloosa
7357449892404415786,2024-04-13T16:23:33,62,US,54700,565,453,709600,Alabama spring football game,False,,findingsportstiktok,Sports TikTok Stories,,,,,,False,,,
7410206034112892190,2024-09-02T20:24:13,42,US,124,0,4,747,Football post since its back. #alabamafootball #devontasmith #eagles #eaglesfootball #nationalchampionship #football ,False,,ooo_austin,Austin😋😩,,,,,,False,Bryant-Denny Stadium,"920 Paul W Bryant Dr, Tuscaloosa, AL 35401, United States",Tuscaloosa
7292598862471286062,2023-10-21T22:08:17,20,US,37500,1455,393,342400,Light ‘em 🆙🔥 #RollTide #AlabamaFootball #Bama,False,,uofalabama,UofAlabama,,,,,,True,Bryant-Denny Stadium,"920 Paul W Bryant Dr, Tuscaloosa, AL 35401, United States",Tuscaloosa
7410076411022593311,2024-09-02T12:01:14,66,US,661,4,16,6755,Kalen DeBoer’s opening game at Alabama was a great start to the season 🔥🔥 #rolltide #alabamafootball #fyf #fyfyfyfy #collegefootball #crimsontide #fyfyfyfyfyfyfyfyfyfyfyfyfyfyfyfyfyfy #footballedit #hype #rolltidenation #kalendeboer #cfb #sec #beast #rolltidebaby #footballvideo #footballtiktok #rtr #bama ,False,,rolltidenation,Alabama Football,,,,,,False,Bryant-Denny Stadium,"920 Paul W Bryant Dr, Tuscaloosa, AL 35401, United States",Tuscaloosa
7404887192373382442,2024-08-19T12:24:22,13,US,4610,69,118,50300,So ready to start the season ❤️ #college #alabama #alabamafootball ,False,,raleypasibe1,Raleypasibe1,,,,,,False,,,
7322906287459536170,2024-01-11T13:16:34,27,US,27100,293,199,395700,The vibes in Tuscaloosa 🔥 #alabamafootball #rolltide #nicksaban #collegefootball ,False,,espn,ESPN,,,,,,True,,,
7276973445223796014,2023-09-09T19:34:07,56,US,259400,1912,1007,2600000,This angle is cold 😮‍💨 #alabamafootball #cfb #collegefootball #alabama ,False,,collegegameday,College GameDay,,,,,,True,,,
7304397906184883487,2023-11-22T16:14:39,84,US,64500,2043,678,418500,Nick Saban is doing his best coaching yet!! #rolltide #nicksaban #fyp #fypシ #sports #headcoach #footballedit #hypevideo #footballtiktok #football #alabamafootball #footballskills #rolltidenation #collegefootball #sec #beast #views #fy #viral #alightmotion ,False,,rolltidenation,Alabama Football,,,,,,False,University of Alabama,"Campus Dr, Tuscaloosa, United States",Tuscaloosa
7305594939537100078,2023-11-25T21:39:45,15,US,186900,429,1842,1300000,Thought i was about to video us winning…sad day. #auburn #alabama #football #ironbowl ,False,,nunez.sav,savannah,,,,,,False,Auburn,"Alabama, United States",
7410164642208599327,2024-09-02T17:43:35,9,US,36,3,4,420,@kyky @❗️ @Dreco Suave ,False,,brittleyhumphrey,Brittleyh,,,,,,False,,,
7298019280489123102,2023-11-05T11:42:16,29,US,98100,5478,574,1400000,An SEC classic . . . #alabama #bama #rolltide #rtr #sec #collegefootball #cfb #cfbtravel ,False,,cfbtravelguy,CFB Travel Guy,,,,,,False,Bryant-Denny Stadium,"920 Paul W Bryant Dr, Tuscaloosa, AL 35401, United States",Tuscaloosa
7298766978225900842,2023-11-07T12:03:45,133,US,374400,5067,2721,2800000,Is someone cutting onions? 🥹 #rolltide #bama #alabamafootball  ,False,,ua_athletics,Alabama Athletics,,,,,,True,University of Alabama,"Campus Dr, Tuscaloosa, United States",Tuscaloosa
video_id,video_timestamp,video_duration,video_locationcreated,video_diggcount,video_sharecount,video_commentcount,video_playcount,video_description,video_is_ad,video_stickers,author_username,author_name,author_followercount,author_followingcount,author_heartcount,author_videocount,author_diggcount,author_verified,poi_name,poi_address,poi_city
7351544675058208005,2024-03-28T18:28:03,76,PH,28100,1309,220,337500,Start Freelancing As A Video Editor  #freelancingph #upwork #onlinejobs  #videoediting #shorts ,False,,dominicreign,Dominic,,,,,,False,,,
7278510126074481928,2023-09-13T22:56:40,24,SG,9037,2875,71,402000,Edit video automatically using AI #learnontiktok #veedio #ai #videoedit @VEED.IO | AI Video Editor ,False,,adam.digital,Adam 👨🏻‍💻Digital,,,,,,False,,,
7381672395569958149,2024-06-17T22:58:59,84,PH,39700,2075,528,837300,"This new editing app will help you create content, enhance your low-quality videos, and write scripts for you for FREE. #kapkap #talkinghead #ai #mobileediting #contentcreator #videoediting #mobile #capcut #johntagudin #videoeditor ",False,,john.tagudin,"John Tagudin | Creator Hub, AI",,,,,,False,,,
7352531858304912683,2024-03-31T10:19:31,27,OM,3705,302,26,148000,CapCut Quality Editor  #capcut #reels #videoediting  #socialmediatips #socialmediaexpert #tiktokgrowthtips  #contentmarketing #tiktokgrowth  #onlinecoach  #capcutedit #capcut #capcutmod #capcutpro #capcuttemplate #capcuttutorial #capcutvideoediting #capcuteffect ,False,,rjofficial085,All Motivational video,,,,,,False,,,
7265735107279949098,2023-08-10T12:43:22,18,US,291300,11500,1143,6600000,CapCut editing tip to make those iPhone vids high quality! #capcut #iphonevideo #mobilefilmmaking #capcuttutorials #videotutorial #videoediting #highqualityvideo #tiktoktutorial ,False,,adamwienckowski_,Adam Wienckowski,,,,,,False,,,
7408746675818302727,2024-08-29T22:01:01,14,PH,78,4,77,1101,Comment the word “Website” and I’ll send you the link #videoediting #videoeditor #videoeditingtips #contentmarketing #contentcreation #soundeffects ,False,,lancegmedia,Lance Media,,,,,,False,,,
7385123789765414177,2024-06-27T06:12:16,44,FR,8429,1088,67,129600,Here are all the AI features you get when editing with this incredible AI video editing tool Filmora.wondershare.net Ai Translation Ai Vocal remover (used in video) AI Image AI Audio stretch (thats pretty cool) Ai Text to video AI Video interpolation AI Audio denoise AI Text based editing AI Music generator AI Smart cutout (used in video) Speech to text OR text to speech AI Thumbnail maker AI portrait @Filmora Video Editor  #Filmora #VideoEditing #AIEffects #SmartCutout #AItools #CapCutAlternative #CreativeEditing #ai #videoeditor #AIediting,False,,nomadatoast,Jo Mendes,,,,,,False,France,"Brittany, France",
7410279422776872197,2024-09-03T01:09:04,38,ID,46,0,2,765,Kerandoman saat kelas online😭  #povgenz #videoediting #kelasonline ,False,,ikiuki_,Uki | Mobile Video Editor,,,,,,False,,,
7330124741774167327,2024-01-31T00:07:56,57,PK,12000,165,113,184100,HDR video editing 🔥🤧#videoediting #editingskills #viral #fypシ #usaaccount #viralvideo #foryoupage #foryoupageofficial #editingtricks #CapCut #fyp #photoediting #newaccount #enam_photography1 @🎭AK EDiTeR💸🖤 @🥵نعیم 🥵 @💸UZaiR ED!Tz👑🍁 ,False,,enam_photography1,Enam_Photography📲😱,,,,,,False,Karachi,"Sindh, Pakistan",
7410029579827465503,2024-09-02T08:59:43,21,US,93,1,2,1488,Viral Video Editing Technique 📈 Follow for more social media marketing education! ✅ #businessowner #entrepreneur #ceo #onlinebusiness #socialmediamarketing #contentmarketing #instagramgrowth #instagramgrowthtis #contentcreatortips #smallbusinesstips #socialmediatips #socialmediastrategy #socialmediastrategist,False,,personalbrandlaunch0,Personal Brand Launch,,,,,,False,,,
7322893967064911137,2024-01-11T12:28:43,14,TH,13900,411,5811,130500,Here’s some of the best motion graphics that you NEED to be using comment the word “MOTION” and I’ll send you the download link for free #videoeditingassets #videoedits #videoedit #videoediting #videoeditor #editing #editor #contentcreation #contentcreator #videoeditingtips #motiongraphics #animations #motionbackground #videoeditingforbeginners ,False,,niklas.lang,Niklas | Video Editing Coach,,,,,,False,,,
7239113932856724737,2023-05-30T18:59:39,29,AU,10500,289,103,207400,finally had enough effort to make a tut #foryou #capcut #hiquality #fyp #avatar ,False,,.ewya,🫶🏿,,,,,,False,,,
7389643174966316293,2024-07-09T10:29:40,22,NG,6754,107,648,109700,Video editing app recommendations..:  #capcut #videoediting #contentcreators #update ,False,,digital_nmesoma,Uchendu Nmesoma,,,,,,False,Nigeria,Africa,
7255439692794039594,2023-07-13T18:51:41,79,US,6496,227,59,169400,What do you use to edit? 🤔 #fyp #movo #videography #editing #apps #capcut #finalcutpro #davinciresolve #premierpro #contentcreator ,False,,movophoto,Movo,,,,,,False,,,
7409993944030825734,2024-09-02T06:41:10,52,ID,252,14,4,8059,Ini dia tutorial singkat dari konten kreatif di dalam mall kemarin. Simple kan teman-teman? Coba poll menurut kalian ini termasuk mudah atau sulit? Yg penting kalian paham tools yang digunakan dan punya konsep buat mengolah tools nya menjadi ide kreatif 😎 Info detail kelas live zoom rutin dan kelas online: 👉🏻 langsung cek link di bio untuk info detail kelas kita 🔥 #belajarlebihbanyak #lebihbanyakbelajar #videokreatif #tutorialvideo #kelaseditonline #tutorialcapcut #tutorialvideokreatif #belajareditvideo,False,,joe_rafnik,Belajar Video & Edit dari HP,,,,,,False,,,
7351088986988743982,2024-03-27T13:00:12,12,GB,15300,1552,47,382600,"The Gen-2 Motion Brush introduces the Multi Motion Brush update, enabling users to paint up to 5 distinct subjects or areas in their input image to manage individual motion. #magicbrush #imagetovideo #animations #aivideo #editingvideo #videoedits #motionpicture #designers #graphicdesigners #videoeditors #vaibhavai #contentcreationtips #contentcreation #chatgpt #aitools #ai #marketingtools #aivideo #aivideos #aitoolsyouneed #aitoolsforbusiness #onlinetools #aiwebsites ",False,,vaibhavv.ai,Vaibhav Ai tools and websites,,,,,,False,1000 K,"900 10th St NW, Washington, United States",Washington
7317281179302956293,2023-12-27T09:28:13,93,PK,182400,2609,864,3400000,HDR Editing Tutorial 👍🔥 #fyp #foryoupage #nomanphotography3 #support #viralvideo #learnontiktok #turorial #videoediting #pabbiking #hdrvideoediting ,False,,noman_editor_,Noman Editor,,,,,,False,Peshawar,"Peshawar, Khyber Pakhtunkhwa, Pakistan",
7218235788746607878,2023-04-04T12:41:28,30,FR,76400,697,3460,1700000,rm:@Volde°⛎ cc: me ofc thats a joke capcut an am are good fr #besteditingapp #capcut #vsp #alightmotion #funimate #aftereffect #fypシ #fypage #foryou #fryou #foryoupage ,False,,tipo.films,tipo.films,,,,,,False,,,
7298843549926264096,2023-11-07T17:00:48,181,GB,119900,2925,1262,1700000,Replying to @Aisha_✨ HOW I EDIT MY TIKTOK VIDEOS — i hope you guys find this video helpful! these steps have deffo helped me 👀✨ and if you want to know how to improve your TikTok video quality  @Aisha_✨ ❤️ #editing101 #editingoncapcut #capcut #editingtips #editingtutorial #contentcreator #blackgirlmakeup #ukblackgirlmakeup ,False,,itsurgrlaisha_,Aisha Asunramu✨,,,,,,False,,,
7331656315434978566,2024-02-04T03:11:02,51,PK,5616,243,43,137900,HDR video editing🎥😱##mranas441  #foryou #500k #foryoupage #okkhan2739  #pashto #100k #standwithkashmir #tips  #tricks #androidtips #tech #techvideo ,False,,abdulrahman08006,🇵🇰👑ᴀʙᴅᴜʟʀᴀʜᴍᴀɴ👑🇦🇫,,,,,,False,For You,"Calle de Lepanto 45, 35660, La Oliva, España",Municipality of Las Palmas
7312029119661853958,2023-12-13T05:47:31,54,PK,11600,102,38,140500,Image to Video ( Free ❤️‍🔥 ) #sgeditor #ai #photoediting #videoediting #foryoupage ,False,,shiv_gopal_,SG EditOr,,,,,,False,,,
7311362439117884674,2023-12-11T10:40:30,56,UZ,177800,1457,1624,2000000,Want this 1M-View edit with Blurrr App on mobile now! @Blurrr App Official #blurrr #blurrrapp #tutorial #smoothtransition #mobileapp #velocityedit #edittutorial #edit #howtoedit #editinghelp #editors #harrypotter #harryedit #hpedit #bigboy #fyp #viral #foryou #alexeditzh ,True,,alex.editzh,Alex ♧︎︎︎,,,,,,False,,,
7308007147919527175,2023-12-02T09:40:12,118,VN,29900,1703,943,2300000,"Quá mệt mỏi với việc phải mất 1-2 ngày chỉ để edit một video? Đừng lo, đây là giải pháp dành cho bạn! 🌟 👉 CapCut PC Mastery: Khóa học dành cho những content creator muốn tạo video chất lượng cao mà không cần phải là một chuyên gia dựng phim. 🎬 🔍 Khám Phá Cách: - Chọn những góc quay phù hợp. - Tư duy dựng kịch bản để biến video ngẫu nhiên thành một tác phẩm hấp dẫn. - Chọn nhạc và hiệu ứng âm thanh để tăng cường cảm xúc. 💡 Tại sao chọn CapCut PC Mastery? - Tiết kiệm thời gian với quy trình edit hiệu quả. - Sử dụng phần mềm miễn phí mà vẫn tạo ra video chất lượng cao. 🚀 Tham gia Ngay để: - Nâng cao kỹ năng chỉnh sửa video của bạn. - Tạo ra những video triệu view một cách dễ dàng. - Khám phá cách làm việc thông minh và hiệu quả hơn.  📢 Đăng ký ngay! Nhấp vào nút ""đăng ký"" để không bỏ lỡ cơ hội tạo ra những video ấn tượng một cách dễ dàng hơn bao giờ hết! 💪✨ #CapCutPCMastery #VideoEditing #ContentCreation #DigitalSkills #OnlineLearning #kobemedia #capcutpcmasterybykobe #xaydungthuonghieucanhan #contentcreator #KOBEGR #lamvideo ",True,,kobe.media79,Kobe Media (Khánh.mp4),,,,,,False,,,
7283538332938816770,2023-09-27T12:08:43,30,BD,15700,271,296,1400000,how to download after effect in your mobile #rimel__9x #foryou #rimel_9x ,False,,rimel.am,🏴 RIMEL.AM 🏳️,,,,,,False,,,
7277184294206852354,2023-09-10T09:11:47,39,JP,6667,150,17,84900,Try this strategy for your next content! 📸 #videoedits #videoediting #storytelling #editing #contentcreation ,False,,peace_gates,Peace Gates,,,,,,False,,,
7381379250546412805,2024-06-17T04:01:26,29,ID,21300,3334,493,361800,UGC Tips (video editing) capcut ver. #contentcreator #videoedit #capcutedits #tutorialedit #beautycontentcreator ,False,,laveeahnrose,Zaa UGC,,,,,,False,,,
7207882527556635910,2023-03-07T14:05:33,38,DE,6049,515,72,105500,❤️ #cctutx #capcut #tutorial #editing #foryoupage #fyp #viral ,False,,cctutx,ꨄ,,,,,,False,,,
7296036774978096390,2023-10-31T04:29:02,90,PH,20400,428,269,444200,Best Video Editing Software! #freelance #viral #videoediting #fyp #clients #msb #videoeditor #freelancing #entrepreneur #capcut ,False,,lancee.delacruz,Lance Dela Cruz,,,,,,False,,,
7303560645012704517,2023-11-20T10:05:28,49,PK,40900,520,265,783600,HDR Video Editing Just in One Click #sgeditor #foryoupage #timecut ,False,,shiv_gopal_,SG EditOr,,,,,,False,,,
7356299344213069061,2024-04-10T13:58:34,21,ET,2074,354,0,175400,ልዩቅናሽ#ethiopian_tik_tok🇪🇹🇪🇹🇪🇹🇪🇹 #አዲስአበባ #fypシ #አማራዬ💚💛❤አማራዬ💚💛❤ #high #kitchen #online #ethiopian_tik_tok #eth #kitchen #wow #online #edit #fypp #fyppppppppppppppppppppppp #fypppp #fyppppppppppppppppppppppp #fypp #viral #viralvideo #viraltiktok #ትግራይ_ንዘለኣለም_ትነብር🙏🇻🇳 #ኦርቶዶክስ_ተዋህዶ_ፀንታ_ለዘለዓለም_ትኑር #ኦሮሚያ_ለዘላለም_ትኑር_❤️💚❤️ #viral #ትግራይ #ሀበሻ🇪🇹🇪🇹🇪🇹tiktok #ሀበሻ #ሀበሻቲክቶክ #መልካምነት_ለራስነው_አይከፈልበትም_ #ፍቅር➻ብቻ🖇ፍቅር➻ብቻ❤🥀🔐 ,False,,liyuqinash,ልዩቅናሽ,,,,,,False,,,
7377125604530900267,2024-06-05T16:55:07,24,US,11700,547,75,133100,A lil tut for my gworliessss!!! Recreateeeee 😍😍😍 @NFTFARI  #citygworlinalaska #spotifyedit #edittutorial #capcuttutorial ,False,,kiranxkajal,City Gworl in Alaska 💋,,,,,,False,,,
7133708072802913538,2022-08-19T17:50:51,27,AU,249100,684,2423,1800000,#fyp #editor #edittutorial #helpingeditors #floscc #mcu_edxts ,False,,flos.cc,flo ⧗,,,,,,False,,,
7182219542297316610,2022-12-28T10:20:08,11,TR,184100,1787,2927,2500000,These 3D models>>>> #avu #avuedit #avueditor #3d #robloxedit #fyp #ae #aftereffects #aelike #editor ,False,,avu.app,AVU.app,,,,,,False,,,
7371998037486341382,2024-05-22T21:17:31,8,PH,242600,2684,2943,1200000,i am NOT paying for capcut pro😭 #fyp #relatable #foryoupage #fyp #fypシ゚viral #capcut #capcutpro #premium #editing #edit #animation #art #silly ,False,,rat_ch4n,pat,,,,,,False,,,
video_id,video_timestamp,video_duration,video_locationcreated,video_diggcount,video_sharecount,video_commentcount,video_playcount,video_description,video_is_ad,video_stickers,author_username,author_name,author_followercount,author_followingcount,author_heartcount,author_videocount,author_diggcount,author_verified,poi_name,poi_address,poi_city
7386854416017640746,2024-07-01T22:07:54,12,US,167800,5509,306,1000000,#toryourpage #ybbetter #foryoupage #ybbetter #ybquotes #quotes #ybfans #nbayoungboy #meirczn #ybc #youngboy #youngboybetter #ybbetter #ybbetter #rap #lyrics #quotes #foryou #yb #nbayoungboy #ybbetterthanyofavrapper #ybsideoftiktok #ybfans ,False,,meir.szn,ㅤㅤㅤㅤㅤㅤㅤㅤㅤㅤㅤㅤㅤㅤㅤㅤㅤMeir,,,,,,False,,,
7355705454271450410,2024-04-08T23:34:04,24,US,102400,7426,366,1000000,Preach🖤 #toryourpage #ybbetter #foryoupage #ybbetter #ybquotes #quotes #ybfans #nbayoungboy #meirczn #ybc #youngboy #youngboybetter #ybbetter #ybbetter #rap #lyrics #quotes #foryou #yb #nbayoungboy #ybbetterthanyofavrapper #ybsideoftiktok #ybfans ,False,,meir.szn,ㅤㅤㅤㅤㅤㅤㅤㅤㅤㅤㅤㅤㅤㅤㅤㅤㅤMeir,,,,,,False,,,
7374128597252001066,2024-05-28T15:05:13,20,US,52300,1585,223,433200,meet the reaper(THIS IS NOT AI THE SONG GOT LEAKED) #toryourpage #ybbetter #foryoupage #ybquotes #quotes #ybfans #nbayoungboy #painsoreall #ybbetterthanyofavrapper #lyrics #relatable #xyzbca #2020 ,False,,realest5ive,Realest5ive,,,,,,False,,,
7352479707197164842,2024-03-31T06:58:15,25,US,60500,1707,228,423800,#toryourpage #ybbetter #foryoupage #ybbetter #ybquotes #quotes #ybfans #nbayoungboy #meirczn #ybc #youngboy #youngboybetter #ybbetter #ybbetter #rap #lyrics #quotes #foryou #yb #nbayoungboy #ybbetterthanyofavrapper #ybsideoftiktok #ybfans ,False,,meir.szn,ㅤㅤㅤㅤㅤㅤㅤㅤㅤㅤㅤㅤㅤㅤㅤㅤㅤMeir,,,,,,False,,,
7353138853236002091,2024-04-02T01:34:58,25,US,43500,1477,88,343800,GG🖤 #toryourpage #ybbetter #foryoupage #ybbetter #ybquotes #quotes #ybfans #nbayoungboy #meirczn #ybc #youngboy #youngboybetter #ybbetter #ybbetter #rap #lyrics #quotes #foryou #yb #nbayoungboy #ybbetterthanyofavrapper #ybsideoftiktok #ybfans ,False,,meir.szn,ㅤㅤㅤㅤㅤㅤㅤㅤㅤㅤㅤㅤㅤㅤㅤㅤㅤMeir,,,,,,False,,,
7410230961549462815,2024-09-02T22:00:56,20,US,40,0,2,472,Shadow Looks So 🔥🔥🔥 #toryourpage #edit #viral #shadowthehedgehog #sonic3 #sonicthehedgehog #fyp ,False,,sesh8sesh,Sesh,,,,,,False,,,
7387953049383357742,2024-07-04T21:11:10,11,US,22400,705,43,154100,I choose you🖤 #toryourpage #ybbetter #foryoupage #ybbetter #ybquotes #quotes #ybfans #nbayoungboy #meirczn #ybc #youngboy #youngboybetter #ybbetter #ybbetter #rap #lyrics #quotes #foryou #yb #nbayoungboy #ybbetterthanyofavrapper #ybsideoftiktok #ybfans ,False,,meir.szn,ㅤㅤㅤㅤㅤㅤㅤㅤㅤㅤㅤㅤㅤㅤㅤㅤㅤMeir,,,,,,False,,,
7396361268074073390,2024-07-27T12:59:24,12,US,9790,300,23,73000,Doctor👨‍⚕️🖤 #toryourpage #ybbetter #foryoupage #ybbetter #ybquotes #quotes #ybfans #nbayoungboy #meirczn #ybc #youngboy #youngboybetter #ybbetter #ybbetter #rap #lyrics #quotes #foryou #yb #nbayoungboy #ybbetterthanyofavrapper #ybsideoftiktok #ybfans ,False,,meir.szn,ㅤㅤㅤㅤㅤㅤㅤㅤㅤㅤㅤㅤㅤㅤㅤㅤㅤMeir,,,,,,False,,,
7410099842770308360,2024-09-02T13:32:04,15,PK,17,0,2,351,#🎻🎼🎵 #lyircssongs #viral_video #tiktok #viraltiktokvideos✅ #foryourpage #tiktokviral #toryourpage ,False,,miss.angeles8,MISS ANGELES✨,,,,,,False,Karachi,"Sindh, Pakistan",
7410177332104678699,2024-09-02T18:32:44,12,US,358,3,9,1960,#toryourpage #ybbetter #foryoupage #ybbetter #ybquotes #quotes #ybfans #nbayoungboy #meirczn #ybc #youngboy #youngboybetter #ybbetter #ybbetter #rap #lyrics #quotes #foryou #yb #nbayoungboy #ybbetterthanyofavrapper #ybsideoftiktok #ybfans ,False,,meir.szn,ㅤㅤㅤㅤㅤㅤㅤㅤㅤㅤㅤㅤㅤㅤㅤㅤㅤMeir,,,,,,False,,,
7372308821814938926,2024-05-23T17:23:33,12,US,27600,875,89,191500,Better than ever🖤 #toryourpage #ybbetter #foryoupage #ybbetter #ybquotes #quotes #ybfans #nbayoungboy #meirczn #ybc #youngboy #youngboybetter #ybbetter #ybbetter #rap #lyrics #quotes #foryou #yb #nbayoungboy #ybbetterthanyofavrapper #ybsideoftiktok #ybfans ,False,,meir.szn,ㅤㅤㅤㅤㅤㅤㅤㅤㅤㅤㅤㅤㅤㅤㅤㅤㅤMeir,,,,,,False,,,
7360766442452667690,2024-04-22T14:53:45,11,US,1921,27,80,26300,ugh I should’ve used a different cc 😭 w/@candyfx #weloveryry #toryourpage #roblox #robloxedit #xyzbca #ttd3 #fyp #aftereffects ,False,,weloveryry,RYRY🤫,,,,,,False,,,
7400450121940487467,2024-08-07T13:26:11,28,US,11800,545,47,68300,How i been🖤 #toryourpage #ybbetter #foryoupage #ybbetter #ybquotes #quotes #ybfans #nbayoungboy #meirczn #ybc #youngboy #youngboybetter #ybbetter #ybbetter #rap #lyrics #quotes #foryou #yb #nbayoungboy #ybbetterthanyofavrapper #ybsideoftiktok #ybfans ,False,,meir.szn,ㅤㅤㅤㅤㅤㅤㅤㅤㅤㅤㅤㅤㅤㅤㅤㅤㅤMeir,,,,,,False,,,
7378931212309581098,2024-06-10T13:41:52,11,US,4143,101,19,42700,Life n glory🖤 #toryourpage #ybbetter #foryoupage #ybbetter #ybquotes #quotes #ybfans #nbayoungboy #meirczn #ybc #youngboy #youngboybetter #ybbetter #ybbetter #rap #lyrics #quotes #foryou #yb #nbayoungboy #ybbetterthanyofavrapper #ybsideoftiktok #ybfans ,False,,meir.szn,ㅤㅤㅤㅤㅤㅤㅤㅤㅤㅤㅤㅤㅤㅤㅤㅤㅤMeir,,,,,,False,,,
7379721497864113450,2024-06-12T16:48:34,13,US,9058,263,37,75200,Im a demon🖤 #toryourpage #ybbetter #foryoupage #ybbetter #ybquotes #quotes #ybfans #nbayoungboy #meirczn #ybc #youngboy #youngboybetter #ybbetter #ybbetter #rap #lyrics #quotes #foryou #yb #nbayoungboy #ybbetterthanyofavrapper #ybsideoftiktok #ybfans ,False,,meir.szn,ㅤㅤㅤㅤㅤㅤㅤㅤㅤㅤㅤㅤㅤㅤㅤㅤㅤMeir,,,,,,False,,,
7410023809329204488,2024-09-02T08:36:56,12,PK,39,1,0,424,#toryourpage #toryou #toryou #toryourpage #toryou #toryou #toryourpage #toryou #toryou ,False,,tajhotej,TAHJHOTEJ,,,,,,False,For You Studio,"Głębocka 72, 03-287 Warszawa, Poland",Warsaw
7375206118932385066,2024-05-31T12:46:34,11,US,5303,77,37,51400,Yaya come home🖤 #toryourpage #ybbetter #foryoupage #ybbetter #ybquotes #quotes #ybfans #nbayoungboy #meirczn #ybc #youngboy #youngboybetter #ybbetter #ybbetter #rap #lyrics #quotes #foryou #yb #nbayoungboy #ybbetterthanyofavrapper #ybsideoftiktok #ybfans,False,,meir.szn,ㅤㅤㅤㅤㅤㅤㅤㅤㅤㅤㅤㅤㅤㅤㅤㅤㅤMeir,,,,,,False,,,
7373412492397038881,2024-05-26T16:46:22,43,FR,6107,175,90,54100,Sad rambley..😕 #INDIGOPARK #indigo #park #indigopark #indigoparkrambley #indigoparkedit #rambleyraccoon #rambley #indiehorrorgame #mascothorrorgame #edit #viral #capcut #fandom #fandoms #fpy #fp #toryourpage #toryoupage #forpageyou #forpageyour #for #you #page #your #fffffffffffyyyyyyyyyyypppppppppp #уУУУУУУУУУУУУУУУ #fyppppppppppppppp #ppppppppppppppp #fppppppppppppppppppp #new #CapCut ,False,,pampl3m0usse,𝒟↯,,,,,,False,,,
7298016525636685074,2023-11-05T11:31:30,31,GB,44600,3738,301,659400,🫀🫀🫀                                                #caringbf #caringlove #toryourpage #loveyou #loveaesthetic #couplegoals #holdinghands #romanticvibes ,False,,thetravelsteps,The Travel steps,,,,,,False,,,
7246839564856233243,2023-06-20T14:38:47,61,FR,37800,12100,467,906000,Fais tes choix et partage les en commentaire ! #fyp #pourtoi #foryoupage #trend #swipe #choices #mariage #pourtoi #weeding #love #pt #toryourpage #viral #fyp #xyzbca,False,,boaboa010,BOA,,,,,,False,,,
7324538642360175879,2024-01-15T22:50:56,10,TH,548,66,12,17400,Big boy🤩🤩 #猫咪 #可爱 #缅因猫 #宠物 #猫 #cat#catsoftiktok #kitten #kittensoftiktok #toryou #toryourpage #foryoupage ,False,,hsengnum475,Tian Yu Xi,,,,,,False,"Chiangrai, Thailand","Mueang Chiang Rai, Chiang Rai, Thailand",
7410140819803376912,2024-09-02T16:11:19,18,TR,20,0,4,354,#unfrezzmyaccount #jan #vira #toryourpage #unfrezzmyaccoun #oryourpage #oryourpage #vi #Toryourpage #toryourpage #vira ##foryoupage #foryoupage #viral #pageant #unfrezzmyaccoun #vira #foryoupage ,False,,jan_erfan_badghis_01,𝙹𝙰𝙽𝙴𝚁𝙵𝙰𝙽𝙱𝙰𝙳𝙶𝙷𝙸𝚂,,,,,,False,,,
7410074158635191570,2024-09-02T11:52:20,26,TR,10,1,2,77,Replying to @jdbdzcgg.ggdd #foryourpage #viral #vira #pageant #toryourpage #toryourpage #unfrezzmyaccoun #foryoupage #Toryourpage #unfrezzmyaccount #vi #vi #jan #foryourpage #vira #vira  @𓆩•𝐒𝐔𝐋𝐓𝐀𝐍 𝐄𝐃𝐈𝐓𝐎𝐑•? @FARMANDA BAHAR KABULI @مهدی جان بادغیسی ,False,,jan_erfan_badghis_01,𝙹𝙰𝙽𝙴𝚁𝙵𝙰𝙽𝙱𝙰𝙳𝙶𝙷𝙸𝚂,,,,,,False,,,
7248355067441483035,2023-06-24T16:39:44,61,FR,3846,1607,15,174700,Fais tes choix et partage les en commentaire ! #fyp #pourtoi #foryoupage #trend #swipe #choices #mariage #pourtoi #weeding #love #pt #toryourpage #viral #fyp #xyzbca,False,,boaboa010,BOA,,,,,,False,,,
7329297212792425733,2024-01-28T18:36:32,97,MK,833,3,2,29100,#istineilazi #istineilazi #istineilaziserija #for #foryou #istinailazimarina #marinafilipovic #janamillic#JanaMilicllic #serijesaprevodom #serije #foryou #for #foryoupage #toryourpage #toryoupage #toryourpage ,False,,covekot__,Covekot_,,,,,,False,,,
7409390001470852384,2024-08-31T15:37:28,8,FR,118,0,0,2118,#lash #lashes #lashesonfleek #lashextentions #wimpernverlängerung #wimpern #wimpernextensions #wimpernstylistin #volumentechnik #volumenwimpern #volumenwimpernverlangerung #lashes #lashesonfleek #lashstylist #volumelashes #volumenwimpern #volumentechnik #volumelashextensions #viral #foryou #toryourpage ,False,,thelashbarbyirem,thelashbarbyirem,,,,,,False,,,
7410001998742867201,2024-09-02T07:12:26,14,TR,18,1,5,236,#vira #viral #unfrezzmyaccount #foryourpage #Toryourpage #Toryourpage #Toryourpage #Toryourpage #foryoupage #unfrezzmyaccoun #unfrezzmyaccoun #unfrezzmyaccoun #unfrezzmyaccoun #oryourpage #toryourpage #pageant #pageant #vira #viral #foryourpage ,False,,jan_erfan_badghis_01,𝙹𝙰𝙽𝙴𝚁𝙵𝙰𝙽𝙱𝙰𝙳𝙶𝙷𝙸𝚂,,,,,,False,,,
7410119890671095041,2024-09-02T14:50:01,11,TR,16,2,2,222,#jan #unfrezzmyaccount #Toryourpage #oryourpage #foryourpage #unfrezzmyaccoun #vi #oryourpage #unfrezzmyaccoun #vira #toryourpage #vira #jan #unfrezzmyaccount #unfrezzmyaccount  @𓆩•𝐒𝐔𝐋𝐓𝐀𝐍 𝐄𝐃𝐈𝐓𝐎𝐑•? @مهدی جان بادغیسی @FARMANDA BAHAR KABULI ,False,,jan_erfan_badghis_01,𝙹𝙰𝙽𝙴𝚁𝙵𝙰𝙽𝙱𝙰𝙳𝙶𝙷𝙸𝚂,,,,,,False,,,
7410158170741509384,2024-09-02T17:18:30,34,IQ,88,38,10,1011,بوخو خوش كه 😂💃#CapCut #yalan_dunya2002 #duhok #zaxoyi #akre #foryou #toryourpage #toryoupage #fo #hawler #rewan #rawanobeyd #rewan #rawanobeyd #rewangaming #rewanobeyd #brisk #briskteam #grupebrisk #briskgroup #rawangaming #happyeid #eidmubarek #kurdim #ranya #account #timekurdistan #slemani #tiktok #editor #typ #kurd #acctiktok #toryou #acc #tiktokaccount #kurdistan #account #tiktok #ranya #kalkan #ranya #tiktok #editor #typ #zaxo #dhok #dhok #erbil #kesfetteyizzz ##kegfet##tiktok_beniöneç/kar##tiktokne ws##tiktokindia #زاخو #زاخو_دهوك_هولير_سليماني_ئاكري_سيمي #زاخوكامن #دهوك #دهوك_زاخو_سليماني_ئاكري_ئامیدی_هولیر #دهوك_duhok #دهوك_ئاکڕێ_زاخو_ئامێدی_بەردەرەش_شێلادزێ #اربيل #اربيل_دهوك_سليمانية #اكسبلور #اكسبلورexplore #اكسبلوررر #اكسبلور_فولو #tik #tiktok #tiktokuni #foryou #fpy #fpyシ #fypシ゚viral #viral #viraltiktok ,False,,emir_202,EMİR🗽🇺🇸,,,,,,False,,,
7410027298650361106,2024-09-02T08:50:35,65,PK,96,1,42,477,Tere bare Sanu pata lag Gaya Jahan do 💔💔#waseempendo #waseemjutt725 #toryourpage #foryoupage #foryou @Sohail_saraiki ,False,,waseemjutt.725,waseemjutt.72,,,,,,False,,,
7410156754710924575,2024-09-02T17:13:01,38,US,20,1,7,96,#CapCut #GoodbyeAugust #HelloSeptember #Dogpack #dogsoftiktok #CreatorSearchInsights #TikTokCreatorSearchInsightsIncentive #WeShowUp #Engagement #EngagementTrain #MyLifewithOnilandCebu #fyp #toryourpage #paratipage #parasayo ,False,,joseph92507,Joseph Montalba,,,,,,False,Riverside,"California, United States",
7385922691674475808,2024-06-29T09:53:05,15,BE,762,256,21,15300,Roxy dekker forever my icon #foryou #roxydekker #fördig #viral #fyp #toryourpage #Lifestyle #OOTD #fitoftheday #fitckeck #stockholmstyle ,False,,starleani,Lea Nina,,,,,,False,,,
7328168119699016965,2024-01-25T17:35:03,63,MK,8116,105,14,164700,#istineilazi #istineilazi #istineilaziserija #for #foryou #istinailazimarina #marinafilipovic #janamilic#JanaMilicllic #serijesaprevodom #serije #foryou #for #foryoupage #toryourpage #toryoupage #toryourpage ,False,,covekot__,Covekot_,,,,,,False,,,
video_id,video_timestamp,video_duration,video_locationcreated,video_diggcount,video_sharecount,video_commentcount,video_playcount,video_description,video_is_ad,video_stickers,author_username,author_name,author_followercount,author_followingcount,author_heartcount,author_videocount,author_diggcount,author_verified,poi_name,poi_address,poi_city
7398629921767034154,2024-08-02T15:42:54,64,US,52400,1120,1704,695200,Replying to @gigi Ice Spice vs Nicki 🔥 #marblerace #aicoversongs #icespice #nickiminaj ,False,,marble.rhymes,marble.rhymes,,,,,,False,,,
7410428186380684590,2024-09-03T10:46:11,79,US,4,0,0,77,"Word up, she been giving stank vibes since forever #nyc #icespicevscleo #nickiminaj ",False,,spliffsociety,Spliff 🇵🇷🇲🇽,,,,,,False,The Bronx,"New York, United States",
7410138084521626912,2024-09-02T16:00:28,60,ZA,31,0,2,1314,Ice Spice Vs Nicki Minaj #marblerace #aisongcover #icespice #nickiminaj #songcover #fyp ,False,,ultramarbles,Ultramarbles,,,,,,False,,,
7400901622232108331,2024-08-08T18:38:15,63,US,13600,304,464,221600,Replying to @@Haven🤞🏽 Nicki vs her self on bb belt😂 #marblerace #aicoversongs #icespice #nickiminaj ,False,,marble.rhymes,marble.rhymes,,,,,,False,,,
7410421370380635434,2024-09-03T10:19:45,7,US,55,0,4,350,Cleotrapa Vs. Ice Spice #cleotrapa #icespice #nickiminaj #fypage ,False,,fredriquewills,Fredriquewills,,,,,,False,,,
7367397750624750891,2024-05-10T11:46:20,60,US,84,8,6,4365,Nicki Minaj vs Ice Spice with Cardi B as special guest referee in WWE WWE 2K24 #wwe2k24 #wwe #nickiminaj #icespice #cardib #rap #femalerappers #femalerap #fypシ゚viral #fyppppppppppppppppppppppp #fypage #fyp #rapbeef #rapfight #onika #barbz ,False,,sethjoseph95,Seth Joseph,,,,,,False,,,
7294355862825569578,2023-10-26T15:46:19,21,US,1483,2,16,20000,Y’all hear and see the similarities of this song?😳 #music #rap #icespice #nickiminaj #sample #sampled ,False,,totaledinstinct,TotaledInstinct,,,,,,False,,,
7311093872245951777,2023-12-10T17:18:19,78,DE,2299,6,18,52200,He chose Nicki over Ice Spice?😧 Kai yappin or nah?🤔  #ray #ray #fy #nickiminaj #icespice #nickiminajalbum #nickiminajpinkfriday2 #pinkfriday #pinkfriday2 #fanum #kaicenat #akademiks ,False,,mandarineclips,Mandarine,,,,,,False,,,
7273137915658521889,2023-08-30T11:29:49,167,BE,77500,810,7862,651400,Nicki Minaj VS Cardi B 👑 #nayth #shitnashit #versusbattles #versusbattle #deejay #edit #nickiminaj #cardib #cardibchallenge #barbiegirl #icespiceeedit #superbasschallenge #upcardibchallenge ,False,,naythshitna,Nayth,,,,,,False,,,
7365112837573807393,2024-05-04T07:59:31,96,PT,364,18,13,5814,QUEM TEM RAZÃO??#ilkatavs #nickiminaj #icespice #gagcity #rapbeef ,False,,ilkaatavares,Ilka__Tavs,,,,,,False,,,
7329680591744585006,2024-01-29T19:24:23,7,US,280400,1307,2296,1400000,#fyp #nickiminaj #megantheestallion #icespice #latto #beyonce #behive #dojacat #meganslaw ,False,,johnjo.ce,𝓙𝓸𝓱𝓷𝑪𝒆’,,,,,,False,,,
7347210146944273707,2024-03-17T02:08:43,8,US,18,0,0,731,How the night started vs how it ended. 😊 #Spurofthemoment #Brookyln #NYC #nickiminaj #icespice ,False,,mscaramelob,Brenda..,,,,,,False,,,
7410428252050705695,2024-09-03T10:46:28,251,US,1,0,0,5,#duet with @Cleotrapa 🧚🏾‍♀️ #Meme #greenscreen ,False,,eaux_dats_ginger,eaux_Dats_Ginger,,,,,,False,,,
7410421215732567326,2024-09-03T10:19:15,144,US,7,0,0,124,I'll Put A Bihh In The ASSOCIATES CATEGORY Real Quick ✌️😌 #icespice #cleo #drama ,False,,fatimthedream7,fatimtheDream,,,,,,False,,,
7410423589524196654,2024-09-03T10:28:20,58,US,1,0,0,82,Yall go watch it before she deletes it,False,,elisethedestroyer,Elise The Destroyer,,,,,,False,,,
7410419808736496927,2024-09-03T10:13:45,157,US,2,0,0,67,#cleotrapa #icespice #fyp #explorepage #drama #hiphopmusic #hiphop ,False,,iitss.marcus,iits.Marcus,,,,,,False,,,
7410429839489895710,2024-09-03T10:52:40,40,US,0,0,0,59,And yes we’re streaming Cleo! #icespice #cleotrapa #cleo #icespicevscleotrapa #fypage ,False,,grapebackwoods,GrapeBackwoods,,,,,,False,,,
7410246702319324447,2024-09-02T23:02:02,8,US,17,4,0,330,#dukedennis #dukedennisfunny #ampdukedennis #dukedennislive #dukedennissneakershoppingkaicenat #dukeandkai #kaicenatfunny #funny #amp #fyp #funny #edit #trend #love #foryourpage #fyppppppppppppppppppppppp #capcut #viraltiktok #blowthisup #robloxfyp #robloxmemes #nostalgia #gravityfalls #itendswithus #billcipher #ifondo #itendswithusmovie #blakelively #rushtok #colleenhoover #bookofbill #tgif #novelshort #kingvon #bamarush #happyfriday #theumbrellaacademy #tiktokbacktoschool #rush #lospollostv #itendswithusbook #sorority #icespice #icespicememes #fyp #icespicevsnickiminaj #kaicenat #kaicenatlivestream #kaicenatlive #best #music #moves #games #memes #jokes #arshadnadeem #ilybloom #breakdancing #aftereffects #onlinevideoediting #videotemplate #football #edit #4k #borderlands #reflection #Preseason #recruitment #dailyprayer #whitneyhouston #therizzler #breakdance #privatelabeltest #airball #cucumbersalad #loveshackfancy #robloxfy #sororityrecruitment #blueface #friyay #shawnmendes #bamarushtok #bigjustice #yungmiami #jamielee #808 #ohyes #dipper #shanteltessier #starbandz #madness #aidangallagher #leagueoflegend #diegohargreeves #mevale #billford #klaushargreeves #emilie #gravityfallsbill #joemilton #matpat #d23expo #five #rushready #saopaulo #saucysantana #dragonforce #pigtails #caresha #babybill #ilapitts #US803 #nationalbookloversday #riots #nf|preseason #fordpines #moveinday #stanleypines #meperdientusojos #esb #US804 #fishing #bassfishing #kayakfishing #michiganfishing #kayakbassfishing #basskayakfishing #alaska #topwater #bass #loveit #ohya #mattiegtv #newenglandpatriots #lutherhargreeves #allisonhargreeves #mabel ,False,,987h367,h,,,,,,False,,,
7410249959183830277,2024-09-02T23:14:42,72,NG,65,0,9,526,më dergo tani me lidhjen ne biografine time per rikthyer ish-in tënd #yetie #oveyou #viral# love #dashuri #taroreading #tiktokpoll #albaniangirlss #albania #dashuri #lexim #afendina 390 #maqedonia #Kosovs-tshgiperiferegi das #video_viral #Cllevio #kozak #behuviralemojaman tenkel #tiktok) T&00 #Dita e Shen Valentinit #glavstrov#arávtnon #epúmnon #ayänn #virale #dashuri #6pwra MEIT& #tarotreading#loeyou #tiktokpol #fyp?) #fyp* #viral #fypage #viral #global #Usa #arianagrande #yesand #ag7 #meangirls #icespice #e  premte #kaliuchis ,False,,amalia_liebeszauber,Amalia,,,,,,False,California,United States,
7410152612231679274,2024-09-02T16:56:48,8,US,12,12,0,428,#dukedennis #dukedennisfunny #ampdukedennis #dukedennislive #dukedennissneakershoppingkaicenat #dukeandkai #kaicenatfunny #funny #amp #fyp #funny #edit #trend #love #foryourpage #fyppppppppppppppppppppppp #capcut #viraltiktok #blowthisup #robloxfyp #robloxmemes #nostalgia #gravityfalls #itendswithus #billcipher #ifondo #itendswithusmovie #blakelively #rushtok #colleenhoover #bookofbill #tgif #novelshort #kingvon #bamarush #happyfriday #theumbrellaacademy #tiktokbacktoschool #rush #lospollostv #itendswithusbook #sorority #icespice #icespicememes #fyp #icespicevsnickiminaj #kaicenat #kaicenatlivestream #kaicenatlive #best #music #moves #games #memes #jokes #arshadnadeem #ilybloom #breakdancing #aftereffects #onlinevideoediting #videotemplate #football #edit #4k #borderlands #reflection #Preseason #recruitment #dailyprayer #whitneyhouston #therizzler #breakdance #privatelabeltest #airball #cucumbersalad #loveshackfancy #robloxfy #sororityrecruitment #blueface #friyay #shawnmendes #bamarushtok #bigjustice #yungmiami #jamielee #808 #ohyes #dipper #shanteltessier #starbandz #madness #aidangallagher #leagueoflegend #diegohargreeves #mevale #billford #klaushargreeves #emilie #gravityfallsbill #joemilton #matpat #d23expo #five #rushready #saopaulo #saucysantana #dragonforce #pigtails #caresha #babybill #ilapitts #US803 #nationalbookloversday #riots #nf|preseason #fordpines #moveinday #stanleypines #meperdientusojos #esb #US804 #fishing #bassfishing #kayakfishing #michiganfishing #kayakbassfishing #basskayakfishing #alaska #topwater #bass #loveit #ohya #mattiegtv #newenglandpatriots #lutherhargreeves #allisonhargreeves #mabel ,False,,g646221,g,,,,,,False,,,
7410246950265703686,2024-09-02T23:03:01,10,NG,66,6,7,623,më dergo tani me lidhjen ne biografine time per rikthyer ish-in tënd #yetie #oveyou #viral# love #dashuri #taroreading #tiktokpoll #albaniangirlss #albania #dashuri #lexim #afendina 390 #maqedonia #Kosovs-tshgiperiferegi das #video_viral #Cllevio #kozak #behuviralemojaman tenkel #tiktok) T&00 #Dita e Shen Valentinit #glavstrov#arávtnon #epúmnon #ayänn #virale #dashuri #6pwra MEIT& #tarotreading#loeyou #tiktokpol #fyp?) #fyp* #viral #fypage #viral #global #Usa #arianagrande #yesand #ag7 #meangirls #icespice #e  premte #kaliuchis ,False,,amalia_liebeszauber,Amalia,,,,,,False,Pennsylvania,United States,
7354446964764822826,2024-04-05T14:10:58,27,US,682500,59700,6819,5200000,Ice Spice does not eff around #jojosiwa #icespice #karma #musicparody ,False,,quazzomodo,Chris Quazzo,,,,,,False,,,
video_id,video_timestamp,video_duration,video_locationcreated,video_diggcount,video_sharecount,video_commentcount,video_playcount,video_description,video_is_ad,video_stickers,author_username,author_name,author_followercount,author_followingcount,author_heartcount,author_videocount,author_diggcount,author_verified,poi_name,poi_address,poi_city
7408699728009137414,2024-08-29T18:58:54,11,MX,301800,6219,1029,12000000,#adiosagosto ,False,,sebasxcapcut,SebassCut  ★,,,,,,False,,,
7409070024578633006,2024-08-30T18:55:48,11,US,227,22,2,17400,#adiosagosto #CapCut ,False,,lop3z58,Alfredo♥️,,,,,,False,,,
7408931720373865771,2024-08-30T09:59:09,62,US,11100,3648,48,385000,Cerrando Ciclos ✌️🥂🥀 #mp3_lyrics🎧  #bandams  #regionalmexicano #parati #fypシ゚viral #pyyyyyyyyyyyyyyyyyyyyy #rolitaschidas #rolitas #amor #adiosagosto #hispanosenestadosunidos #latinosenusa #mexicanosenusa #hispanosenusa #paratii #sadvideo #parati ,False,,mp3lyrics4,MP3_lyrics🎧,,,,,,False,,,
7408307910859689222,2024-08-28T17:38:27,13,MX,307300,9165,1255,17900000,#adiosagosto ,False,,fabihola_cc,Fabihola CC,,,,,,False,,,
7408752358991219973,2024-08-29T22:23:09,9,MX,77600,26700,611,1600000,#CapCut #meme #viral #seacabaelaño ,False,,juditramos7,Judit Ramos,,,,,,False,Algún lugar del mundo,"76324 Jalpan de Serra, Qro., México",Pinal de Amoles
7409084382645914911,2024-08-30T19:51:37,8,US,2870,342,10,81500,💙🇬🇹😻#adiosagosto #viraltiktok #paratii #guatemala🇬🇹 #independencia,False,,la_amanda7,🦋🫧Ct..amanda’🫧💙,,,,,,False,,,
7409226158820117766,2024-08-31T05:01:43,14,MX,6112,119,8,145900,#adiosagosto #CapCut  #agostodump #tantasfotosllenandolosmarcos #plantillabonitas #plantillas_edits #plantillascapcut #paisajes #viral #pyfツ #lyricsvideo #moments #paraelmundo ,False,,luis.ccut,Capcut.Plantillas,,,,,,False,,,
7409271695942667566,2024-08-31T07:58:41,19,US,20600,11900,87,1000000,#CapCut #adiosagosto #agosto #gracias #findemes #fypシ゚viral #fy #fyppppppppppppppppppppppp ,False,,plantillass_lindas,plantillass_lindas🌸,,,,,,False,,,
7409055239598263557,2024-08-30T17:58:28,20,MX,1063,1496,12,56000,Adios Agosto gracias por todo!!! #adiosagosto #agostodump #findemes #adiosagosto #viral #fyp #parati #CapCut #adiosagosto ,False,,bellasfrases91,BellasFrases91,,,,,,False,,,
7409332026504940805,2024-08-31T11:52:33,10,MX,3677,46,16,132500,Adiós hermoso agosto...🥰💖🙏🏻 #adiosagosto #recuerdos #viral ,False,,ineyvaz7,Plantillas bonitas ✨💖,,,,,,False,,,
7408941141749517574,2024-08-30T10:35:42,10,MX,30000,1257,182,1400000,Adiós agosto...🙌🏻💚🥹 #adiosagosto #holaseptiembre #recuerdos ,False,,ineyvaz7,Plantillas bonitas ✨💖,,,,,,False,,,
7409121242487262470,2024-08-30T22:14:36,13,AR,46000,38600,272,2300000,#holaseptiembre #adiosagosto #CapCut ,False,,laurifrola7,🤍,,,,,,False,,,
7409137223133564165,2024-08-30T23:16:34,12,CO,4929,225,12,47800,Adios agosto... #fyp #finalesdeagosto #agosto #playa ,False,,kath73206,kath,,,,,,False,,,
7409086031930330373,2024-08-30T19:57:58,11,US,8,0,0,1061,#adiosagosto #Goodbyeagosto2024  #🤍🖇️🙈 #🤎🦦⚡️ #🖤🖤🔥🔥 #😏💪🏻🙌🏻 ,False,,neriitagiina,Neriita Giina♡🤎🦦,,,,,,False,,,
7409517795752332550,2024-08-31T23:53:28,41,HN,7363,1726,111,202600,#fypシ゚viral #parati #independencia #honduras🇭🇳 #septiembre #diadelabandera🇭🇳 #foryou #viralvideo #himnonacional🇭🇳 #adiosagosto ,False,,de_machaca22,❌🎹🎹•De_machaca22•🎹🎹❌,,,,,,False,,,
7410240740892314885,2024-09-02T22:38:54,11,MX,23,0,0,177,Plantilla adiós AGOSTO #adiosagosto #agostodump #plantillacapcut #templatecapcut #veka_plantillas #CapCut ,False,,veka_plantillas,veka_plantillas,,,,,,False,,,
7408342569823915270,2024-08-28T19:52:58,11,MX,59,1,0,1716,adiós agosto #adiosagosto #CapCut ,False,,plantillaschiomora,plantillas chio mora,,,,,,False,,,
7408425115282590982,2024-08-29T01:13:18,13,MX,111400,4037,306,10600000,#adiosagosto #fyp ,False,,fabihola_cc,Fabihola CC,,,,,,False,,,
7409109452898553094,2024-08-30T21:28:51,13,GT,4652,41,21,335200,#adiosagosto #capcutシ゚viraltiktokparatiシ😻❤️ ,False,,josuegmez633,🧸❤️‍🩹Josue  😻,,,,,,False,,,
7409408476952186118,2024-08-31T16:49:14,13,MX,352,55,4,37000,#adiosagosto #CapCut  #agostodump #paraelmundo #plantillabonitas #plantillascapcut #viral #pyfツ #moments ,False,,luis.ccut,Capcut.Plantillas,,,,,,False,,,
7409531932737817862,2024-09-01T00:48:17,11,MX,2175,5,9,37100,Agosto lleno de muchas experiencias 🥰🩷🎀#adiosagosto #CapCut #dúo #london #cute #usa #mx #italy #viral #Viral #lentejas #paratii #parati #adiosagosto #CapCut ,False,,samararojas4,Samara Rojas✨,,,,,,False,,,
7409083465817263366,2024-08-30T19:48:01,10,MX,22500,24800,0,801600,#holaseptiembre #adiosagosto #CapCut #paratiiiiiiiiiiiiiiiiiiiiiiiiiiiiiii #amigosdelmundo #amigosdetiktok #amigosdelalma #paratiiiiiiiiiiiiiiiiiiiiiiiiiiiiiii #fypage #fypシ #mundotiktok #mundo ,False,,lucerocri,Lucero Cris,,,,,,False,,,
7409187412418546949,2024-08-31T02:31:24,15,GT,508600,41900,7706,5000000,#adiosagosto #tiktok #tiktokindia #fyppppppppppppppppppppppp #🍀📿🧿🧔🏻‍♂️💸 #septiembre #viral #otro #año #fypage ,False,,yair4_x,Yair,,,,,,False,,,
7408325563301350661,2024-08-28T18:46:56,10,BZ,8905,10400,62,596600,#adiosagosto #fypシ゚ #esperamosseptiembreconmuchasbendiciones #frasesmotivadoras #parati #buenosdias #✨️💫🌹🌻❤️ ,False,,soraidagutirrez3,🥀D. E .A.♥︎✨️,,,,,,False,,,
7409180637287992581,2024-08-31T02:05:04,15,PE,287,264,22,19900,#sabado 31 de agosto 2024##adio agosto #parati ,False,,maritzamanzanares_2024,Maritza Manzanares 2024,,,,,,False,,,
7409154340688071942,2024-08-31T00:23:01,13,MX,3879,11400,58,212400,Buenosdias #adiosagosto #bendiciones #frasesbonitas #arelimendoza  #CapCut ,False,,impulsandoemprendedoras,ImpulsandoEmprendedoras,,,,,,False,,,
7410174855733153030,2024-09-02T18:23:14,21,VE,430,629,72,13000,#adiosagosto #CapCut Buenas noches 🙏🏻🥱😘,False,,gladys.m_paz,𝐺𝐿𝐴𝐷𝑌𝑆 𝑃𝐴𝑍,,,,,,False,,,
7409519848172047622,2024-09-01T00:01:26,15,GT,13800,1045,98,152500,Septiembre 🙁🫀😔#fyp #f #comedia #content #frases #septiembre #adiosagosto #🙁 ,False,,brayan19314,ALEX🍀🍀,,,,,,False,,,
7409053341235399942,2024-08-30T17:51:07,11,VE,2159,607,14,60900,#adiosagosto #CapCut ,False,,marinella.com200,llanera de corazón 🤠👏,,,,,,False,,,
7409294034654465285,2024-08-31T09:25:05,10,MX,1088,205,0,36100,Adiós agosto ❤️‍🩹 #parati #contenidotiktok #fypage #carlamorrison #music #drive #adios #agosto ,False,,jackdanreyna,ᎫᴀᴄᏦᗫᴀɴɪᴇᏞ,,,,,,False,,,
7409863955545345285,2024-09-01T22:16:45,14,CL,2082,1339,52,33300,#adiosagosto #laabuelitaregia #paratodoelmundo #viralvideo ,False,,abuelitairma2.0,abuelita irma,,,,,,False,,,
7409476687064337669,2024-08-31T21:13:55,13,GT,682,933,15,25100,#adiosagosto #CapCut #buenasnoches #paratii #felizdescanso😴😴 #bendiciones🌹❤️🙌🏻🙌🏻🙏 ,False,,ricardo.ich,Ricardo Ich,,,,,,False,,,
7409286971228507397,2024-08-31T08:57:47,14,BO,78700,42400,269,4000000,#holaseptiembre #adiosagosto #CapCut #amalavida  #paratii  #bendiciones  #bienvenidoseptiembre💖 ,False,,_lizmar14,ama la vida 💛,,,,,,False,,,
video_id,video_timestamp,video_duration,video_locationcreated,video_diggcount,video_sharecount,video_commentcount,video_playcount,video_description,video_is_ad,video_stickers,author_username,author_name,author_followercount,author_followingcount,author_heartcount,author_videocount,author_diggcount,author_verified,poi_name,poi_address,poi_city
7407846344737525023,2024-08-27T11:47:39,34,US,58700,16200,266,1300000,Replying to @AmRenee tag me if you try this diy t-shirt!❤️ #diy #tshirtcutting #tshirthack #gamedayoutfit ,False,,melaniewilking,Melanie Ekeler (Wilking),,,,,,True,,,
7407192409681055007,2024-08-25T17:29:56,7,US,123200,2481,215,682600,First game day fit  #college #gamedsy #fsu #school #outfit ,False,,katelynernst4,Katelyn Ernst,,,,,,False,,,
7399067363657731370,2024-08-03T20:00:23,49,US,104,7,2,8110,tips & tricks to perfect the cool girl look on game day 👩‍🍳💋🏟️ #coolgirl #coolgirlaesthetic #coolgirlstyle #gameday #gamedaysstyle #gamedayfit #gamedayinspo #fashion #thriftedfashion #pinterestoutfits,False,,curtsyapp,Curtsy,,,,,,False,,,
7276925859804564779,2023-09-09T16:29:03,10,US,7938,192,68,229300,HORNS DOWN🤘👇 #beattexas #hornsdown #rolltide #bama #college #fyp #foryou #OOTD #gamedayoutfit #collegevlog ,False,,gracynedmondsonnn,gracynedmondson,,,,,,False,,,
7406724644612410667,2024-08-24T11:14:34,16,US,1410,102,8,28300,gameday fit inspo!💕  #outfitinspo #gamedayoutfit #universityofhouston #college #fyp ,False,,elannadb,Elanna,,,,,,False,Houston,"Texas, United States",
7401162589172059438,2024-08-09T11:30:56,28,US,1269,31,14,397100,Gen Z vs millennial: gameday edition 🏈📣 Which outfit is your favorite?!  #gameday #gamedayoutfit #gamedayoutfitinspo #gamedayoutfitidea #gamedaystyles ,True,,shoppinklily,The Pink Lily,,,,,,True,,,
7407545174315912479,2024-08-26T16:18:49,13,US,120,25,0,7161,Texaa A&M Gameday Outfits ❤️🏈🫶 #gamedayoutfits #gamedayoutfit #boutiqueshopping #texasaggies #collegegameday #gamedayootdinspo ,False,,shopindiecollection,Indie Collection,,,,,,False,,,
7287659208625884458,2023-10-08T14:40:00,33,US,65000,7064,572,2500000,game day🏈 tried to do the viral AI hair🤔  #gameday #couple #outfits #georgia #romanempire #secfootball ,False,,campbellhuntpuckett,Campbell Puckett,,,,,,False,,,
7407474453157874986,2024-08-26T11:44:15,22,US,23400,2391,64,120800,new gameday shirt style!!!❤️ #college #gamedayoutfit #outfitinspo #universityofhouston #fyp ,False,,elannadb,Elanna,,,,,,False,Houston,"Texas, United States",
7277683303778389290,2023-09-11T17:28:21,247,US,71200,1821,178,475600,#lsutigers #lsu #gamedayoutfit ,False,,lexingo,LEXI NGO,,,,,,False,,,
7397920911657045279,2024-07-31T17:51:43,13,US,1479,87,22,40400,Auburn Gameday Outfits 🧡🫶 #auburngamedayoutfit #sparklejersey #gamedayootdinspo #gamedayoutfit #cutegamedayoutfits #boutiqueshopping #cuteclothes #collegegameday ,False,,shopindiecollection,Indie Collection,,,,,,False,,,
7261771033664081198,2023-07-30T20:20:38,20,US,3015,162,25,243200,Our fav collection of the year! Gameday outfits are live online + in the app 🏈❤️ #gamedayootd #collegegamedayoutfitinspo #cutegamedayoutfits #gamedayoutfitcheck❤️🏈🏈🤍🤍 #gamedaycollection #gamedayoutfitinspo ,True,,shopindiecollection,Indie Collection,,,,,,False,,,
7404908113679109418,2024-08-19T13:45:32,12,US,7523,195,51,95300,"#creatorsearchinsights kentucky gameday outfit inspo, outfit details in my LTK linked in my bio #uk #uky #kentucky #kentuckywildcats #sec #secgameday #gameday #outfit #outfitinspo #shopping #haul #tryonhaul  @Calypso Boutique ",False,,greenmemma123,Emma G,,,,,,False,,,
7302854337934429486,2023-11-18T12:24:49,25,US,463,47,8,51600,USC gameday Fit check #foryou #fyp #USC #ucla #gamedayoutfit ,False,,briawhite_,Bria,,,,,,False,,,
7309983739872873774,2023-12-07T17:30:28,142,US,3028,49,21,109600,Rating my game day outfits! I also am gonna sell these on my poshmark if anyone is interested ♥️#greenscreen #universityofalabama ,False,,camsfaulkinglife,Camryn faulkner,,,,,,False,,,
7380828730412764446,2024-06-15T16:25:28,9,US,14300,965,299,116000,go gators! 😛pins linked in bio!! #gamedayoutfits #gators #footballoutfits #gamedayoutfitinspo  ,False,,pinned.in.gainesville,Elizabeth.melo,,,,,,False,,,
7407967727949827359,2024-08-27T19:38:29,13,US,3838,581,253,55300,Custom Game Day Puffers ❤️  #buffalobills #buffalobillsfootball #billsmafia❤️💙❤️💙 #nfl #nflfootball #nflfootballtiktok #gamedayoutfit #buffalony #newyork ,False,,anikanicolee,Anika Rodericks,,,,,,False,,,
7276896624150990122,2023-09-09T14:35:39,14,US,1075,20,7,75500,HORNS DOWN BABYYYYY #rolltide #rtr #rmft #gameday #collegefootball #sec #bama #bamafootball #universityofalabama ,False,,brooketruegoat,broome,,,,,,False,University of Alabama,"Campus Dr, Tuscaloosa, United States",Tuscaloosa
7279474910735420714,2023-09-16T13:20:41,5,US,573,43,8,54300,#ootd #fitcheck #unc #outfit #outfits ,False,,angelaliannn,angela lian,,,,,,False,Chapel Hill,"North Carolina, United States",
7400257376701517087,2024-08-07T00:58:21,195,US,3038,487,54,55900,Football season is back which means game day outfits!! #fsu #gamedayoutfit #footballseason @MOTEL @Aritzia @LIONESS @frankiesbikinis @ZARA @PEPPERMAYO ,False,,cinnamonpoptartttt,Chrissy,,,,,,False,,,
7293355114528656682,2023-10-23T23:02:55,291,US,55700,329,402,1000000,Help me get allll dressed up for gameday! #gameday #gamedayoutfit #gamedayootdinspo #gamedayfit #alabamafootball #rolltide ,False,,hannahkbrown,Hannah Brown,,,,,,True,,,
7276896787871436074,2023-09-09T14:36:15,6,US,4613,91,24,159300,GAME DAY. rollllll tideeeeeee #rolltode #gameday #collegefootball #collegegeday #outfit #ootd ,False,,iamsydneythomas,Sydney Thomas,,,,,,False,,,
7274649442672905518,2023-09-03T13:15:25,25,US,52700,4402,130,667400,I miss college & when i would DIY all my tailgate/gameday shirts 🏈✨🥺 lol #fyp #DIY #gameday #gamedayoutfit #gamedayshirt #collegefootball #universityofhouston #gocoogs #collegegamedayoutfitinspo #houstontexas ,False,,daliaatrejo,Dalia,,,,,,False,Houston,"Texas, United States",
7390085118389521694,2024-07-10T15:04:54,144,US,1186,9,21,45800,Rating my game day outfits from last seaon🏈✨ It’s only up from here guys— I will make my come back !!!!!!!!! #OOTG #gameday #footballgf ,False,,darby_davis,Darby Davis,,,,,,False,Missouri,United States,
7275356060347551022,2023-09-05T10:57:23,8,US,18500,350,46,280300,Classy but stylish college football game outfit inspo for girls in their 20s🧡 Outfit details: -top @Edikted use code JACKSONM10 -jean shorts @ZARA  -boots @Nasty Gal  -neck scarf @Marshalls  -purse is from Greece hehe  #gamedayoutfit #youngtwenties #collegegameday #collegegamedayoutfitinspo #youngtwentiesoutfits #youngtwentiesfashion #youngtwentiesootd #mid20sfashion #midtwentiesfashion ,False,,jacksonmoehler,Jackson Moehler,,,,,,False,,,
7269872908858674474,2023-08-21T16:20:09,9,US,2871,227,80,106400,Get ready without me for Game dayyyy! 💜💜 #getreadywithoutme #grwm #gameday #nflgirlfriends #nflgameday #gamedayoutfit #nfloutfit ,False,,nyaimanross,nyaImanross,,,,,,False,,,
7406288750118063391,2024-08-23T07:03:50,13,US,5095,47,83,64800,gameday😤🗣️#fashion #schooloutfit #backtoschoolhaul ,False,,g2fleeski,G⚡️,,,,,,False,,,
7261378388726680875,2023-07-29T18:56:55,30,US,654,64,32,53700,Go Dawgs!!❤️🐶 #gamedayoutfits #gameday #georgiabulldogs #football #boutiqueclothing ,False,,shopbrooklynns,shopbrooklynns,,,,,,False,Brooklynn's,"500 Chambers St, Woodstock, United States",Woodstock
7409153264777743658,2024-08-31T00:18:50,6,US,3895,75,24,41800,prepared to rally at 6am 🏟️🙌 #uiowa #uiowafootball #iowafootball #gamedayoutfit #fitcheck ,False,,joeykkiefer,joey🌷🫐🥥🎀🪩,,,,,,False,,,
7401580374335261982,2024-08-10T14:32:19,10,US,708,87,39,42300,Which was your fav? 👀 its game dayyyyy 🧀🧀🧀 #gopackgo #gamedayfits #ootd #jerseyoutfit #nfljersey #footballgf #nflgf #aneishaalise #fypシ゚viral ,False,,aneishaalise,ANEISHA 🤍,,,,,,False,,,
7304087995974421791,2023-11-21T20:11:59,13,US,2028,101,73,102100,a few gameday fits from this year!🫶✨🧡🤍🏈#utk #sec #fyp #foryou ,False,,rtimko,rtimko,,,,,,False,Knoxville,"Tennessee, United States",
7288104614774181162,2023-10-09T19:28:18,8,US,17000,48,16,121400,"this makes me lol, fit check🗣️🗣️😁😁🔥🔥 #fyp #gameday #tamu #gamedayfits ",False,,rileyannfox,riley,,,,,,False,,,
7410099996659371269,2024-09-02T13:32:42,14,CA,73,0,1,1436,I go to football games to socialize and wear cute outfits 💚🏈🍉 #fyp #foryou #trend #trendingsong #outfit #ootd #fitcheck #sports #gameday #viral #content #canada #saskatchewan ,False,,rachel.redenbach,rach,,,,,,False,Saskatchewan,Canada,
7313634494643293471,2023-12-17T13:37:26,11,US,27800,476,142,883100,Havent made a corset all season long and it just didn’t feel right! Lets go Niners!! #nfl #gamedayoutfit #49ers #corset #jerseycorset #reworkedclothes ,False,,kristinjuszczyk,Kristin Juszczyk,,,,,,False,,,
7393857494801485086,2024-07-20T19:03:37,10,US,3518,44,113,59800,fashion emergency 🚨🚨🚨#baseballoutfits #gamedayfits #okc #dodgers #baseball #couples @Oklahoma City Dodgers ,False,,natalieloureda,Natalie🩵🇨🇺,,,,,,False,SOMEWHERETEXAS,"801 Wallis Ave, Santa Anna, TX 76878, United States",Santa Anna
video_id,video_timestamp,video_duration,video_locationcreated,video_diggcount,video_sharecount,video_commentcount,video_playcount,video_description,video_is_ad,video_stickers,author_username,author_name,author_followercount,author_followingcount,author_heartcount,author_videocount,author_diggcount,author_verified,poi_name,poi_address,poi_city
7409342216688160046,2024-08-31T12:32:03,8,US,60300,4349,563,380700,part 2 #dragoncon #bokunoheroacademia #cosplayconvention #dragoncon2024 #bnha #myheroacademia #allforone #fyp ,False,,catsukibakugoreal,cat,,,,,,False,,,
7408412377961483551,2024-08-29T00:24:03,29,US,7708,2251,229,152500,Dragon Con Wednesday’s have me asking what are we? 🫣 Is it casual now? ##dragoncon##dragoncon2024##onesiewednesday,False,,dragonconofficial,Dragon Con!,,,,,,False,Dragon Con,"5044 Clark Howell Hwy, Atlanta, United States",Atlanta
7409680093359934763,2024-09-01T10:23:11,15,US,5216,909,27,44600,Dragons are always HOT-TO-GO! 🔥#hottogo #chappellroan #cosplayersoftiktok #dragoncon @chappell roan ,False,,dragonconofficial,Dragon Con!,,,,,,False,Dragon Con,"5044 Clark Howell Hwy, Atlanta, United States",Atlanta
7409004822474542366,2024-08-30T14:42:59,9,US,1191,35,14,20000,,False,,hobbitparty,hobbitparty,,,,,,False,,,
7409516634445974814,2024-08-31T23:48:58,5,US,12800,809,84,68200,Serving the country at Dragoncon this weekend in Noble 6 😂 #dragoncon #noble6 #haloreach #cosplay ,False,,kitkatgoose127,kitkatgoose127,,,,,,False,,,
7410074416551398686,2024-09-02T11:53:30,10,US,1269,97,14,24300,I'm still not over how gorgeous the Marriott is @Tori #dragoncon2024 #dragoncon #billandted #billandtedcosplay @Dragon Con! ,False,,timeforjack,Jack,,,,,,False,Atlanta Marriott Marquis,"265 Peachtree Center Ave Ne, Atlanta, United States",Atlanta
7409130044259405102,2024-08-30T22:48:41,21,US,2380,170,34,37200,Day 2! What costume(s) are you wearing this year?? 🐉 #dragoncon @Dragon Con! ,False,,tevlev66,Tevlev,,,,,,False,,,
7409058155881123102,2024-08-30T18:09:52,13,US,9141,383,67,91200,When your fave is all over downtown Atlanta. (Don't worry the Sky Bridge was empty). #cosplayer #cosplayersoftiktok #dragoncon #dragoncon2024 #ghostbusters #Barbie #HiBarbie #ghostbusterscosplay ,False,,c.esperance,Carolyn Hinkle,,,,,,False,Atlanta,"Georgia, United States",
7410073087288380715,2024-09-02T11:48:14,13,US,354,2,4,4819,Till next time #dragoncon ,False,,dragonskeepcosplay,Dragonskeepcosplay,,,,,,False,,,
7408588260982721823,2024-08-29T11:46:24,21,US,242,8,15,5970,Wednesday of @Dragon Con! and it looks like the party already started. Welcome to the best time of the year! #dragoncon #dragoncon2024 #fypp ,False,,keiko_c0splay,Keiko Cosplay,,,,,,False,Atlanta,"Georgia, United States",
7330853936104230190,2024-02-01T23:17:36,30,US,161400,3256,1200,874500,Astroboy Cosplay by molotovbailey #astroboy #cosplay #scifi #cyberpunk #dragoncon ,False,,master.ness,masterness,,,,,,False,Dragon Con,"5044 Clark Howell Hwy, Atlanta, United States",Atlanta
7409663766918335787,2024-09-01T09:19:52,16,US,89,4,2,3220,Dragon Con 2024 wss insane!! #dragoncon #alaska #tstheerastour #tstheerastourontiktok #lik #love #foryou #foryoupage #explore #awesome #starwars #trendingnow #reels ,False,,tytoguardian1,Arthur Leach (Tyto),,,,,,False,,,
7409406287789722910,2024-08-31T16:40:48,17,US,1337,180,47,49100,DragonCon time baby! #DragonCon #dragoncon2024 #geek #cosplay ,False,,amythest18,Amythest,,,,,,False,,,
7409299536474115374,2024-08-31T09:46:31,26,US,145600,35500,378,4100000,I just love seeing the creative cosplays at @Dragon Con! Oooh the nostalgia!! #cosplay #cosplayer #bass #bigmouth #billy #fish #dontworry #behappy #love #lol #viral #fyp #foryoupage #dragoncon ,False,,daracelll,Daracell,,,,,,False,Atlanta,"Georgia, United States",
7409371740591197471,2024-08-31T14:26:45,7,US,2200,57,9,32900,rip my neck #pokemon #jessiepokemon #jessiecosplay #dragoncon #cosplay #dragoncon2024 ,False,,_sugar_peaches_,laurel,,,,,,False,,,
7409385735624609067,2024-08-31T15:20:55,60,US,2140,96,28,46000,My first time at dragon con!!! The cosplay contest was unreal so here are a couple of my faves from the night #dragoncon #dragoncon2024 #dc #dc2024 ,False,,sweeterpeach,jazz,,,,,,False,Atlanta,"Georgia, United States",
7409356246861532459,2024-08-31T13:26:29,51,US,5637,2790,107,39100,Its time for another @Dragon Con! ✨ Dino Dance Party ✨#dragoncon #dragoncon2024 ,False,,imperialsworld,Imperial - ✨spicy disaster✨,,,,,,False,Hilton Atlanta,"255 Courtland St NE, Fulton, Georgia 30303, USA",Atlanta
7410092381195816222,2024-09-02T13:03:13,28,US,41,5,3,359,I had a lot of people come up to me asking what DragonCon is like? Well it’s a bit like this. (My friends @Nakaichi | Centaku VTuber and @Kate can be seen in this so follow them for more DragonCon fun!) @Dragon Con! #dragoncon #convention #atl #atlanta #cosplay #cosplaycommunity #cosplayconvention ,False,,djzippy2020,ZippysVentures,,,,,,False,Atlanta,"Georgia, United States",
7410027116143676702,2024-09-02T08:50:15,27,US,576,33,34,5436,I’m terrible about taking photos of other cosplays at con. I’m too busy taking them all in! But here are are a few of the awesome cosplayers I did get some footage of this wekened at @Dragon Con!  #dragoncon2024 #dragoncon #cosplayers #cosplay #dragonconcosplay #convention #thegreatestshow ,False,,jedivariantcosplay,Rachel Pearson,,,,,,False,Atlanta Marriott Marquis,"265 Peachtree Center Ave Ne, Atlanta, United States",Atlanta
7408383802369674526,2024-08-28T22:33:01,7,US,26100,753,38,121300,It’s nerd christmas #dragoncon #cosplaylife ,False,,jedimanda,JediManda,,,,,,False,Dragon Con,"5044 Clark Howell Hwy, Atlanta, United States",Atlanta
7408570180449684767,2024-08-29T10:36:16,45,US,4524,2118,92,69300,#dragoncon #dragoncon2024 #trex #trexdragoncon #dinosaurwalk #inflattabledinosaur @Dragon Con! ,False,,livinginwonderland1564,Jennifer,,,,,,False,Hilton Atlanta,"255 Courtland St NE, Fulton, Georgia 30303, USA",Atlanta
7410041503344512299,2024-09-02T09:45:44,9,US,475,65,0,4408,The Sanderson / Cosmere meetup is my favorite part of DragonCon each year! SO MANY fantastic cosplays.  #cosmeretok #brandonsanderson #booktok #dragoncon #dragoncon2024 #cosmerecosplay #stormlightarchivecosplay ,False,,artbzd,artbzd,,,,,,False,Hardy Ivy Park,"310 Peachtree St Ne, Atlanta, United States",Atlanta
7409545738222406943,2024-09-01T01:42:04,8,US,10700,2479,126,148700,Cicada coaplayers outside the Hyatt! #DragonCon2024,False,,rachelabrune,rachelabrune,,,,,,False,,,
7410198589625863455,2024-09-02T19:55:18,8,US,175,3,1,901,these were SO COOL #dragoncon ,False,,littletomatogarden,holly,,,,,,False,,,
7409385817270979883,2024-08-31T15:21:15,16,US,2092,143,16,11700,Surprising @Devora with a live-size dino dance! @Aliona joined too! #dragoncon #bg3 ,False,,filipa.flower,filipa.flower,,,,,,False,Dragon Con,"5044 Clark Howell Hwy, Atlanta, United States",Atlanta
7366440039150112042,2024-05-07T21:49:47,38,US,2989,2544,183,214900,my favorite costumes I've made are definitely the dragons! #cosplay #sewing #dragoncon #costume #dragons ,False,,chimeracostumes,Chimera Costumes,,,,,,False,Atlanta,"Georgia, United States",
7410191438987742506,2024-09-02T19:27:28,6,US,215,14,6,2631,DragonCon #cosplay #cosplayconvention #dragoncon ,False,,leesymaecosplay,LeesyMae Cosplay,,,,,,False,,,
7138967581938978094,2022-09-02T22:00:19,52,US,1463,82,9,35500,#dragoncon #atlanta #dragoncon2022 #cosplay #disneycosplay,False,,lexiconoflove,Lexicon of Love Art & Travel,,,,,,False,Atlanta,"Georgia, United States",
7410240555969465643,2024-09-02T22:38:05,26,US,111,0,6,489,see ya next year @Dragon Con!  #dragoncon #dragoncon2024 #conventions ,False,,smokingglueguns,Smoking Glue Guns,,,,,,False,,,
7409015526439046442,2024-08-30T15:24:21,51,US,20500,7228,340,124400,DragonCon 2024 Raygun cosplay 🤣 pictures by Stewart Wade #dragoncon #dragoncon2024 #raygun #cosplay ,False,,minhcaron,Minh Nhat Bui,,,,,,False,Dragon Con,"5044 Clark Howell Hwy, Atlanta, United States",Atlanta
7410242834332241195,2024-09-02T22:46:55,21,US,72,2,3,320,THIS IS AMAZING AND HORRIFYING OH MY GOD 🤯 PICS CREDIT TO ALL THE ACCOUNTS SHOWN ! #greenscreen #mlp #meme #tumblr #internethistory #tumblrhistory #fandom #fandomhistory #dragoncon #cosplay #cosplayer #animeconvention #rainbowdash #friendshipismagic #mylittlepony #mlpfandom #fandoms  ,False,,furbiedani,DANI ( ´ ▿ ` ); + ˚ ･ ♡,,,,,,False,,,
7275128749387975979,2023-09-04T20:15:19,33,US,2331,246,27,37800,"Thanks for another amazing DragonCon, see you next year! #dragoncon #dragoncon2023 ",False,,bluethephotographer,bluethephotographer,,,,,,False,I & I Mobile Tire Services - Atlanta,"1201 W Peachtree St NE #2300, Atlanta, GA 30309, United States",
7410161017495276846,2024-09-02T17:29:24,12,US,109,4,1,2601,We found our dancing #dragonPool friend walking the @Dragon Con! parade ❤️🖤 #dragoncon #dragoncon2024 ,False,,imperialsworld,Imperial - ✨spicy disaster✨,,,,,,False,Dragon Con,"5044 Clark Howell Hwy, Atlanta, United States",Atlanta
7274743471125122346,2023-09-03T19:20:16,7,US,6526,527,25,55300,DragonCon 💖 #dragoncon #dragoncon2023 #cosplayconvention @Dragon Con! ,False,,leesymaecosplay,LeesyMae Cosplay,,,,,,False,,,
7409517265663675694,2024-08-31T23:51:19,7,US,113,0,3,816,"If anyone has any other clips from the Dragoncon Anime/Animation cosplay contest, please let me know! #dragoncon #dragoncon2024 #cosplaycontest #aihoshino #aihoshinocosplay #oshinoko #oshinokocosplay ",False,,elkomixx,Elkomixx,,,,,,False,Hilton Atlanta,"255 Courtland St NE, Fulton, Georgia 30303, USA",Atlanta
video_id,video_timestamp,video_duration,video_locationcreated,video_diggcount,video_sharecount,video_commentcount,video_playcount,video_description,video_is_ad,video_stickers,author_username,author_name,author_followercount,author_followingcount,author_heartcount,author_videocount,author_diggcount,author_verified,poi_name,poi_address,poi_city
7399981930688580896,2024-08-06T07:09:24,16,GB,230800,11200,1221,1700000,"this is was a lot funnier in my head ,, #doors #robloxdoors #roblox #fyp #pressure #robloxfyp #robloxpressure #eyefestation #eyes #sebastiansolace #pressureroblox #doorsroblox ",False,,akitoez_,gaycrisps,,,,,,False,,,
7360004707831516449,2024-04-20T13:37:18,18,GB,991800,17800,3891,8200000,SHE SAID SHES FROM THE ISLANDS 💕 | #music#doors#roblox#fyp#viral#aesthetic,False,,czym1ches,CZYM🪼CH,,,,,,False,,,
7396036265587641606,2024-07-26T15:58:11,14,CA,1300000,74900,12700,8500000,KEEP UP WITH ME!! #roblox #robloxedit #doorsroblox #doors #robloxfyp #edit #doorsrobloxgame ,False,,happenhoyo,Happen,,,,,,False,,,
7363224706830339329,2024-04-29T05:52:40,23,AE,158600,15500,699,6200000,#mercedes #g63 #p850 #doors #dubai🇦🇪 #dxb #carsoftiktok ,False,,caraholic812,caraholic,,,,,,False,Dubai U.A.E,"Dubai, United Arab Emirates",Dubai
7335823281393618208,2024-02-15T08:41:06,12,ES,14800000,219600,88600,227200000,Magic Door ☀️📱@Xiaomi #xiaomi13ultra #video #sunset #creative ,False,,jordi.koalitic,@Jordi.koalitic,,,,,,True,,,
7367117587282627886,2024-05-09T17:38:56,12,PK,449100,20000,4226,20700000,#door #fancy #parda #best #quality #amazing #design #video #viral #account ,False,,official_mart2,official_mart,,,,,,False,Love Garden ❤ Tourist Attraction,"Anarkali Bazaar Lahore, Punjab 54000, Pakistan",Lahore
7393244332247026952,2024-07-19T03:24:01,31,PH,168500,23400,4624,2200000,When you thought door 100 is the end but it's not. ☠️☠️☠️ #foryoupage #foryou #fyp #fypシ #roblox #robloxpressure #pressure #doors #inspired #horror #game #pressuredoor100 #memes #gameplay #edit #NightNyx15 ,False,,nightnyx15,NightNyx15,,,,,,False,,,
7369427659979328811,2024-05-15T23:03:19,14,TW,365800,131400,3745,30900000,#foldingdoor #slidingdoor #aluminumwindows #windows #windowfactory #love #homedecor #outdoortiles #safetydoor #carporch #patio #houserenvation ,False,,perfectdecomaterial,perfectdecomaterial,,,,,,False,,,
7384840578736950560,2024-06-26T11:53:15,6,GB,319000,13900,2209,13000000,#fyp #foryou #sh7gang #door ,False,,shahmeer01_,SH7,,,,,,False,,,
7377076667119963425,2024-06-05T13:45:14,6,DE,1200000,120800,9834,5700000,Don’t you dare. #fleethefacility #memecut #roblox #parati #viral #fyppp #fypage #robloxnostalgia #robloxhorror #doors #doorsroblox #oldroblox #thehuntroblox #2020 #fypシ ,False,,x93xtwinkle_shine,𝑯’,,,,,,False,,,
7366742551019130155,2024-05-08T17:23:42,10,PK,236200,11800,2049,7600000,#fancy #door #best #quality #amazing #design #video #viral #account ,False,,official_mart2,official_mart,,,,,,False,Love Garden ❤ Tourist Attraction,"Anarkali Bazaar Lahore, Punjab 54000, Pakistan",Lahore
7380700262534483233,2024-06-15T08:06:40,8,CH,920800,90200,4894,13700000,G-Wagon HOFELE w/ Suicide Doors 💎 ,False,,mercbenzking.official,MercBenzKing,,,,,,False,,,
7395639959127854378,2024-07-25T14:20:16,13,US,306500,6967,1135,3400000,Now this is a pocket door! Very impressed with the @CavitySliders quality and ease of set up. Assembly and install video coming up #pocketdoor #pocketdoors #remodel #renovation #bathroom #installer #softclose #interiordesign,False,,toolsbydesign,TOOLS by Design,,,,,,False,,,
7384826997542866209,2024-06-26T11:00:33,9,BE,155400,40500,1591,6200000,🇧🇦🕺 #guitar #door #bosnian ,False,,erkojunofficial,Erko Jun (Official),,,,,,False,,,
7399655673375640865,2024-08-05T10:03:23,12,FR,1800000,728600,26900,23400000,If only every door led to japanese dream food. AI-generated video (Midjourney • Magnific AI • Immersity),False,,ifonly.ai,IfOnly.ai,,,,,,False,Miami,"Florida, United States",
7403389086771268895,2024-08-15T11:30:55,15,US,554600,14600,909,3700000,me and the door have beef #whitneyhouston #ihavenothing ,False,,sagethomass,sage,,,,,,False,,,
7357925391652375854,2024-04-14T23:08:48,37,US,732800,20600,6162,7000000,What an experience! Not only to perform on this stage but to also see @Odell Bunton Jr perform “The Door”- Surreal !! Y’all go vote for this man! Tune in to @AmericanIdol on @ABC Network or stream on @hulu #idol  🎶: Lose Control ,False,,teddyswims,Teddy Swims,,,,,,True,,,
7409290442774170913,2024-08-31T09:11:10,12,FR,578300,8043,1660,3400000,(ik he’s canadian) take notes love next door😭 #kdramas #businessproposal #kdramalover #fyp #koreandrama ,False,,twkmelon,gabs,,,,,,False,,,
7402204901851319584,2024-08-12T06:55:43,15,BE,495100,99700,1456,2800000,He doesn’t understand how doors work😅,False,,melisaxmendez,Mel,,,,,,False,,,
7410359582192602386,2024-09-03T06:22:24,11,TH,1602,26,51,15100,สรุปจะเล่นอะไร #roblox #Brookhaven #doors #doorsroblox #robloxthailand #tiktokเกมมิ่ง,False,,namise_2005,NAMISE,,,,,,False,,,
7410338859625581829,2024-09-03T04:59:42,11,NG,502,4,11,8100,Replying to @❤️‍🩹..! The same cutla$$ that entered the door didnt work on me🤭 you see how they ruined the door with legs for y’all that said it’s a lie lol,False,,azama_30bg,AZAMA30BG💆🏽‍♂️,,,,,,False,,,
7368497583313980677,2024-05-13T10:53:59,21,GT,2300000,73000,13200,12900000,The door to an unknown world #darkfantasyaesthetic #medieval #placesthatdontfeelreal #placesthatdontexist #darkfantasy #dreamcore #nostalgic #weirdcore ,False,,teapot.pon,TeaPot,,,,,,False,,,
7395214216350698768,2024-07-24T10:48:13,6,PH,199600,3786,1778,1300000,"I MEAN, I COULD SLAM DOORS TOO, but if i ever dare? I'm dead #insideout #insideout2 #foryou #forypupage #fyp ",False,,i_amryy,ryy ʚɞ,,,,,,False,,,
7410360768723438855,2024-09-03T06:24:32,58,TH,70,0,9,726,เมื่อเราคือผู้รอดชีวิตคนสุดท้าย😞 #doorsroblox #doors #roblox #โรบล็อก #robloxdoors ,False,,zeeugaming,ZeeU Gaming,,,,,,False,,,
7410360422420811024,2024-09-03T06:23:20,17,PH,2038,113,18,10400,and the no. 1 victim is Kim Leehan #taesan #leehan #boynextdoor #fyp #onedoor #jaewoon #gongfourz ,False,,.jaewoondoor,Rich🥣,,,,,,False,,,
7410364388030303489,2024-09-03T08:00:00,13,KR,8528,154,38,91000,Something in the Love Next Door 😏 #LoveNextDoor #엄마친구아들 #JungHaein #정해인 #JungSomin #정소민 #SomethingintheRain #밥잘사주는예쁜누나 #SonYejin #손예진 #whattowatch #Netflix #넷플릭스 #NetflixKorea #NetflixKcontent #Drakor #KSeries #Kdrama,False,,netflixkcontent,Netflix K-Content,,,,,,True,,,
7366745504983698730,2024-05-08T17:35:11,6,US,305400,2354,1959,2800000,Does anyone elses closet do that or is that actaully not supposed to happen 😭 #fyp #closet #door #?? ,False,,creativity.crafts,Cassi 🐈‍⬛,,,,,,False,,,
7410335492937387269,2024-09-03T04:46:37,15,ID,186,43,67,1320,#aldiefek ,False,,aldiefek,Aldiefek,,,,,,False,,,
7389547954173988139,2024-07-09T04:32:06,53,US,280300,68900,3972,2400000,Game is called PRESSURE #doors #robloxdoors #roblox #horror #foryou,False,,fadeunchanged,FadeUnchanged,,,,,,False,,,
7410426562266287393,2024-09-03T10:39:53,54,NL,319,1,26,6588,"Het wrak van de Titanic brokkelt steeds meer af, omdat een bacterie het metaal opeet. 😬 #jeugdjournaal #titanic #ontdekking ",False,,nosjeugdjournaal,NOS Jeugdjournaal,,,,,,True,,,
7410412370255809800,2024-09-03T09:44:47,123,KR,192,23,21,29300,#sbs #sbsnews #news #뉴스 #두리코리아뉴스 #두리는방황중 #doorinews #durikoreanews #duninews #southkoreannews #🇰🇷southkoreannews🇰🇷 #문학범 #🇰🇷koreanewsduri🇰🇷 #문과장 #🇰🇷duriiswandering🇰🇷 #🇰🇷durikoreanews🇰🇷 ,False,,durikoreanews,🇰🇷Duri Korea News 🇰🇷,,,,,,False,,,
7387960663135587627,2024-07-04T21:40:45,13,TW,159200,49500,2303,10500000,#foldingdoor #slidingdoor #aluminumwindows #windows #windowfactory #love #homedecor #outdoortiles #safetydoor #carporch #patio #houserenvation ,False,,perfectdecomaterial,perfectdecomaterial,,,,,,False,,,
7375575166182559008,2024-06-01T12:38:39,40,AT,636900,1552,882,14100000,This wind effect the doors so much its crazy 🥹❤️‍🩹✈️#fy #foryou #fyp #fypシ #foryoupage #viral #stewardess #flightattendant #cabincrew #cabincrewlife ,False,,itsmekikooooo,Itsmekikooooo,,,,,,False,,,
7390236919243984174,2024-07-11T00:53:49,7,US,937700,293600,15900,6000000,LMAO THIS WAS FUNNY @💫  #fypシ゚viral #roblox #horrorgame #doors #funny #viral #bsf #robloxtiktok ,False,,.5.ana,anaa,,,,,,False,,,
video_id,video_timestamp,video_duration,video_locationcreated,video_diggcount,video_sharecount,video_commentcount,video_playcount,video_description,video_is_ad,video_stickers,author_username,author_name,author_followercount,author_followingcount,author_heartcount,author_videocount,author_diggcount,author_verified,poi_name,poi_address,poi_city
7282168265852505390,2023-09-23T19:32:17,64,US,124100,9241,770,2000000,FISH TIP 🐠🎣🦀 #fishtok #fishinglife #bassfishing #fyp #fishingtiktok #largemouthbass #swimbait #jig #tips ,False,,fs_adventures,FS Adventures,,,,,,False,,,
7318084978171120942,2023-12-29T13:27:39,51,US,30300,608,188,568300,Whats better than a GIANT bass? One in a tournament! #bassfishing #bigbass #fishing #fishingtournament ,False,,monsterbass_co,MONSTERBASS,,,,,,False,,,
7385559238078237995,2024-06-28T10:21:58,101,US,79700,1519,619,883900,one of the longest bass i ever caught! using that Googan Squad Banger 🔥 #fishing #bassfishing #letemfly #outdoors #viral ,False,,mikeyfishingg,MikeyFishing,,,,,,False,,,
7372363453341666602,2024-05-23T20:55:32,35,US,201700,34800,1571,3900000,Another Giant Bass! This fish had a frame of a 13 plus. Another PB for my client. #bass #fishing #largemouthbass #doubledigitbass #boat #texasfishing ,False,,brett_cannon,Brett Cannon Fishing,,,,,,False,Texas,United States,
7292132229470309665,2023-10-20T15:57:25,78,GB,137700,10900,241,1700000,Best guide to catching largemouth bass! 5 hotspots to find largemouth bass in any water. Bass fishing tips and tricks for any water. Use this guide to catch largemouth bass. #bassfishing #fishingtips #bassfishingtiktok #howtofish #bigbass ,False,,_ctrfishing,CTRfishing,,,,,,False,,,
7385207002785434922,2024-06-27T11:35:09,60,US,350700,13500,734,4000000,Not sponsored! Garlic experiment on lures for bass fishing. Trying to catch largemouth bass with baby bass crankbait using garlic  #bassfishing #fishtok #bassfishingtiktok #bassfishingbasics #fishingfyp ,False,,sydfishstuff,Sydney Lewis,,,,,,False,,,
7376825517745376555,2024-06-04T21:30:37,60,US,97100,1371,232,1700000,Have you tried a spinnerbait? #bassfishing #fishing #angler #pesca #howto #foryou ,False,,motofishtv,motofishtv,,,,,,False,,,
7369770940768488750,2024-05-16T21:15:18,23,US,1500000,29400,2684,18700000,Like an aquarium —————————————-#underwater #bassfishing #underwaterfishing #underwaterphotography #bedfishing #spawningseason #fishingtips😎🔥✌️🎣🎣🎣 #fishingtiktoks #fishingfyp #fishingfypシ🎣 ,False,,bassin.ma,Davis,,,,,,False,United States,North America,
7375331273612512554,2024-05-31T20:52:11,60,US,114500,9854,704,1500000,Can’t catch fish? Throw these 3 baits 🔥 #fishing #bassfishing #fish #fishingtips #fishtips #bassfishingtips #catchmorefish #senko #texasrig #fishingvideos #fyp #kickintheirbasstv ,False,,kickintheirbasstv,kickintheirbasstv,,,,,,False,,,
7368993837999590699,2024-05-14T18:59:47,77,US,411000,14900,2412,9700000,#pesca #fishing #angler #howto #saltwaterfishing #bassfishing #fishtok #catan ,False,,htownanglers,BRIAN,,,,,,False,Galveston,"Texas, United States",
7383517814767963438,2024-06-22T22:20:13,20,US,393400,7824,4623,6700000,#fishing #fishtok #fisherman #fisher #bankfishing #bassfishing #bigbass #bigbass #lure #bigbassbrown #largemouthbass #largemouth #largemouth #tackle #fish ,False,,gavinbigbassbrown,gavinbigbassbrown,,,,,,False,,,
7368146817088900394,2024-05-12T12:12:58,63,US,132200,5580,828,2100000,The best lures for summer Bass fishing! 😁🎣 #fishing #bassfishing #fishingvideos #fishingtips #fishinglure #catchingfish #fishingtricks #fishtok #beginnerfisherman #howtofish ,False,,sightfish,sightfish,,,,,,False,,,
7394899492203646254,2024-07-23T14:26:57,60,US,127600,1156,744,1800000,Fishing With A Baitcaster!#fishing #fishinglife #fishtok #fish #fishingtiktoks #bass #bassfishing ,False,,sthrnmgnlaoutdoors,Southern Magnolia Outdoors,,,,,,False,Union Springs,"Alabama, United States",
7389291537215081758,2024-07-08T11:45:16,51,US,9196,155,327,119100,Dink #CapCut #bass #bassfishing #largemouthbass #bassbanshee #pondfishing #fishingvideos #fishing #freshwaterfishing #fishingaddict #fishingbait #fishingpole #voiceover #baitcaster #fishinglife #fishing #fishtok @BassBanshee ,False,,bigbassclark,BIGBASSCLARK,,,,,,False,Big Butt Mountain,"North Carolina 28716, United States",Canton
7396813061115481374,2024-07-28T18:12:42,11,US,16800,426,166,622800,I actually won🎰 @Smokinbassfishing  #CapCut #fishing #bassfishing #smokinbassfishin #baitcaster #fishtok #pondfishing #bigbass #bigbass #gamblin #gambling ,False,,smokinbassfishing,Smokinbassfishing,,,,,,False,Michigan,United States,
7333377448748502318,2024-02-08T18:30:16,66,US,99600,4048,571,1900000,😮‍💨What an absolute unit of a peacock bass and my PB weighing in at 6.4Lbs  Caught it on the heat seeker stryker swimbait and the crystal eye heavy hitter jog head hook🔥 for anyone interested the link to my products is in my bio! #urbanfloridafishing #bassfishing #strykerswimbaits #heatseekerswimbait #southfloridafishing #bankfishing #peacockbassfishing #fishingvideos #floridafishing #southfloridafishing #pondfishing #fishingvideos ,False,,urbanfloridafishing,UrbanFloridaFishing,,,,,,False,Florida,United States,
7379799618256669982,2024-06-12T21:52:15,9,US,63300,3787,246,554800,Had to reload the magdraft💀 @Smokinbassfishing  #fishing #fishtok #smokinbassfishing #bassfishing #fishingtips😎🔥✌️🎣🎣🎣 #baitcaster #michigan #baitcaster #rod #fishingtiktoks #slxdc #pb #bigbass #shaking #pond #florida #dc ,False,,smokinbassfishing,Smokinbassfishing,,,,,,False,Michigan,United States,
7273155225517706526,2023-08-30T12:37:43,36,US,26800,742,342,550800,Trust me when I say I wouldnt promote something if I didnt believe in the product! Give these rods a shot and I promise you wont be disappointed! @Pride Fishing Rods #bassfishing #fyppppp #triton #fypシ゚viral #for your page #bass #bassfishing #bassfishingproductions #frog #fyp #fypdongggggggg #foryoupage #fyppppppppppppppppppppppp #basstok #addicted #yamaha #biggen #bassfishingtiktok #biggirl #blowup #frogfishing #topwaterfishing #topwater ,False,,gmoney_fishing,G-money,,,,,,False,,,
7377449583989001518,2024-06-06T13:52:24,12,US,171100,963,8731,2900000,FFO#fishtok #fishing #freedom #outdoors #lake #fyp #funny #foryoupage #googansquad #bass #bassfishing #baitcaster ,False,,freedomfishingoutdoors,Freedom Fishing Outdoors,,,,,,False,,,
7374213335220358442,2024-05-28T20:34:02,69,US,53600,375,776,564000,Pick my baits Day 2 🐟 What should I fish with next?! 🔥 #fishing #bassfishing #fish #fishtok #lake #chatterbait #fyp #kickintheirbasstv ,False,,kickintheirbasstv,kickintheirbasstv,,,,,,False,,,
7290757606723964202,2023-10-16T23:03:24,74,US,62900,23000,662,1200000,Must See! Never a lose of words from the Great Gerald Swindle… 😂😂😂 #geraldswindle #motivation #bassfishing #champion #bassmaster #anglinglife #fishinglifestyle #bassfishingdaily #largemouthbass #allbassnobull #smarbassfishing ,False,,smartbassfishing,Smart Bass Fishing,,,,,,False,,,
7376042631207357738,2024-06-02T18:52:38,9,US,88200,2781,1163,3000000,bruh #bassfishing #baits #bassfishingbaits #basstok #fishing #fishinglife #fishingtiktoks #fyp #fypage #fypシ゚viral #outdoorlife #largemouthbass ,False,,bassmagnett,bassmagnet,,,,,,False,,,
7186319100602240298,2023-01-08T11:28:40,12,US,103000,6249,1085,1100000,Big socal swimbait fish. #fishing #fyp #bassfishing #catchfish #fishinglife #fishingtiktoks #swimbait #bassfishinglife #bigbassenergy #doubledigitbass ,False,,logensiminoff,LSIMI,,,,,,False,,,
7390882714464849198,2024-07-12T18:39:43,82,US,66300,1062,297,784300,Final Stats 38 Bass In 1.5 Hours #fishing #beryl #hurricaneberyl #bass #bassfishing #texas ,False,,dat_van,Dat Van,,,,,,False,,,
7372292682560933166,2024-05-23T16:20:55,8,US,300100,17900,2936,14800000,The best lure to catch largemouth bass is no lure at all. You just gotta give them the wiggle wiggle. #fishing #largemouthbass #fishingtips #bassfishing ,False,,bassandbrewspodcast,Bass and Brews Podcast,,,,,,False,,,
7404087384364617002,2024-08-17T08:40:51,8,CA,30000,6753,605,1000000,How many aura points did this blue collar fishing guy lose for this???? 🥲 #bassfishing #bluecollar #fishing #fishingtrip ,False,,brunette.in.the.snow,Brunette.in.the.snow,,,,,,False,,,
7380920668881308970,2024-06-15T22:21:56,10,US,295400,31300,1271,2200000,Only the best #irespectfish #fyp #fishing #fishtok #foryou #fypシ゚viral #bassfishing #fisherman #foryoupagе #largemouthbass ,False,,rippinlipswithaust,Rippinlipswithaust,,,,,,False,,,
7408634451904728350,2024-08-29T14:45:40,78,CA,5810,114,55,53300,I Can't Believe I Found This #fishing #fish #bassfishing #fisherman #largemouthbass #kayakfishing #riverfishing,False,,stef_fishh,Stef Fish,,,,,,False,,,
7329873053591309614,2024-01-30T07:51:21,20,US,63100,22200,1762,2800000,#basstok #fishtok #bassfishing #fishing #bassmaster #boating #waves #samrayburn #submarine ,False,,clarkreehmfishing,Clark Reehm,,,,,,False,Sam Rayburn Reservoir,"Sam Rayburn Parkway, Sam Rayburn, Jasper County, Texas, US-TX, 75931, United States",Brookeland
7409881269342981407,2024-09-01T23:24:23,64,US,9626,76,180,158300,Watch me catch smallmouth bass🐟#fyp #tiktok #xyzbca #fishtok #summer #reel #water #baitcastingreel #baicaster #openreel #funny @BassBanshee @BIGBASSCLARK @Jerm 🎣 ,False,,slapthatcatch1,SlapThatCatch🎣,,,,,,False,,,
7378194977186139438,2024-06-08T14:04:52,6,US,19100,1363,338,414400,They call me the dink master #bassfishing #fishtok ,False,,card0za98,MAC,,,,,,False,,,
7392173405337832735,2024-07-16T06:09:16,60,US,130100,4543,386,1400000,I finally found Nemo!🐠 #fish #foryoupage #catchoftheday #ocean #bassfishing #fisherman #aquarium #fy #fyp #viral ,False,,worldofreefs,World of Reefs🪸🐠,,,,,,False,Florida Keys,"Florida, USA",Islamorada
7245418262463319342,2023-06-16T18:43:30,8,US,91800,3299,978,1400000,Repost #fyp #florida #fishing #peacockbass #bassfishing ,False,,cast_culture,𝙲𝚊𝚜𝚝𝙲𝚞𝚕𝚝𝚞𝚛𝚎,,,,,,False,,,
7375390105621515566,2024-06-01T00:40:32,10,US,421600,51700,3336,3700000,New combo w 15 pound briad #fishing #fishtok #bass #profishiency #abugarcia #fyp #foryoupage,False,,rqshreds1,RQshreds1,,,,,,False,,,
7373849686307900714,2024-05-27T21:02:53,65,US,171400,1810,1510,3200000,Pick my lures day 1 🐟 What should I use next? #fishing #bassfishing #pond #frog #frogfishing #fishingvideos #fyp #kickintheirbasstv ,False,,kickintheirbasstv,kickintheirbasstv,,,,,,False,,,
video_id,video_timestamp,video_duration,video_locationcreated,video_diggcount,video_sharecount,video_commentcount,video_playcount,video_description,video_is_ad,video_stickers,author_username,author_name,author_followercount,author_followingcount,author_heartcount,author_videocount,author_diggcount,author_verified,poi_name,poi_address,poi_city
7011322109716679942,2021-09-23T22:30:41,63,US,67700,1033,667,743700,1st game as a season ticket holder was worth the lifetime wait #football #GreenBay #Packers #wisconsin #NFL #lambeaufield #gameday #fyp,False,,toatsmagoats15,Lauren Roethlisberger,,,,,,False,,,
7006725814712552709,2021-09-11T13:14:42,44,US,61700,1315,256,864300,Corso took Iowa to win on the road in Ames 👀🔊 #cfb #football #collegefootball #gameday #corso #headgear #iowa #iowastate #ashtonkutcher,False,,collegegameday,College GameDay,,,,,,True,,,
7003853095461604614,2021-09-03T19:27:06,9,US,39900,1702,304,484000,Focus…it’s GAMEDAY #highschoolfootball #gameday #nfl #videography #az,False,,thiccboialexandre,Alexandre Varela,,,,,,False,,,
7009731814105337094,2021-09-19T15:39:31,9,US,84600,2907,910,544200,geaux tigers #lsu #gameday,False,,taylor.toups,taylor.toups,,,,,,False,,,
7007201410957741317,2021-09-12T20:00:16,14,US,84000,180,976,1200000,#gameday #football 🏈 #footballgame #10u #10ufootball,False,,rockymua7,Rockymua7,,,,,,False,,,
7007250694134648070,2021-09-12T23:11:31,59,US,23400,3118,264,492900,Buffalo Chicken Ranch Dip #appetizer #buffalochicken #ranch #easyrecipe #gameday #nfl #oklahoma #fyp #thankyou #grateful #food #chicken,False,,3piecesofpecan,3PiecesofPecan,,,,,,False,,,
7008937215833148677,2021-09-17T12:16:04,6,US,213300,973,1880,1300000,hyhy 🏄🏻‍♂️. @okj0sh #fyp #fnl #gameday,False,,user.3187432,user.3,,,,,,False,,,
7007565049610964230,2021-09-13T19:31:22,9,CA,305600,2035,884,3100000,Game day baskets 🤪 #cheer #footballseason #gameday,False,,kree.stel,Kreestel🇨🇦,,,,,,False,,,
7004206789583457541,2021-09-04T18:19:36,48,US,29000,10200,1786,1100000,#clemson #gameday #dadsoftiktok #bbq #winning #letsgo #myteacherwins #fyp,False,,mickeysminutes,mickeysminutes,,,,,,False,,,
7012113831799295237,2021-09-26T01:43:00,14,US,122400,146,302,1100000,Livin the OU drumline Dream … hope I executed this correctly lol #HowIBathAndBodyWorks #ChimeHasYourBack #OU #collegefootball #sorryboutdat #gameday,False,,burn1114,Burn,,,,,,False,,,
7009257591377349893,2021-09-18T08:59:18,33,US,24500,269,365,401600,The crowd in Happy Valley is UP ⚪️🔵 #collegegameday #corso #helmets #gameday #happyvalley,False,,collegegameday,College GameDay,,,,,,True,,,
7011702719278812422,2021-09-24T23:07:39,10,US,61700,626,334,675400,Gameday tomorrow 3:30!! be there or be  square 🤪 Go tigers bby!! #gameday #clemson #clemsonfb #college #beatpack #cheer #stunt #ChimeHasYourBack,False,,rach_flips,Rachel Donovan,,,,,,False,,,
7006941091324841221,2021-09-12T03:10:07,8,US,162600,287,346,1500000,insane!! #fyp #uark #uarktiktok #texas #sec #razorbacks #gameday,False,,sarahmelan1e,☆SARAH MELANIE!☆,,,,,,False,,,
7009452251060145413,2021-09-18T21:34:40,12,US,385800,2883,2554,2300000,Just one of the boys 🤪 #coedstunting #coedcheer #clemsonfb #clemson #clemsoncheer #gameday #IDeserveTuitionContest #ZFlipClackdown #win #brokennose,False,,rach_flips,Rachel Donovan,,,,,,False,,,
7007062655538121990,2021-09-12T11:01:49,29,US,8679,2409,88,236500,Dat spicy shrimp dip!! #foodie #gameday #snack #seafood #fyp,False,,southernvibin,SouthernVibin🦞,,,,,,False,,,
7007052905308081414,2021-09-12T10:23:59,17,US,20800,184,302,314900,POV: build devin mccourty’s helmet with us. #patriots #gameday #nfl #xyzbca,False,,patriots,New England Patriots,,,,,,True,,,
7013392663701507334,2021-09-29T12:25:29,28,US,569,18,32,81800,"Singing the National Anthem this past weekend at the @lvmotorspeedway. Such a cool opportunity, thanks for having me y’all. #GameDay #Nascar #Vegas",False,,mattstellmusic,Matt Stell,,,,,,True,,,
7409701853119663391,2024-09-01T11:47:45,14,US,10800,427,125,51500,The girls who put ts on for gameday #gameday #footballgirlfriends #SEC #miamivsuf ,False,,niaahbx,𝙅𝙖𝙣𝙞𝙖,,,,,,False,,,
7322978487336471854,2024-01-11T17:56:52,15,US,14300,111,58,147300,AYYYYY ITS FRICKIN GAMEDAYYYY #dancers #viral #fyp #hoopers #basketball ,False,,parkerbballl,Triple Hoopers,,,,,,False,,,
7409428238419627307,2024-08-31T18:05:51,7,US,7741,61,27,43500,Its game day!!! #UTK #tiktok #universityoftennessee #viral ,False,,slayinglifetothefullest,avaboyer,,,,,,False,University of Tennessee,"Knoxville, TN, United States",Knoxville
7405019331991440671,2024-08-19T20:57:10,6,US,512200,48000,2105,3300000,We backkkkk!!!!! #soccertiktok #girlssoccer #flgs #viral #soccer #gameday #fyp #mediaday ,False,,flgirlssoccer,flgirlssoccer,,,,,,False,,,
7409358793768750366,2024-08-31T13:36:29,15,US,227800,8174,465,1300000,Lets go game day again #fyp #auburn #volleyball #athlete ,False,,alexisd_15,alexis dacosta,,,,,,False,Deez nuts inc,"Stanford Ave, South Los Angeles, Los Angeles, California 90011, US",Los Angeles
7406724644612410667,2024-08-24T11:14:34,16,US,1411,102,8,28400,gameday fit inspo!💕  #outfitinspo #gamedayoutfit #universityofhouston #college #fyp ,False,,elannadb,Elanna,,,,,,False,Houston,"Texas, United States",
7271709228455202090,2023-08-26T15:05:53,7,US,173,37,3,19600,the sound speaks volumes #GAMEDAY ,False,,supersubtlescorpio,mais🥞,,,,,,False,,,
7410348000905596168,2024-09-03T05:35:01,61,AU,5503,48,162,41200,What’s inside our changerooms on game day? 👀#behindthescenes #changeroom #afl #nickdaicos #jamieelliott #collingwood ,False,,collingwoodfc,Collingwood FC,,,,,,True,,,
7288104614774181162,2023-10-09T19:28:18,8,US,17000,48,16,121400,"this makes me lol, fit check🗣️🗣️😁😁🔥🔥 #fyp #gameday #tamu #gamedayfits ",False,,rileyannfox,riley,,,,,,False,,,
7323697395710184746,2024-01-13T16:26:46,590,US,455100,33700,10300,11000000,How did I not know about this? 😲 #sandwich #sliders #superbowl #gamedayfood #recipe #snacks #gameday ,False,,mistieknight,Mistie Knight,,,,,,False,Las Vegas,"Nevada, United States",
7389759903620992298,2024-07-09T18:02:41,61,US,849300,12700,1890,4700000,big trent 🫶 (HE ALREADY BEAT IT THIS IS JUST A STORY OF HIS EXPERIENCE) #trentwilliams #nfl #fyp ,False,,gameday.247,GAMEDAY,,,,,,False,,,
7274663921666051371,2023-09-03T14:11:38,6,US,26900,174,40,231800,GAME DAY👍👍👍👍 #fyp #foryou #tamu #gamedayfit ,False,,rileyannfox,riley,,,,,,False,,,
7321491048738393387,2024-01-07T17:45:02,15,US,160100,157,1312,2000000,Pt.2? 😂 #athletes #sports #gameday #relatable #style #fyp ,False,,smoovedjay,Smoovedjay,,,,,,False,,,
7407608872040516906,2024-08-26T20:25:47,72,US,438500,186700,2185,9700000,Italian Stromboli 😮‍💨. Perfect for dinner or a gameday snack! #stromboli #pizza #easyrecipe #dinner #gameday #nfl #football #yum #@MidsSauce ,False,,whatsmomcookin,Carman Wilken,,,,,,False,,,
7409813724606778667,2024-09-01T19:01:44,10,US,476,17,10,10800,IT’S GAME DAY🏈🫶🏼✨ #collegedanceteam #collegedancer #collegefootball #collegegameday #gameday #footballseason #foryou #foryoupage #fypシ゚viral ,False,,laurynjensenn,Lauryn Jensen,,,,,,False,Arizona,United States,
7409663162410224926,2024-09-01T09:17:52,40,US,102,0,6,3837,Thank god football is back!!! ❤️❤️ @PEPPERMAYO @Princess Polly @TJ Maxx #peppermayo #tjmaxx #gameday #uga #ugagameday #gamedayoutfit #georgia ,False,,enatahi,ena,,,,,,False,,,
7386012337825746219,2024-06-29T15:40:16,22,US,517600,13400,0,3500000,game day vs. dominican republic 🇺🇸🇺🇸 #usavolleyball #volleyball #besties #nebraskavolleyball #stanfordvolleyball #toronto ,False,,aandijackson,ands ✩⋆｡°,,,,,,False,,,
7410417243177176350,2024-09-03T10:03:48,12,US,850,6,5,4170,game days > #fy #nebraska #dance ,False,,kailyn_emma,Kailyn Storovich,,,,,,False,,,
video_id,video_timestamp,video_duration,video_locationcreated,video_diggcount,video_sharecount,video_commentcount,video_playcount,video_description,video_is_ad,video_stickers,author_username,author_name,author_followercount,author_followingcount,author_heartcount,author_videocount,author_diggcount,author_verified,poi_name,poi_address,poi_city
7350862088283196677,2024-03-26T22:19:16,23,ID,5589,128,197,358300,info stile adick²😄#ff #freefire #minimilitia #ff2d #fyp #viral #JelajahRamadan #ohyaaa? ,False,,yt.ohyaaa,ohyaaa?,,,,,,False,,,
7410020311095151903,2024-09-02T08:23:58,31,US,330,3,11,5070,☀️🫶🏼👸🏻 #kingforaday #paddleboard #fy #fypage #fypシ゚viral #dunedin #beach #ocean #bikini #4k #loveit #kayakfishing #topwater #chase #ohya ,False,,mysticsiren444,MysticSiren444,,,,,,False,,,
7406991663991721221,2024-08-25T04:30:45,60,ID,254,128,11,8173,Mengejar Bayangmu koreo : @nanibram & @Jeanie A #linedance #kompilasi #ulddkijakarta #ulddki #uldjaktim #ohya #kelompok3suara #fyp #thankstiktok,False,,shintatwinta,Twinta🦋,,,,,,False,,,
7387448848911813893,2024-07-03T12:34:35,14,TR,1052,106,2,69900,Testi kırmak ne ya😂 #kınaorganizasyon #kınagecem #kınagecesii #hennanight💃🥰 #testikırmaoyunu #testikırma #testioyunu #oyatlıyaatlıya #ohyaohyaoldumyasonundagelinoldumya #kınayıyakmışlargeline #kesfet #fyp #gelindamatoyunu ,False,,meloliniz,Melike,,,,,,False,,,
7349790564038020357,2024-03-24T01:01:13,288,ID,20100,2632,1035,448400,serasa di pantai sejuk #ohya #iwanfals #oi #falsmania #masukberanda #fyp #foryou ,False,,sasaji_oi,oi,,,,,,False,,,
7398429471692377349,2024-08-02T02:45:04,22,ID,413,9,29,36800,ᴅᴏᴡɴʟᴏᴀᴅ ɢᴀᴍᴇ ᴅɪ  𝗬𝗢𝗨𝗧𝗨𝗕𝗘: 𝗢𝗛𝗬𝗔𝗔𝗔 #ff #freefire #minimilitia #ff2d #fyp #fypシ #viral #ohyaaa ,False,,yt.ohyaaa,ohyaaa?,,,,,,False,,,
7355075312427879685,2024-04-07T06:48:43,94,TW,926,42,12,36400,妳想在服飾店工作嗎！！！？？？ 想清楚了嗎！！！！ 絕對不是你看到的光鮮亮麗 近期收到很多小可愛們詢問店裡目前有缺人嗎？ 這邊告訴不管你是想來和我一起上班或是想要創業的朋朋們 服飾店到底在幹嘛 ！ 影片看下去就對了啦 看完還想要來服飾店工作的下面留言🤣 #ohya日常#ohya小店#中壢服飾店#中原商圈#中原大學#中原服飾店#女裝#網拍#創業#上推薦通知我 ,False,,ohyaohya.co,ohya小店,,,,,,False,,,
7410348719771553029,2024-09-03T05:38:00,14,ID,197,14,4,1938,👏🏻,False,,vvcumayy,🦈🦈🦈,,,,,,False,,,
7409787476392430891,2024-09-01T17:19:54,10,US,37,0,3,1028,,False,,ohya2323,ohya,,,,,,False,,,
7410178150266637573,2024-09-02T18:36:01,15,CA,2,0,0,250,#onthisday #fairskinnednative #ohya #memories #rarebreed ,False,,fairskinnednative,Teracie Lab,,,,,,False,,,
7367091711819992325,2024-05-09T15:58:29,15,ID,12600,173,536,964900,Membalas @ohya786 Alfatihah untuk Almarhum Eki 🤲#cirebonvina #vinacirebon2016 #flmvinacirebon #fypシ゚viral #viraltiktok ,False,,citradiitra,Citra Resmi Lestari,,,,,,False,,,
7380349687020211488,2024-06-14T09:26:17,26,NL,4510,103,7,26300,Omgg love this! #seventeen #kirstendodgen #hoshi #jun #the8 #dino #performanceteam #svt #spell #kpop #ohyayayaya ,False,,wonwooosrealgf,Obsessed with wonwoo🎀,,,,,,False,,,
7323305709209259270,2024-01-12T15:06:28,23,NG,377700,425,2397,3300000,Ohya oya oyo oh tc me #fypシ #foryou ,False,,flossynaci,Flossynaci,,,,,,True,,,
7361804333857393925,2024-04-25T10:00:44,65,ID,1132,41,89,24600,Kali ini tanpa @Victoria Margareta yang lagi bertugas melayani Tuhan 😇🙏🏻 #warna #ohya #vocalgroup #nineties #music90s ,False,,warna.warna,warna.warna,,,,,,False,Jalan Rasuna Said,"Jl. Rasuna Said, Gulak Galik, Kec. Tlk. Betung Utara, Kota Bandar Lampung, Lampung, Indonesia",Bandar Lampung City
7380761687894494470,2024-06-15T12:04:59,24,ID,6683,68,223,560000,Who is standing there? But there was no one??? #Videos #Edit #Roblox #WeirdThing #Who? #Foryou #Please #fyppppppppppppppppppppppp #OhyaBombayah😈 ,False,,_oliver_rawrr_,AYE AYE😈,,,,,,False,,,
7353336110984039686,2024-04-02T14:19:43,166,ID,1413,251,18,53400,Oh Ya by. Iwan Fals Feat Sawung Jabo #iwanfals #sawungjabo #ohya #fyp #foryoupage #liriklagu ,False,,bmusicstory,🅱🅼🆄🆂🅸🅲 🆂🆃🅾🆁🆈,,,,,,False,,,
7378367245220728069,2024-06-09T01:13:21,58,ID,6430,1488,83,293600,OH YA #CapCut #swami #iwanfals #falsmania #oi #ohya ,False,,melirik.yk,MELIRIK.YK,,,,,,False,,,
7360605060163718405,2024-04-22T04:26:58,56,ID,1718,371,148,36400,Pramana Poetra - Oh ya Cover #fyp #coverlagu #coversong #pramanapoetra #ohya #lyrics #music #videomusik #afikakeri ,False,,afika_cahya12,𝐴𝑓𝑖𝑘𝑎 & 𝐾𝑒𝑟𝑖,,,,,,False,"Solo, the spirit of Java","Surakarta, Central Java, Indonesia",Surakarta City
7410325629284977925,2024-09-03T04:08:21,26,ID,47,1,1,462,gampang ohya🤣🔥#haha #fyp #brebes24jam #fypシ゚viral #brebestiktokers ,False,,slptyna,Slpiwww🦋,,,,,,False,,,
7410273792603278597,2024-09-03T00:47:10,15,ID,4,0,0,230,berembe semeton?  #sasakviral🌴 #lombokvirall🌴🌴 #fypシ゚viral ,False,,mas.dra_,masnang,,,,,,False,,,
7409821256192675118,2024-09-01T19:30:57,11,US,23,0,0,632,,False,,ohya2323,ohya,,,,,,False,,,
7359578745922948357,2024-04-19T10:04:20,42,ID,2295,170,89,54500,#lipsync #ohya  #sumpahmatipadamukujatuhhati #PerempuanBisa ,False,,nadiahamid8181,Nadia hamid,,,,,,False,South Jakarta,"Jakarta, Indonesia",Jakarta
7359388723538119979,2024-04-18T21:47:06,5,US,2743,98,11,26400,Fr #fyp #foryou #foryoupage #ohyamoney ,False,,igobymoney,M O M O🤍,,,,,,False,,,
7386882873229413637,2024-07-01T23:58:19,21,PK,22500,275,922,119800,Rata Da Sabar Yaw Ayat Ohya_🥺🥀#khalilpathan1 #potry🥀 #line ,False,,khalil_pathan_1,🥷🏿٭MOHMAND__KING٭👑,,,,,,False,Mohmand,"Peshawar, Khyber Pakhtunkhwa, Pakistan",Peshawar
7365107680815484202,2024-05-04T07:39:43,26,ES,684,131,6,20600,10/10📍Hotel Kasuitei Ohya #japan #onsen #travel #fyp #fuji #japantravel ,False,,travelingpursuit,Travel stories & adventure 🌍,,,,,,False,Mt. Fuji,"Fujiyoshida-shi, Yamanashi, Japan",Fujiyoshida
7360348446420847918,2024-04-21T11:51:23,8,ES,752,187,11,22100,10/10📍Hotel Kasuitei Ohya #japan #onsen #travel #fyp ,False,,travelingpursuit,Travel stories & adventure 🌍,,,,,,False,Mt. Fuji,"Fujiyoshida-shi, Yamanashi, Japan",Fujiyoshida
7407591381826571566,2024-08-26T19:17:56,15,US,76,1,0,756,,False,,ohya2323,ohya,,,,,,False,,,
7393812929897876754,2024-07-20T16:10:31,28,TR,181,11,1,26700,#kaynanammelekgibi #görümcemçiçekgibi #oglunusorarsanizcekilmisipekgibi #ohyaohyaoldumyasonundagelinoldumya #keşfetbeniöneçıkar #keşfeteyiz ,False,,arif_sahin.27,Arif şahin,,,,,,False,,,
7327770239414947077,2024-01-24T15:51:06,23,NG,7249,28,51,113900,Ohya oya oya ooo 🚨 thanks for sitting pretty sis ☺️#transition#invisiblelocs#brazilianwool#goviral#fypppp ,False,,uniquetouchhairline,Uniquetouch hairlines,,,,,,False,,,
7410317857491307782,2024-09-03T03:38:05,14,ID,269,1,10,5802,Lebih baik mundur musuhnya liebherr😕😩 #fyppppppppppppppppppppppp #masukberanda #lewatberanda #anaktambang #storytambang #tambangbatubara #tambangbatubarakalimantan #tambanghitz #ammanmineralnusatenggara #sumbawa #xyzbca #operatormuda #foryoupage #fypシ゚viral #fypシ #kaltim_tiktok #tambang #Capcut ,False,,amtopan,Kuli Elegan ⚡,,,,,,False,East Kalimantan,Indonesia,
7405840844894342401,2024-08-22T02:05:01,24,DE,376,36,32,6580,"Kabar gembira untuk perawat Indonesia yang ingin bekerja langsung di Jerman bisa mengikuti program G to G triple win.  Jangan lupa dengerin Podcast #ohyaceritaeps9 ! Kita ngobrol sama ka Syafa seorang perawat Indonesia yang bekerja di Jerman dengan mengikuti program G to G ini!! Catat tanggal dan Waktunya: Hari/ Tanggal: Kamis, 22 Agustus 2024  Jam : 20.00 WIB/ 15.00 CEST Tempat: Live Instagram ohyasiho Cek info lengkapnya soal bekerja di Jerman di arbeitasgentur.de  Mau kerja di Jerman? Ketik ""Make it Germany"" di gugel #kerjadijerman  #Ausbildung  #ausbildungmandiri  #makeitgermany  #gtogperawatjerman  #perawat ",False,,ohyatehsinta,Teteh Kamu di 🇩🇪 | Azubi,,,,,,False,Germany,Europe,
7309060857453939974,2023-12-05T05:49:07,40,ID,24500,118,147,719100,Ohya? @Khalis Setiawan ,False,,fatiehaton24,FATIEHATON24,,,,,,False,Sigli,"Pidie, Aceh, Indonesia",Pidie Regency
7340990249599847686,2024-02-29T06:51:30,60,ID,5131,1189,108,174600,"Ooh ... Ya - Boomerang Lagu ""Ooh Ya"" milik band boomerang dalam album Kontaminasi Otak yang rilis pada 1995. #boomerang #boomerangband #ohya  #boomers #musikrock #musik90an #rockmusic #classicrock #classicrocktiktok #rockmusiktiktok ",False,,sweet.musik.story,Sweet Musik Story,,,,,,False,Jl.Raya Pasar Minggu,"South Jakarta, Jakarta, Indonesia",Jakarta
video_id,video_timestamp,video_duration,video_locationcreated,video_diggcount,video_sharecount,video_commentcount,video_playcount,video_description,video_is_ad,video_stickers,author_username,author_name,author_followercount,author_followingcount,author_heartcount,author_videocount,author_diggcount,author_verified,poi_name,poi_address,poi_city
7216442932868549893,2023-03-30T16:44:17,88,FR,528800,14300,849,3000000,He never sleeps 😭😭 #kaicenat #funny #fyp ,False,,buqub,buqub,,,,,,False,,,
7336389116772257067,2024-02-16T21:17:09,12,US,117000,678,430,1100000,Kai was mad 😂 #basketball #kaicenat #funny #allstarcelebritygame ,False,,bleacherreport,bleacherreport,,,,,,True,,,
7368108599303867680,2024-05-12T09:44:36,14,BE,2700000,99900,3640,16200000,rays literally so funny without having to try 😭 #ray #kaicenat #fypシ゚viral ,False,,xbcy.m,xbcy.m,,,,,,False,,,
7308874041165892910,2023-12-04T17:44:20,15,US,499900,7003,7945,2400000,Can't believe i met him! #amp  #greenscreen #fyp #viral #kaicenat #kaicenatfunnymoments ,False,,playboinate_,🅿️läyBôî Ńatē,,,,,,False,,,
7314026465513835782,2023-12-18T14:58:13,69,HN,575800,4803,2587,4400000,This Is A Whole Vibe 😂 #kaicenat #streamer #twitch #christmas #funny #humor #xybca #xyzbca #fyp #foryou #foryoupage ,False,,kai.cenat.craze,Kai_Cenat_fan,,,,,,False,,,
7337950815509974318,2024-02-21T02:18:15,36,US,585100,7799,1788,3900000,Crazy glaze 😂 #kaicenat #dukedennis #kaiandduke #amp #funny #viral #fyp ,False,,nomclips,Nom,,,,,,False,,,
7395865880153885957,2024-07-26T04:56:59,44,CL,71600,3970,133,881100,#kaicenat #normalito #kai #icespice #parati #foryou #foryoupage #fyp #fypシ #viral #stream #streamer #funny #humor #gracioso #fail #twitch #twitchstreamer ,False,,_shindits_,ShinDits,,,,,,False,,,
7382685342937189665,2024-06-20T16:29:49,66,DE,1300000,4635,884,10700000,#CapCut #kaicenat #kevinhart #funnymoments #funny ,False,,w3onfr,w3onfr,,,,,,False,,,
7289220530178149665,2023-10-12T19:38:51,33,US,1900000,112900,3281,14100000,Kai Cenat And His Friends Are So Happy 😂 best spotify playlist - link in bio‼️ | #kaicenat #funny #streamer #viral ,False,,atrop1x,atropix,,,,,,False,,,
7306206373191159048,2023-11-27T13:12:19,13,AU,945400,19800,2435,10100000,That's Crazy 🤣 #clipsofkaicenat #kaicenatstream #fanumfunnykai #amphouse2023  #kaifunnymoment #kai  #ampfunnymoments   #kaiandoffset #kaicenatfyp #kaicenatclips #kaicenatfunnymoments #kaicenatreacts #lilbaby #ampfunnymoments #kaicenatfunnymomentslive #kaicenatinjail #kaioffsetfunnymoments #funny #reels #shorts #funnymoments  #druski #funnyvideo #2023 #funny2023  #AMP #dukedennis #fanum #nlechoppa  #fanumdukedennis #ampfanum #funnyreels #ampdukedennis #lilmabu #blueface #chriseanrock #ampfunnymoments #amphouse #ampclips #clips #dukedennisrealage #KaiCenat #AMP #DreamCatchers #RisingStar #Inspiration #Multitalented #TripleThreat #Trendsetter #DynamicArtist #IncredibleJourney #FearlessPerformer #UnstoppableDrive #PassionUnleashed #BoundlessEnergy #MagicalPresence #CharismaticPersonality #UniqueTalent #LimitlessCreativity #DedicatedPerformer #UnforgettableMoments #Trailblazer ,False,,cliponstream,iGotClips,,,,,,False,,,
7261803801575738630,2023-07-30T22:27:36,8,MA,4400000,620900,54400,21700000,especially at physics 😅 #fanum#kaicenat #dukedennis #fyyyyyyyyyyyyyyyy #viral #fyp #amp #funny ,False,,aym0nnnn,Aym0n𖣂,,,,,,False,,,
7379043075894676779,2024-06-10T20:55:54,26,US,204100,4320,509,2700000,Bro think hes there😂😂 @Lacy @Kai Cenat #fyp #funny #kai #lacy ,False,,lceburgclips,lceburg,,,,,,False,,,
7278942220961500448,2023-09-15T02:53:34,47,DE,1300000,48900,2822,6900000,What was offset doing ☠️😭#funny #kaicenat #offset #dance #viral ,False,,everythingclipsah,EverythingClipsAh,,,,,,False,,,
7364193160832077087,2024-05-01T20:32:00,114,US,1300000,5334,1606,8600000,Got ya girl 😂😂😂 #fyp #viral #foryou #funnyvideos #duke #dukedennis #kaicenat #kai #kaicenatclips #kaicenatfunnymoments #dukedennisedit @Duke Dennis ,False,,randomeditcuh,Random edits,,,,,,False,,,
7373358395706854699,2024-05-26T13:16:25,14,US,1400000,41500,2931,11100000,Poor kai will never get with Tyla 😭 #fyp #kaicenat #tyla #funnyclips #funnyvideos #kai #kevinhart ,False,,balleveryday23,RAY,,,,,,False,,,
7296335455073750290,2023-10-31T23:48:05,18,AU,551600,871,476,6300000,Kai Cenat Really Be Scared 🤣 #kaicenaton7daysin #chriseanrock #kaicenat7daysin #kaicenat #cenatfyp  #kaicenatjailstream #kaicenat #kaicenatfunnymoment   #clipsofkaicenat #kaicenatstream #kaicenatjail #fanumfunnykai #amphouse2023  #kaifunnymoment #kai  #ampfunnymoments   #kaiandoffset #kaicenatfyp #kaicenatclips #jailstream  #kaicenatfunnymoments #kaicenatreacts #lilbaby #ampfunnymoments #7daysin  #kaicenatfunnymomentswithoffset #kaioffsetfunnymoments #kaifyp #druski  #AMP #dukedennis #fanum #nlechoppa  #fanumdukedennis #ampfanum #ampdukedennis #ampfunnymoments #amphouse #ampclips #ampclipz #dukedennisrealage #chrisnxtdoor ,False,,cliponstream,iGotClips,,,,,,False,,,
7324450564513762566,2024-01-15T17:09:04,13,CL,200600,3679,292,1500000,Respuesta a @_shindits_ se sacó los prohibidos #kai #kaicenat #stream #streamer #twitch #parati #foryou #foryoupage #fypシ #fyp #viral #gracioso #funny #humor #baile #dance #fail ,False,,_shindits_,ShinDits,,,,,,False,,,
7372407375807991083,2024-05-23T23:46:00,31,US,4600000,64900,6035,30100000,‘I think i hit the wrong button’ 💀#kaicenat #kaicenatkevinhart #kevinhart #kaicenatclips #kaicenatfunnymoments #kevinhartcomedy @Kai Cenat @Kevin Hart ,False,,prod_clips,Top tier,,,,,,False,,,
7379325059309014278,2024-06-11T15:10:08,16,ZA,295800,12500,803,2500000,Kai ready to crash out 😭🙏#kaicenat #kevinhart #tyla #tylawater #funny #fyp #wefriendstho #relatable #meme ,False,,turbo_x_speed,TxS,,,,,,False,,,
7333225956703767851,2024-02-08T08:43:16,121,US,411500,4165,711,5700000,This throwback of Kai getting destroyed by jynxzi is hilarious 😭😭😭 #kaicenat #kai #cenat #fyp #viral #xybca #jynxzi #r6 #rainbowsixsiege #1v1 #twitchclips #jynxzifunnymoments ,False,,newyoutubeclipz,Viral Clipz,,,,,,False,,,
7304407696298609950,2023-11-22T16:52:40,129,US,36800,620,263,679900,"Kai Cenat Babysitting Lil RT, tried to eat a hot chip 😭😭😭😭😭 #kaicenat #lilrt #kaicenatfunnymoments #fanum #fyp ",False,,supremeklipz,SupremeKlipz,,,,,,False,,,
7301889158203690246,2023-11-15T21:59:15,51,CL,657800,8999,1451,4000000,Agradecido de lo simple #kai #kaicenat #amp #funny #gracioso #Viral #fyp #fypシ #Viral #amp #parati #foryou #foryoupage #stream #streamer #youtube #youtuber #kanye #kanyewest #ye #kendricklamar #sundayservice #choir #gospel ,False,,_shindits_,ShinDits,,,,,,False,,,
7287684128177130785,2023-10-08T16:16:40,60,GB,1300000,10700,605,9600000,AMP Funny Moments💀 #amp #fanum #kaicenat #dukedennis #agent00 #adinross #funny #fyp #fy #foryou ,False,,winningclipz,Winning Clipz,,,,,,False,,,
7291293248734252295,2023-10-18T09:41:43,42,SA,982100,4286,1059,8200000,Kai just spawned in from nowhere 😂😂😭 #dukedennis #kaicenat #skaijackson #kaicenatskaijackson #kaiandskai #kaianddukedenis #dukedennisedit #dukedennisreact #kaicenatclips #kaicenatfunnymoments #fyp #foryou #foryoupage #viral #fypシ゚viral #viralvideo #funny #ijustclip #fypシ #fypシ゚ ,False,,ijustclip,ijustclip,,,,,,False,,,
7395811217735994657,2024-07-26T01:25:17,31,US,164500,21400,963,3000000,#KaiCenat almost risked it all 😭 #IceSpice #HipHopforu #hiphop #hiphopmusic #hiphopdance #music #musician #rap #rapper #rapping #freestyle #freestylerap #concert #live #stream #livestream #livestreamer #streamer #song #sing #dance #singer #dancer #singing #dancing #trending #trend #trendingsong #trendingsound #explore #explorepage #foryou #foru #foryoupage #forupage #fypage #4u #4upage #4youpage #fu #fup #fyp #fypシ #fypシ゚viral #viral #fy #edit #funny #lol ,False,,hiphopforu,Hip-Hop for u,,,,,,False,,,
7246900116580289819,2023-06-20T18:33:56,19,GB,307600,1521,1198,8300000,Kai Cenat and Ice Spice compare their height 😂😳 #kaicenat #kaicenatclips #kaicenatfunnymoments #icespicemunch #icespice #fyp ,False,,anonnclipzz,anonnclipzz,,,,,,False,,,
7391187898852183328,2024-07-13T14:24:05,35,DE,330900,12400,3093,2800000,⋆˚࿔ #KAI / #AJ — they are so funny 😭😭 ✦ @Beta Squad @Aj Shabeel  ✦ @ampexclusive @Kai Cenat  #chnkzzv #betasquad #aj #ajshabeel #ajbetasquad #amp #kai #kaicenat #kaiamp #fyp #foryou #viral ,False,,chnkzzv,sana ೀ,,,,,,False,,,
7316375753485028613,2023-12-24T22:54:39,60,CL,293600,2497,560,2300000,Se pasó de normalito #kai #kaicenat #twitch #stream #streamer #funny #humor #gracioso #viral #fypシ #fyp #foryoupage #foryou #parati #christmas #navidad ,False,,_shindits_,ShinDits,,,,,,False,,,
7305691003623640338,2023-11-26T03:52:23,12,AU,1700000,31200,8120,8000000,gotta finish my set 😎 #funnymoments #kaicenat #blowthisup #lagreatnessball #viralvideo #trending #plsdontflop #dance #music #3amthoughts #sleep #kaicenatfunnymoments #lagreatnessball #4youpage ,False,,lagreatnessball,IShowGreatness,,,,,,False,,,
7341835610019089706,2024-03-02T13:32:16,10,US,1600000,10600,5765,11100000,unbeatable duo 🙏🏾 | #kaicenat #raykaicenat #vibewityou #aftereffects ,False,,vibewityou,rob,,,,,,False,,,
video_id,video_timestamp,video_duration,video_locationcreated,video_diggcount,video_sharecount,video_commentcount,video_playcount,video_description,video_is_ad,video_stickers,author_username,author_name,author_followercount,author_followingcount,author_heartcount,author_videocount,author_diggcount,author_verified,poi_name,poi_address,poi_city
7377058284135648544,2024-06-05T12:33:55,15,GB,380700,5708,2986,3100000,THANK YOU SO SO SO MUCH FOR 9.6 MILLION FOLLOWERS 🥹❤️💚💚,False,,di1araa.s,Dilaraa.s💚,,,,,,False,,,
7383012505976622369,2024-06-21T13:39:20,14,DE,197500,1935,1188,2300000,💚💚,False,,di1araa.s,Dilaraa.s💚,,,,,,False,,,
7371111712990235936,2024-05-20T11:58:10,11,DE,152700,1801,24500,2100000,Antwort auf @Lilya i could do at least another 20 parts with green hahah😂💚,False,,di1araa.s,Dilaraa.s💚,,,,,,False,,,
7400791428344859936,2024-08-08T11:30:39,19,DE,933200,15700,4166,9200000,Bye bye bye💚,False,,di1araa.s,Dilaraa.s💚,,,,,,False,,,
7369622264225991969,2024-05-16T11:38:21,14,PT,171500,1778,1250,2000000,💚💚💚,False,,di1araa.s,Dilaraa.s💚,,,,,,False,,,
7381500990022896929,2024-06-17T11:53:58,15,DE,543500,10500,4665,6500000,💚THANK U SO MUCH FOR 9.8 MILLION FOLLOWERS OMG !!!💚,False,,di1araa.s,Dilaraa.s💚,,,,,,False,,,
7367416695792749856,2024-05-10T12:59:37,15,DE,411500,8997,3893,7700000,💚🥹,False,,di1araa.s,Dilaraa.s💚,,,,,,False,,,
7367289120714018066,2024-05-10T04:44:33,15,BD,2787,14,148,24100,#bayral #video #💚💚💚 ,False,,tasneem.tahiya,🖤 Tasneem tahiya 🖤,,,,,,False,Home(sylhet),", Sylhet, Bangladesch",Sylhet
7397067111396379937,2024-07-29T10:38:26,15,DE,201100,3037,1415,1800000,💚 Dc: @Makarowits & @thauwoficial ,False,,di1araa.s,Dilaraa.s💚,,,,,,False,,,
7410399785535933702,2024-09-03T08:56:01,12,SN,380,0,18,2146,💚💚,False,,billy_willer_,🅱️î𝗹𝗹𝘆 𝗪𝗶𝗹𝗹𝗲𝗿 ✪✨𓅓,,,,,,False,,,
7386702436414524705,2024-07-01T12:18:10,15,DE,285100,3749,2211,2600000,THANK YOU SO SO MUCH FOR 9.9 M FOLLOWERS 💚💚 ROAD TO 10 M 💚💚,False,,di1araa.s,Dilaraa.s💚,,,,,,False,,,
7369255147463068960,2024-05-15T11:53:47,15,DE,687700,9783,5387,6500000,Dc: @Dayana 💚,False,,di1araa.s,Dilaraa.s💚,,,,,,False,,,
7343648887955115269,2024-03-07T10:48:21,12,PK,24700,141,1448,77200,#CapCut Tuhnjo Gilao Kary ,False,,user6659046702110,💚💚💚,,,,,,False,,,
7347428949309361451,2024-03-17T16:17:26,11,US,24700,538,177,111100,💚💚💚😛 #fypシ #didyouyawn #limegreen,False,,yeaitsmedariel,ker’phine,,,,,,False,,,
7407399937710869768,2024-08-26T06:54:58,23,NP,100,1,0,623,🦚 🌷 #राधेराधे #foryou #harekrishna #radheradhe #radhakrishna #radha #krishna #janmashtami #foryoupage #fyp  #tiktok #kana #fypシ ,False,,jharana____,💚💚💚,,,,,,False,,,
7060461599890443525,2022-02-03T07:37:00,64,CL,58,0,1,4470,I love you 💚💐te amooo mucho @michelleveraaa #gabeweloveyou #parati #llg🕊 #fypシ #gabemivato #viral #gabenotbabe,False,,.itssgabenot,💚💚💚,,,,,,False,,,
7407636794969165074,2024-08-26T22:14:07,28,NP,124,0,0,532,Haan ke haan #tiktok #foryou #foryoupage #fyp #fypシ ,False,,jharana____,💚💚💚,,,,,,False,,,
7340300502015544582,2024-02-27T10:14:53,14,PK,33000,167,1474,110500,#CapCut Byan Wangi Ma Bhe Ahya ,False,,user6659046702110,💚💚💚,,,,,,False,,,
7369987494382767392,2024-05-17T11:15:42,20,DE,656100,9700,3031,8700000,Abarakadabara🥨💚,False,,di1araa.s,Dilaraa.s💚,,,,,,False,,,
7410341504834686216,2024-09-03T05:09:50,25,MM,4391,15,139,24600,💚💔,False,,macherry656,မချယ်ရီ{မကွေးသူ}8/Official acc,,,,,,False,,,
7408171064414571809,2024-08-28T08:47:25,8,PL,170200,1404,853,6200000,"Odpowiadanie użytkownikowi @tosiedziejeee HERE is the result 🤭💚💛💜🩷🩵❤️ Mamy nadzieję, że Wam się podoba 😍 We hope you like it 🥰",False,,twinsstylee,Twins Style,,,,,,True,,,
7410362343055428869,2024-09-03T06:30:45,85,ET,1461,87,11,45400,#habeshatiktok #habesha #ethiopia #ethk🇪🇹🇪🇹🇪🇹🇪🇹 #ethiopian_tik_tok #capcut #foruyou #ethiopianairlines #ሰላም_ለሀገራችን_ሰላም_ለሕዝባችን🇪🇹🇪🇹🇪🇷🇪🇷 #አማራዬ💚💛❤አማራዬ💚💛❤ #viral #ትግራይ_ንዘለኣለም_ትነብር🙏🇻🇳 #ሀበሻ🇪🇹🇪🇹🇪🇹tiktok #ethiopian_tik_tok #fyp ,False,,nejadire,NEJA➤(ድሬ),,,,,,False,,,
7410405291998858501,2024-09-03T09:17:24,14,NG,65,0,3,402,"If you want the merch of my new movie THIN LINE, comment below 💚💚💚💚💚",False,,mercyaigbe01,mercyaigbe01,,,,,,False,,,
7410354381289196832,2024-09-03T05:59:50,15,GR,2408,20,23,22700,Captain in action 🫡💚 #WeTheGreens #paobcaktor #LiveTheGreenMagic #paobc #basketball #slovenia #preseason #champions #captain #sloukas #mood #practice ,False,,pao_bc,Panathinaikos BC,,,,,,True,,,
7410361741693013249,2024-09-03T06:28:26,10,MM,3885,25,28,27700,@jasengnu21 @dny' ❤️💚🧡,False,,lashisengmunroi,lashisengmunroi,,,,,,False,,,
7375190681666571553,2024-05-31T11:46:41,15,DE,1300000,21600,6244,9800000,THANK YOU SO SO MUCH FOR 9.5 M FOLLOWERS 💚🫶🏼 we are growing so fast 🫶🏼,False,,di1araa.s,Dilaraa.s💚,,,,,,False,,,
7387449861794204961,2024-07-03T12:38:36,9,DE,500000,9924,3046,4900000,I just love this sound 😂💚,False,,di1araa.s,Dilaraa.s💚,,,,,,False,,,
7410343446151449863,2024-09-03T05:17:18,16,SA,826,66,11,16700,تدشين اطقم المنتخب ' رايكم 🤩💚💚؟؟        #تيم_تانكر💎 #fyp ,False,,_n_j10,10,,,,,,False,,,
7410361555155471617,2024-09-03T06:27:38,8,AZ,1267,7,9,67800,"6,7,8 sentyabr 70%-dək REAL ENDİRİMLƏR bütün İrşad mağazalarında! 💚🤩 #İrşad #YaşılCümə",True,,irshad.az,irşad,,,,,,False,,,
7410359740192148741,2024-09-03T06:20:40,24,NG,804,2,36,7252,Morning 🫢❤️#afroblueries #foryou #viral #challenge @AFROGODESS🙂‍↔️💚🥷 #morning ,False,,afroblueries1,Afro Blueries 🥶💃,,,,,,False,,,
7410374376895401233,2024-09-03T07:17:26,21,SA,2363,182,30,28500,💚💙#ماشاءالله_تبارك_الله #نوره_العوض💙 #نوره_العوض #foryou #السعودية #fyp #اكسبلور #explore #الكويت #عبدالله_الرويشد ,False,,n_actress1,نوره العوض,,,,,,False,,,
7400033030267505937,2024-08-06T10:27:40,7,AE,209600,2074,3985,2700000,. . .  🌺🌺. .  🌺🌺. .  🌺🌺 🇵🇰💔🇵🇰💔🇵🇰💔🇵🇰💔🇵🇰💔🇵🇰 🌿🌺🌿🌺🌿🌺🌿🌺🌿🌺🌿🌺 🌺💚🌺💚🌺💚🌺💚🌺💚🌺💚 🇵🇰🌺🇵🇰🌺🇵🇰🌺🇵🇰🌺🇵🇰,False,,kanwalsheikhofficial3,kanwal Sheikh💚,,,,,,False,,,
7385473142279458066,2024-06-28T04:47:49,594,SA,32700,5380,2075,176200,#oromotiktok❤️💚❤️ #oromomuslimtiktok🕌🕋🕋 ,False,,amiyyee,Ámiŷŷëë Örö❤️💚❤️,,,,,,False,,,
7381854153691122976,2024-06-18T10:44:22,14,DE,856600,11300,7556,13500000,Antwort auf @Aviation.Geek your wish is my command… But not my Moms💚 @Mamadilosch ,False,,di1araa.s,Dilaraa.s💚,,,,,,False,,,
video_id,video_timestamp,video_duration,video_locationcreated,video_diggcount,video_sharecount,video_commentcount,video_playcount,video_description,video_is_ad,video_stickers,author_username,author_name,author_followercount,author_followingcount,author_heartcount,author_videocount,author_diggcount,author_verified,poi_name,poi_address,poi_city
7406537469149105414,2024-08-23T23:08:13,92,GH,68800,719,236,913600,And #kia won an ##amp##challenge!!! ##fy ##mrbeast ##dukedennis ##explore ##kaicenat ##rizz ##reels ##youtube,False,,kai.clipz78,Kai Clipz,,,,,,False,,,
7332539135229578539,2024-02-06T12:17:33,50,XK,120900,749,159,1100000,Kai facetimes Duke with Apple Vision Pro #fyp #viral #kai ,False,,.e47.e47,e47,,,,,,False,,,
7386203636948356394,2024-06-30T04:02:47,59,US,281200,2096,418,1700000,Nah captain Atlanta came and save the day 😭 #kaicenat #dukedennis #fyp ,False,,realadinfinesserplug,Plug Finesser 🔌,,,,,,False,,,
7283896544896486698,2023-09-28T11:18:50,77,US,1900000,3560,1842,18400000,Kai and duke gets the worlds most expensive sunglasses sent to them. Link in bio if youd like to purchase. #sunglasess #shades #dukedennis #kaicenat #prevailorperish #kaicenatclips #dukedennisedit ,False,,prevailorperish,PrevailorPerish,,,,,,False,,,
7271735672770153771,2023-08-26T16:48:27,67,US,450600,3010,1176,3800000,DUKE AND KAI FIRST MEET 😂 | #kaicenat #dukedennis #kaicenatclips ,False,,ayseplugss,#1 Funniest Clips,,,,,,False,,,
7334149874323180843,2024-02-10T20:28:13,32,US,74500,33,139,902700,the opportunities 🔥 #kaicenat #dukedennis #kaiandduke #funny #fyp #virał,False,,venclippedit,Ven Clips,,,,,,False,,,
7410249036638227743,2024-09-02T23:11:05,62,US,20,3,0,109,😂😂😂😂😂 #fypage #foryou #kaiandduke #dukedennis #kaicenat #fypage #funny #jokes #2man ,False,,luvspnd,luvpnd,,,,,,False,,,
7399570362058509600,2024-08-05T04:32:27,19,SE,179600,3193,232,1500000,Check The link my bio #dukedennis #duke #kaicenat #kai #fyp #foryou @Kai Cenat @Duke Dennis ,False,,viralclips.98,Viral clips⚠️,,,,,,False,,,
7410246076818640158,2024-09-02T22:59:36,8,US,14,8,0,210,#dukedennis #dukedennisfunny #ampdukedennis #dukedennislive #dukedennissneakershoppingkaicenat #dukeandkai #kaicenatfunny #funny #amp #fyp #funny #edit #trend #love #foryourpage #fyppppppppppppppppppppppp #capcut #viraltiktok #blowthisup #robloxfyp #robloxmemes #nostalgia #gravityfalls #itendswithus #billcipher #ifondo #itendswithusmovie #blakelively #rushtok #colleenhoover #bookofbill #tgif #novelshort #kingvon #bamarush #happyfriday #theumbrellaacademy #tiktokbacktoschool #rush #lospollostv #itendswithusbook #sorority #icespice #icespicememes #fyp #icespicevsnickiminaj #kaicenat #kaicenatlivestream #kaicenatlive #best #music #moves #games #memes #jokes #arshadnadeem #ilybloom #breakdancing #aftereffects #onlinevideoediting #videotemplate #football #edit #4k #borderlands #reflection #Preseason #recruitment #dailyprayer #whitneyhouston #therizzler #breakdance #privatelabeltest #airball #cucumbersalad #loveshackfancy #robloxfy #sororityrecruitment #blueface #friyay #shawnmendes #bamarushtok #bigjustice #yungmiami #jamielee #808 #ohyes #dipper #shanteltessier #starbandz #madness #aidangallagher #leagueoflegend #diegohargreeves #mevale #billford #klaushargreeves #emilie #gravityfallsbill #joemilton #matpat #d23expo #five #rushready #saopaulo #saucysantana #dragonforce #pigtails #caresha #babybill #ilapitts #US803 #nationalbookloversday #riots #nf|preseason #fordpines #moveinday #stanleypines #meperdientusojos #esb #US804 #fishing #bassfishing #kayakfishing #michiganfishing #kayakbassfishing #basskayakfishing #alaska #topwater #bass #loveit #ohya #mattiegtv #newenglandpatriots #lutherhargreeves #allisonhargreeves #mabel ,False,,478f3780,h,,,,,,False,,,
7410246748418968863,2024-09-02T23:02:13,8,US,12,4,0,252,#dukedennis #dukedennisfunny #ampdukedennis #dukedennislive #dukedennissneakershoppingkaicenat #dukeandkai #kaicenatfunny #funny #amp #fyp #funny #edit #trend #love #foryourpage #fyppppppppppppppppppppppp #capcut #viraltiktok #blowthisup #robloxfyp #robloxmemes #nostalgia #gravityfalls #itendswithus #billcipher #ifondo #itendswithusmovie #blakelively #rushtok #colleenhoover #bookofbill #tgif #novelshort #kingvon #bamarush #happyfriday #theumbrellaacademy #tiktokbacktoschool #rush #lospollostv #itendswithusbook #sorority #icespice #icespicememes #fyp #icespicevsnickiminaj #kaicenat #kaicenatlivestream #kaicenatlive #best #music #moves #games #memes #jokes #arshadnadeem #ilybloom #breakdancing #aftereffects #onlinevideoediting #videotemplate #football #edit #4k #borderlands #reflection #Preseason #recruitment #dailyprayer #whitneyhouston #therizzler #breakdance #privatelabeltest #airball #cucumbersalad #loveshackfancy #robloxfy #sororityrecruitment #blueface #friyay #shawnmendes #bamarushtok #bigjustice #yungmiami #jamielee #808 #ohyes #dipper #shanteltessier #starbandz #madness #aidangallagher #leagueoflegend #diegohargreeves #mevale #billford #klaushargreeves #emilie #gravityfallsbill #joemilton #matpat #d23expo #five #rushready #saopaulo #saucysantana #dragonforce #pigtails #caresha #babybill #ilapitts #US803 #nationalbookloversday #riots #nf|preseason #fordpines #moveinday #stanleypines #meperdientusojos #esb #US804 #fishing #bassfishing #kayakfishing #michiganfishing #kayakbassfishing #basskayakfishing #alaska #topwater #bass #loveit #ohya #mattiegtv #newenglandpatriots #lutherhargreeves #allisonhargreeves #mabel ,False,,987h367,h,,,,,,False,,,
7410246702319324447,2024-09-02T23:02:02,8,US,13,4,0,263,#dukedennis #dukedennisfunny #ampdukedennis #dukedennislive #dukedennissneakershoppingkaicenat #dukeandkai #kaicenatfunny #funny #amp #fyp #funny #edit #trend #love #foryourpage #fyppppppppppppppppppppppp #capcut #viraltiktok #blowthisup #robloxfyp #robloxmemes #nostalgia #gravityfalls #itendswithus #billcipher #ifondo #itendswithusmovie #blakelively #rushtok #colleenhoover #bookofbill #tgif #novelshort #kingvon #bamarush #happyfriday #theumbrellaacademy #tiktokbacktoschool #rush #lospollostv #itendswithusbook #sorority #icespice #icespicememes #fyp #icespicevsnickiminaj #kaicenat #kaicenatlivestream #kaicenatlive #best #music #moves #games #memes #jokes #arshadnadeem #ilybloom #breakdancing #aftereffects #onlinevideoediting #videotemplate #football #edit #4k #borderlands #reflection #Preseason #recruitment #dailyprayer #whitneyhouston #therizzler #breakdance #privatelabeltest #airball #cucumbersalad #loveshackfancy #robloxfy #sororityrecruitment #blueface #friyay #shawnmendes #bamarushtok #bigjustice #yungmiami #jamielee #808 #ohyes #dipper #shanteltessier #starbandz #madness #aidangallagher #leagueoflegend #diegohargreeves #mevale #billford #klaushargreeves #emilie #gravityfallsbill #joemilton #matpat #d23expo #five #rushready #saopaulo #saucysantana #dragonforce #pigtails #caresha #babybill #ilapitts #US803 #nationalbookloversday #riots #nf|preseason #fordpines #moveinday #stanleypines #meperdientusojos #esb #US804 #fishing #bassfishing #kayakfishing #michiganfishing #kayakbassfishing #basskayakfishing #alaska #topwater #bass #loveit #ohya #mattiegtv #newenglandpatriots #lutherhargreeves #allisonhargreeves #mabel ,False,,987h367,h,,,,,,False,,,
7410245148057161006,2024-09-02T22:55:54,50,US,13,0,0,62,He needa chill😭 #haha #funny #lmao #lol #ray #rayasianboy #amp #kai #kaicenat #fanum #duke #dukedennis #funnyvideos #fypシ゚viral #fypage #foryou #foryoupage #fyppppppppppppppppppppppp #haah #lorde #lol #india,False,,urclipking,UrClipKing,,,,,,False,,,
7404197833433189665,2024-08-17T15:49:14,23,DE,735400,67900,1524,3900000,didn't expected that.#fyp #kaicenat #dukedennis #fanum #dukedennisedit #fanumtax #fyp #foryou #foryoupage #streamer #funny @Duke Dennis @Fanum ,False,,twentyone.clips,twentyone clips,,,,,,False,,,
7393827084377918750,2024-07-20T17:05:35,5,US,406,3,1,32400,#kaicenat #dukdennis #fanum #amp #imdavisssyt #agent00 #chrisnxtdoor #fypage ,False,,dukeandkaiclip,Duke And Kai Clips,,,,,,False,,,
7356109234410392875,2024-04-10T01:41:43,58,US,10200,145,105,247900,They were going at it😭🤣🤣🤣🤣 #kaicenat #dukedennis #trending #ampwar #clips #fyp #viral @Kai Cenat @Duke Dennis ,False,,hoodiegang0,Hoodie Gang,,,,,,False,,,
7315376476478770437,2023-12-22T06:16:56,22,AU,1100000,3441,1974,7300000,Kai Cenat explains ‘RIZZ’ and introduces Duke (The BIG DROP) Dennis to DDG #kaicenat #dukedennis #fanum #ddg Credits to: WeRising (yt),False,,r0wy007,Rowy,,,,,,False,,,
7293198271084891424,2023-10-23T12:54:14,22,GB,407300,1988,456,3700000,“Thats kai” 😂 #dukedennis #kaicenat #ai #viral #fyp #michael2k5_ ,False,,michael2k5_,True2Myself🦋,,,,,,False,United Kingdom,Europe,
7410196027581402398,2024-09-02T19:45:22,8,US,56,30,0,1310,#dukedennis #dukedennisfunny #ampdukedennis #dukedennislive #dukedennissneakershoppingkaicenat #dukeandkai #kaicenatfunny #funny #amp #fyp #funny #edit #trend #love #foryourpage #fyppppppppppppppppppppppp #capcut #viraltiktok #blowthisup #robloxfyp #robloxmemes #nostalgia #gravityfalls #itendswithus #billcipher #ifondo #itendswithusmovie #blakelively #rushtok #colleenhoover #bookofbill #tgif #novelshort #kingvon #bamarush #happyfriday #theumbrellaacademy #tiktokbacktoschool #rush #lospollostv #itendswithusbook #sorority #icespice #icespicememes #fyp #icespicevsnickiminaj #kaicenat #kaicenatlivestream #kaicenatlive #best #music #moves #games #memes #jokes #arshadnadeem #ilybloom #breakdancing #aftereffects #onlinevideoediting #videotemplate #football #edit #4k #borderlands #reflection #Preseason #recruitment #dailyprayer #whitneyhouston #therizzler #breakdance #privatelabeltest #airball #cucumbersalad #loveshackfancy #robloxfy #sororityrecruitment #blueface #friyay #shawnmendes #bamarushtok #bigjustice #yungmiami #jamielee #808 #ohyes #dipper #shanteltessier #starbandz #madness #aidangallagher #leagueoflegend #diegohargreeves #mevale #billford #klaushargreeves #emilie #gravityfallsbill #joemilton #matpat #d23expo #five #rushready #saopaulo #saucysantana #dragonforce #pigtails #caresha #babybill #ilapitts #US803 #nationalbookloversday #riots #nf|preseason #fordpines #moveinday #stanleypines #meperdientusojos #esb #US804 #fishing #bassfishing #kayakfishing #michiganfishing #kayakbassfishing #basskayakfishing #alaska #topwater #bass #loveit #ohya #mattiegtv #newenglandpatriots #lutherhargreeves #allisonhargreeves #mabel ,False,,37g357,g,,,,,,False,,,
7405312059401047342,2024-08-20T15:53:04,44,US,1102,68,23,37300,Duke Dennis speaks on Kai Cenat and Speed taking a shower together 😭 #foryoupage #streamer #trending #viral #kaicenat #ishowspeed #dukedennis ,False,,sportsstories_,ClipFeen,,,,,,False,,,
7285990740885490990,2023-10-04T02:46:07,73,US,7872,93,59,213700,Kai Cenat and Duke Dennis sing “Love” ❤️ a Cappella. Original song is from Keyshia Cole. Sorry I misspelled her name before lol. Great song. Vibes!!! Bro let's just stick with Ai for now... Even I could use some of that! #kaiandduke #kaicenat #dukedennis #lovekeyshiacole #performance #singing #fyp,False,,mctrend,Reddit Daily,,,,,,False,,,
7410243702028766469,2024-09-02T22:50:18,52,CA,27,3,2,208,After 3 days Ray says he can’t stand living in Taiwan anymore and desperately wants to come back to the U.S😂😂 #taiwan #ray #fyp #fypシ゚viral #fypage #fy #foryoupage #foryou #kaicenat #dukedennis ,False,,zinclip,zinclip,,,,,,False,,,
7405249068353522975,2024-08-20T11:48:50,8,US,1196,345,4,30100,💯 #qoutesforhim #feelings #relatable #fyp #viral #amp #ampchris #chrisnxtdoor #theguys #qoutesforher #4liferssssss #qoutesforyou #love #lovequotes #kaicenat #dukedennis #lovestory #loverelatable #perla #chrisandperla ,False,,logicalreasonn,logicalreasonn,,,,,,False,,,
7324923087873527072,2024-01-16T23:42:53,82,DE,174300,303,181,1800000,"duke got a good taste, initio is lit #kai #kaicenat #kaicenatclips #kaicenattv #kaicenatfunnymoments #kaicenatlive #kaiandduke #duke #dukedennis #dukedennisedit #dukedennisclips #fyp #foryou #f #fyp #foryou ",False,,twentyone.clips,twentyone clips,,,,,,False,,,
7409972941594709281,2024-09-02T05:19:43,165,DE,12,0,0,149,Duke's Epic Challenge: Can He Conquer the Course? Watch as Duke and Kai battle it out in a thrilling race against an impossible obstacle course! Who will dominate? Will anyone make it across without falling? Join the fun and find out who takes the crown! #DukeChallenge #ObstacleCourse #EpicRace #FitnessFun #KaiVsDuke #AthleticChallenge #SportsContent #CompetitiveSpirit #YouTubeChallenge #ViralMoments,False,,uamclips,U.A.M,,,,,,False,,,
7327491531231825184,2024-01-23T21:49:46,98,DE,294800,806,997,3300000,Kai got scared for a second 😳 | He felt relief at the end and turned into anothef person 🤣 #fy #grillz #funnymoment #kaicenat #dukedennis ,False,,mandarineclips,Mandarine,,,,,,False,,,
7375550883440151854,2024-06-01T11:04:26,60,US,237500,6609,768,2800000,Duke x Kai 🔥 #dukedennis #kaicenat #marblerace #bossmandlow ,False,,15kmusic,15k Music 🎶,,,,,,False,,,
7407568360977730858,2024-08-26T17:48:36,62,US,47100,1506,732,294100,Kai and Duke ranked top 5 influential creators #kaicenat #dukedennis #amp #rollingstonesmagazine #fyp #viral #greenscreen ,False,,king___weddie,Kingweddie,,,,,,False,,,
7410246705901243678,2024-09-02T23:02:05,8,US,14,1,0,221,#dukedennis #dukedennisfunny #ampdukedennis #dukedennislive #dukedennissneakershoppingkaicenat #dukeandkai #kaicenatfunny #funny #amp #fyp #funny #edit #trend #love #foryourpage #fyppppppppppppppppppppppp #capcut #viraltiktok #blowthisup #robloxfyp #robloxmemes #nostalgia #gravityfalls #itendswithus #billcipher #ifondo #itendswithusmovie #blakelively #rushtok #colleenhoover #bookofbill #tgif #novelshort #kingvon #bamarush #happyfriday #theumbrellaacademy #tiktokbacktoschool #rush #lospollostv #itendswithusbook #sorority #icespice #icespicememes #fyp #icespicevsnickiminaj #kaicenat #kaicenatlivestream #kaicenatlive #best #music #moves #games #memes #jokes #arshadnadeem #ilybloom #breakdancing #aftereffects #onlinevideoediting #videotemplate #football #edit #4k #borderlands #reflection #Preseason #recruitment #dailyprayer #whitneyhouston #therizzler #breakdance #privatelabeltest #airball #cucumbersalad #loveshackfancy #robloxfy #sororityrecruitment #blueface #friyay #shawnmendes #bamarushtok #bigjustice #yungmiami #jamielee #808 #ohyes #dipper #shanteltessier #starbandz #madness #aidangallagher #leagueoflegend #diegohargreeves #mevale #billford #klaushargreeves #emilie #gravityfallsbill #joemilton #matpat #d23expo #five #rushready #saopaulo #saucysantana #dragonforce #pigtails #caresha #babybill #ilapitts #US803 #nationalbookloversday #riots #nf|preseason #fordpines #moveinday #stanleypines #meperdientusojos #esb #US804 #fishing #bassfishing #kayakfishing #michiganfishing #kayakbassfishing #basskayakfishing #alaska #topwater #bass #loveit #ohya #mattiegtv #newenglandpatriots #lutherhargreeves #allisonhargreeves #mabel ,False,,987h367,h,,,,,,False,,,
video_id,video_timestamp,video_duration,video_locationcreated,video_diggcount,video_sharecount,video_commentcount,video_playcount,video_description,video_is_ad,video_stickers,author_username,author_name,author_followercount,author_followingcount,author_heartcount,author_videocount,author_diggcount,author_verified,poi_name,poi_address,poi_city
7405577602074758431,2024-08-21T09:03:53,12,UM,149100,3566,386,2700000,#CapCut #лето #лето2024 #вайб #тепло #моменты #рек #fypシ゚viral ,False,,vasik_8,🐈,,,,,,False,,,
7409236308683394312,2024-08-31T05:41:03,40,IL,89200,13100,1479,894300,Увидемся следующим летом…#лето2024#лето2025,False,,bonnue_rbx,Увидимся летом 2025 ;),,,,,,False,,,
7375241994748071186,2024-05-31T15:05:53,10,US,443900,16000,8397,4200000,ЛЕТО #лето #ЛЕТО #лето2024 #2024 #ура #летожара ,False,,xd_maryana,Sigma,,,,,,False,,,
7410101516490804526,2024-09-02T13:38:32,14,KR,5407,127,105,111100,,False,,светасоллар,Света Соллар,,,,,,True,,,
7404724759000354091,2024-08-19T01:54:05,8,KZ,12100,1301,48,450500,#🤙 #тренд #лето2024 @ирочка ,False,,nikus_522,nike_pro,,,,,,False,,,
7405486091068820737,2024-08-21T03:08:24,15,DE,71600,2753,2,2000000,#CapCut #😭😭😭 #лето2024 ,False,,kot_buterbrod12,kot_buterbrod12,,,,,,False,,,
7395599757529451808,2024-07-25T11:44:18,12,PL,128100,46000,2219,1600000,#габба #лето2024 #мода ,False,,bspoizon6,BSPoizon,,,,,,False,,,
7410371854122241288,2024-09-03T07:07:35,10,DE,115,4,0,1083,Лето в Калуге 2024 было очень крутым! #калуга #калуга2024 #лето2024,False,,kaluga_on_tiktok,Kaluga on Tik Tok,,,,,,False,,,
7410379831159950600,2024-09-03T07:38:33,21,DE,53,1,2,249,+ вайб ребята #milzicx #ромашкабелая #дождь #лето2024 ,False,,milzicx,milzicx🖤,,,,,,False,,,
7410256291555265797,2024-09-02T23:39:15,12,UA,159,1,0,1148,Тгк: логово гавноеда #догток #лето2024 #лето #дворняга #Бим ,False,,bimjulik,Спаниелька с сюрпризом🤫,,,,,,False,,,
7401834325420920069,2024-08-11T06:57:39,7,UA,31500,10200,171,2000000,#бессарабия#болгары#раки#креветки#варенныераки #вкусныекреветки #сельскийдвиж#еда#вкуснаяеда#лето2024 #лощиновка#блогеркристина#компаниядрузей #родныелюди ,False,,kristina_goncharr,Гончар Кристина,,,,,,False,Izmail,"Odessa, Ukraine",
7402678370665827601,2024-08-13T13:32:59,8,SA,67800,4388,3242,531100,TG:damninfluence #damninfluence #fyp #virall #foryou #foryoupage #relatable #xyzbca #лето2024 ,False,,damninfluence,DAMNINFLUENCE,,,,,,False,,,
7410324626900929798,2024-09-03T04:04:32,16,UA,56,1,0,488,Я КАЛЕНДАРЬ ПЕРЕВЕРНУ😭😭 #лето2024 #Граница ##дрт #джекрасселтерьер #rge ,False,,shandidog,Шанди🐕,,,,,,False,,,
7409296843844111622,2024-08-31T09:36:01,11,BY,566,253,6,3946,#лето2024 ,False,,apolinarialjj,APOLINARIA,,,,,,False,,,
7410339958336081184,2024-09-03T05:03:58,6,BY,164,1,58,543,3 сентября Лето 2024 #3сентября #шуфутинский #musica #2024 ,False,,akcana1926505outlook.com,Aksana Йер,,,,,,False,,,
7369940922794052880,2024-05-17T08:14:55,8,SA,245500,7362,1344,2100000,#лагерь #смена #отряд #вожатый #пионер #лето2024 ,False,,testluni,тестлу,,,,,,False,,,
7410379515278527749,2024-09-03T07:37:25,74,BY,43,6,2,700,#годикнашейкрошке❤😘🥳  #1year #рек #тикток #тикток #реки #лето2024 #fyp #recommendations #беларусь #принцесса #мояжизнь #моялюбовь #можноврек #красота #времяостановись #тиктокпустиврек #рекомендации #семья @PashaZhykovski @_suzu__i @Olga Gri @A @ostrovskaya_di @Maruk Svetlana ,False,,karinazhukovskya,Карина Жуковская,,,,,,False,,,
7410400518171888914,2024-09-03T08:58:46,12,KR,169,16,2,1149,— больше мотивации и полезных советов в тгк: weweeju (лунные грёзы) 🤍🩰  ࣪𓏲ּ ֶָ  ✦  ⠂   ˒  ‹𝟹   ꜝꜝ   ʚ   ᨓ   #wonyoung #wonyoungive #wonyoungism #wonyoungizone #wony #wonyoungfancam #wonyoungedit #wonyoungmotivation #jangwonyoung #ive #wonyoungmakeup #wonyoungaesthetic #aesthetic #kpop #edit #вонён #вонёнлучшая #вонён_топ #вонёнэстетикаэстетика #вонёнмалышка #чанвонён #чанвонёнбогиня #вонёнизм #вонёнитгерл #вонёнизайв #эстетика #подготовкакнг #мотивация #мотивацияучиться #новыйгод #2024  #мышление #какизменитьмышление #сончиа #weweeju #pilatesworkout #pinkpilatesprincess #morningroutine #morningvibes #skincareroutine #skincarekorean #loveyourself #selflove #selfcare #selfimprovement #лето2024 #summervibes #haircare #hairtutorial #koreanhaircare #мотивациякаждыйдень #идеиналето #идеиналетосдрузьями #workout #koreanworkout #лето2024 #летниеканикулы #мотивациянауспех #воненизм #jennienism #workout #koreanworkout #jennie #kimjennie #catwalk #catwalkchallenge #catwalkmodel ,False,,weweeju,ᥫ᭡ lúna ⊹୨୧ ˚₊,,,,,,False,,,
7358333086859349265,2024-04-16T01:30:36,10,KG,69800,1323,207,845300,#лето2024 #одежда #комплемент #топы ,False,,moon.sho1,moon.sho1,,,,,,False,,,
7367252811366681864,2024-05-10T02:23:39,14,DE,19000,1179,356,121400,#лето2024 #DiadoAmigo #нск ,False,,plan_b59,plan_B,,,,,,False,,,
7379848151328378118,2024-06-13T01:00:00,16,BY,1200000,176400,5554,10800000,"""Не Ари на, мать! ""#мемы#плюшки#учимся#лето2024#лето#brawlstars #bablquas  #squadbusters#tiktok#recomendation ",False,,_frostix,❄Frost❄,,,,,,False,,,
7375092413909437727,2024-05-31T05:34:23,10,US,21200,1959,376,500800,ЗАВТРА ЛЕТО УРААААА!!!!!#лето #уралето #всемытакдавнождалиэтоволшебноелето #лето2024 #31мая #хочувреееекк #любовь❤ #врекомендации ,False,,prirodka76,🌿Diversity🍃,,,,,,False,,,
7355781711831108881,2024-04-09T04:29:59,10,SA,285200,7727,733,2200000,#лето2024 #лето #лагерь #вожатый ,False,,testluni,тестлу,,,,,,False,,,
7397823359125359877,2024-07-31T11:33:01,7,KZ,7739,2295,50,317900,#лето2024#август#природа#подсолнухи#эстетика#видеодлядуши#душевныепесни#вко#казахстан#лето#отдых#красотавокруг#рекомендации ,False,,for_my_soul_video,for_my_soul_video,,,,,,False,,,
7365832126643588353,2024-05-06T06:30:45,10,SA,268800,2295,3726,2300000,бабка шестипалка…. #шестипалые #лагерь #страшилки #лето2024 #смена #отрчд #лагерныестрашилки ,False,,testluni,тестлу,,,,,,False,,,
7322838486053162283,2024-01-11T08:53:30,7,SA,68100,2888,1446,873100,Чувствуется тот самый вайб🥰#_b_o_y_56#лето#2024#врек#рекомендации  ,False,,_b_o_y_56,_b_o_y_56 _,,,,,,False,,,
7363972271175732522,2024-05-01T06:14:25,10,US,32800,1374,690,420500,совсем скоро💋 . . . #хочутуда #fypシ #лагерь #видеопролагерь #хочувлагерь #лето2024 #сосновыйбор #foryou #рек #дарья ,False,,pipiskamegapro228,love.gone💋,,,,,,False,,,
7363939790011534599,2024-05-01T04:07:26,10,UA,103700,32100,11000,1300000,Скоро лето🤯#лето #ЛЕТО #2024 #глобальныерекомендации #тикток #tik #tok #rec #rec #puf #весна ,False,,evivi_uooy,🩸🧇Евиви||BYLER ENDGAME,,,,,,False,,,
7375262431410425093,2024-05-31T16:25:05,9,UA,46000,16800,412,309600,#лето2024 #первоелето #fupシforyou #rekomendasi #reki #recommendations #please #summer #firstsummer ,False,,svish3chova,svish3chova,,,,,,False,Київ,"Тараса Шевченка проспект  4, Місто Львів, Львівська Область, Україна, 79005",Lviv
7397911723795057938,2024-07-31T17:15:53,11,SA,7110,3730,65,42200,У меня на тебя есть особые планы!!! #лето2024 ,False,,vokiret,Настя,,,,,,False,,,
7380667117567347985,2024-06-15T05:58:04,10,SA,284800,13700,2847,2600000,inst: t3stlu #лето #лето2024 #вожатый #отряд #лагерь #смена ,False,,testluni,тестлу,,,,,,False,,,
7387943619115748624,2024-07-04T20:34:48,8,BY,67600,8217,502,395400,#тренд #любовь #привязанность #рассвет #глобальныерекомендации #врек #foryou #fyp #лето2024 ,False,,a.annytka,анюта🎀,,,,,,False,,,
7333305436600323371,2024-02-08T13:51:20,10,BY,53100,2861,987,590000,как иначе #лето#лето2024 ,False,,klvoy_nxx5,calm_nelxx,,,,,,False,,,
video_id,video_timestamp,video_duration,video_locationcreated,video_diggcount,video_sharecount,video_commentcount,video_playcount,video_description,video_is_ad,video_stickers,author_username,author_name,author_followercount,author_followingcount,author_heartcount,author_videocount,author_diggcount,author_verified,poi_name,poi_address,poi_city
7409942878119595294,2024-09-02T03:23:22,11,US,209900,56100,6324,1700000,в 12:00 бегу открывать стардропы!!🙏🙏#глобальныерекомендации #щитпост #щп #1сентября #линейка #школа #бравлстарс #шутка #щитпостерыидитенахцй ,False,,yebvoffical,уебв,,,,,,False,Щавель,"2 Комсомольская улица, Уфа, Russia",Ufa
7409708677432659206,2024-09-01T12:14:08,138,KZ,87200,453,1214,712200,ig:aaraiilymm  #grwm #school #makeup #skincare #kbeauty #макияж #косметика #школа #1сентября ,False,,aaraiilymm2,айка🤓,,,,,,False,,,
7409851820660509983,2024-09-01T21:29:36,17,BY,19200,932,146,162300,#1сентября #линейка ,False,,danilovaaaaaaaa_52,ярик,,,,,,False,,,
7408250989024644360,2024-08-28T13:57:34,60,AM,210700,41500,2050,2800000,Мама и 1 сентября | Название игры: Jelly run 2048,False,,sau4ik2.0,Sau4ik,,,,,,False,,,
7399261984354618629,2024-08-04T08:35:35,9,KZ,28300,26700,633,409700,#viral #recommendations #fyp #tiktok #foryou #рекомендации #популярное #школа #1сентября ,False,,ladynoirstan_l,mina | true toxinelle gf💋,,,,,,False,,,
7409545731553447174,2024-09-01T01:41:52,5,UA,44200,11300,247,1700000,#1сентября #школа #дети ,False,,tatka.umka,Весёлая училка 11-Б🤪✌️,,,,,,False,,,
7409551608666885382,2024-09-01T02:04:43,8,KZ,418,825,7,24500,#😂😂😂 #1сентября #школаглазамишкольника #родители #родителиидети #😂😂😂 ,False,,sad_moey_dushi_,🕊️Y🤍Z🕊️,,,,,,False,,,
7409384943748467985,2024-08-31T15:18:03,16,UA,6638,25900,83,624300,С началом учебного года!🏫🎒📓🥰🥰🥰#сначаломучебногогода #1сентября #сднемзнаний #здравствуйшкола #пожелание #открытка #лучшее #свежее #2024 #врек #хочуврек #рекомендации #втоп ,False,,l_y_u_b_a_w_a,Любава,,,,,,False,,,
7409561570554006790,2024-09-01T02:43:24,6,KZ,32900,2250,57,254300,#recommendations #fyp #school #ff ,False,,mg11b1,MG11B,,,,,,False,,,
7408948558742719751,2024-08-30T11:04:24,7,KG,614400,528400,10200,4300000,#спроебаннымлетом #лето #1сентября #школа #гадкийя #гадкийя1 #грю #грютанцует #мем #fyp ,False,,megaminionpro228,Доктор Нефарио,,,,,,False,,,
7409284014852312325,2024-08-31T08:46:13,19,KZ,26400,70300,1846,1100000,С Днём Знаний! 1 сентября. #деньзнаний #сднёмзнаний #сначаломучебногогода #здравствуйшкола #1сентября #владаалматы ,False,,vlada_almaty,Влада Almaty🇰🇿,,,,,,False,,,
7409976192578669825,2024-09-02T05:32:20,7,SA,4601,450,39,66800,выживаем🥲#fyp #foryou #реки #рекомендации #школа #учеба #1сентября #очереди ,False,,kety_zossh,Катюшка💋,,,,,,False,,,
7408572383520509189,2024-08-29T10:44:43,38,KZ,46500,1063,234,504500,"Знаю не все хотят в школу, и чтобы заканчивались каникулы🥹 но пусть хотя бы красивый макияж вас порадует в первый день!🥰 Всем удачи в новом учебном году!📚 #макияжвшколу #макияжна1сентября ",False,,zhanelyaall__,zhanelyaall,,,,,,False,,,
7410059092775030022,2024-09-02T10:53:59,60,KZ,12300,1180,715,271200,#1сентября #дети ,False,,omarova.tan,omarova.tansholpan,,,,,,False,,,
7409425457927523616,2024-08-31T17:55:08,15,KZ,113900,39700,6263,865900,"Ребят, не кипишуем скоро снова лето😎🤙 #лето #школа #сновалето #summer #school #1сентября #гадкийя #эдит ",False,,series_gravity_falls,Gravity Falls,,,,,,False,,,
7409712218553453829,2024-09-01T12:27:52,12,BY,162200,10400,1181,2200000,Ждём всех в тгк: puzanchevskiy,False,,puzanchevskiyy,ТГК: PUZANCHEVSKIY,,,,,,False,,,
7409380025574640903,2024-08-31T14:58:47,17,BY,29200,1789,334,300200,Я закончила 9 класс в 2009 году😄А ты в каком? Или еще учишься? #школа #1сентября #жиза #линейка ,False,,annabavtruk,Анна Бавтрук,,,,,,True,,,
7409965248351882528,2024-09-02T04:50:00,55,DE,6948,66,54,95100,А что вы подарили учителю?)  #1сентября #школа #учитель #подарокучителю ,False,,anyaparshukova,anyaparshukova,,,,,,False,,,
7273894088343031047,2023-09-01T12:24:05,42,US,368600,12000,1689,3400000,,False,,veydi_rush,veydi_rush,,,,,,True,,,
7409649439545085190,2024-09-01T08:24:18,7,KZ,10300,430,185,192200,#школа #1сентября ,False,,floozeyd,gulzada,,,,,,False,,,
7406992280432823569,2024-08-26T01:00:00,46,BY,75300,4036,351,1100000,Делаем фото девочке на 1 сентября #сентябрь #1сентебря2024 #девочка #фотография #портфель,False,,elena_saulich,Elena Saulich,,,,,,False,,,
7409172160075418885,2024-08-31T01:32:11,8,MD,22400,15100,866,1300000,С 1 сентября 😂❤️#teleghin #😂❤️🌹🎈 #хорошеенастроение🌹❤️ #сентябрь🌹 #осень🌹🌹 #школа #юмор🌹❤️ #прикол🌹 ,False,,videoboom,VideoBoom,,,,,,False,,,
7409568008940571909,2024-09-01T03:08:20,16,KZ,34800,1844,1923,1300000,#1сентября #сентябрь #братишка #любовь❤ #школажиза ,False,,mirambek_777,mirambek,,,,,,False,,,
7148772894108093701,2022-09-29T08:10:01,102,KZ,191900,4544,439,1200000,за монтаж квартиру отдал/заходите в инст: medvedb_chik пж хочу 500 там,False,,medvedb_chik,медведь,,,,,,False,,,
7401595240274234670,2024-08-10T15:29:54,9,KZ,38700,12400,524,173800,ХАХАХАХАХ #брайн #брайнмапс #анастасиз #школа #1сентября #10класс #фан #мы #бести #подруга #отмечай #врекомендации #рек #пов #жиза ,False,,mapsyara,тгк:мапсяра(описание),,,,,,False,,,
7404593041656286469,2024-08-18T17:22:51,83,UA,96200,4076,571,1000000,2 часть? #мемы #коты #мемыскотамы #1сентября #зборы,False,,nou.n.ame,Ноу нейм👾,,,,,,False,,,
7273829695744003333,2023-09-01T08:14:13,12,BY,724000,50500,8492,5000000,#1сентября #школа #универ #учеба #море #чел #одноклассники #одногруппники #эдит #fyp ,False,,aloof_danone,DANONE,,,,,,False,,,
7135900476574420230,2022-08-25T15:38:27,12,UA,161600,1891,183,1800000,Лайк если нравится 😍 | Подпишись в Телеграм 🦋,False,,muzoboi11,тг: muzoboi11,,,,,,False,,,
7410033763662482694,2024-09-02T09:15:40,13,KZ,22500,248,74,126800,Кафедрадан бастадык ко сразу😭😂,False,,yes_iamakzer,"Да, я Акзер✨",,,,,,False,,,
7138338278373084418,2022-09-01T05:18:19,9,LT,316400,841,1832,5600000,Аня и ее настроение 1 сентября 😔,False,,shakhmatki,shakhmatki,,,,,,False,,,
7410108591258094856,2024-09-02T14:06:03,6,SA,247,14,2,5517,,False,,iamklukva,Katy Klukva,,,,,,False,,,
7273447115781623045,2023-08-31T07:29:37,14,BY,60200,86600,644,2900000,#с1сентября ,False,,_olga19840,🤗💥Ольга💥🤗,,,,,,False,,,
7403377974210284808,2024-08-15T10:47:42,10,KG,720300,111700,3512,4200000,так и будет,False,,lovvbes.s,lovvbes.s,,,,,,False,,,
7409357894954650885,2024-08-31T13:32:58,20,KZ,23100,31200,28,1200000,#Поздравление для родителей #дедушек и бабушек# с днем знаний#С 1 сентября#💐💐💐 #,False,,margarita02_com3,꧁༺ 🌹𝓜𝓪𝓻𝓰𝓸 ༻🌹꧂,,,,,,False,,,
7409588388099116294,2024-09-01T04:27:27,16,KZ,20100,466,342,229200,Как быстро летит время💔 #1класс #скрипачка #1сентября #лапочкадочка #мамаидоча #реакциядочки ,False,,mekebayeva,Асель Мекебаева,,,,,,False,,,
video_id,video_timestamp,video_duration,video_locationcreated,video_diggcount,video_sharecount,video_commentcount,video_playcount,video_description,video_is_ad,video_stickers,author_username,author_name,author_followercount,author_followingcount,author_heartcount,author_videocount,author_diggcount,author_verified,poi_name,poi_address,poi_city
7234750022561074437,2023-05-19T00:45:07,35,CA,146100,2962,781,2900000,Check out this top water grab.. so stoked to catch this on video tonight #fyp #fishtok #alberta #fishingtiktoks #northernpike #athabascariver #northernpikefishingtips #fishingsports #topwater #frog #topwaterfishing ,False,,albertaboyzfishing,Albertaboyzfishing,,,,,,False,,,
7225787910400937262,2023-04-24T21:07:42,22,US,43900,752,143,793400,Heres a fishing tip with some topwaters you may not have thought to tie on in spring #fishingtips #bassfishingtips #topwaterfishing #springfishing #fishinglures ,False,,mysterytacklebx,mystery tackle box,,,,,,False,,,
7263552857578769696,2023-08-04T15:35:09,62,FR,1000000,32900,2252,26900000,🔥 pêche au whopper plopper 🎣 topwater fishing #fishing #viral #peche #silure #pêche #ตกปลา #mancing #bigfish #silureglane  #pecheur #brochet ,False,,carna.fishing.family,Carna Fishing Family,,,,,,False,Marseille,"Provence-Alps-Azure Coast, France",
7254337712390589742,2023-07-10T19:35:34,45,US,5192,80,80,112700,#fishing #slxdc #baitcaster #bass #fyp #topwater #bassfishing ,False,,crmfishing,Memaws Crow,,,,,,False,,,
7374588632973298986,2024-05-29T20:50:23,61,US,86700,1100,1063,1700000,Replying to @kaypick02 Pick my lures day 3 🔥 What should I use next? #fishing #bassfishing #topwater #topwaterfishing #whopperplopper #pond #fishingvideos #fyp #kickintheirbasstv ,False,,kickintheirbasstv,kickintheirbasstv,,,,,,False,,,
7170775334181244202,2022-11-27T14:10:45,32,US,1949,30,20,43800,#fishtok #fypシ #xyzbca ,False,,finzupfishing,Masterbaiter,,,,,,False,,,
7369268896509037866,2024-05-15T12:47:16,15,US,3389,56,39,79400,#fyp #bassfishing #foryoupage #lures #dirtbikesforlife ,False,,that_04_yz125,that_04_yz125,,,,,,False,,,
7379716173065112875,2024-06-12T16:27:51,51,US,21100,1398,483,568400,Save time on the water and catch more fish!  #topwater #saltwaterfishing #freshwaterfishing #speedclips ,False,,topwaterco,Topwater Co,,,,,,False,,,
7387841125702307073,2024-07-04T13:57:00,13,AE,1500000,30500,3472,25200000,#fy #fypシ #viral #fypシ゚viral #fish #fishinglife #fishing #topwaterfishing #explore #اكبسلور #explorepage ,False,,fishing_tv26,Fishing_TV,,,,,,False,,,
7363388857368333599,2024-04-29T16:31:13,40,US,140100,5047,366,6800000,Ripping them on the Frog Guru Glide Frog🐸 #fishing #fish #frogguru #frog #topwater #bass #outdoors #louisiana #texas #florida #lake #pond #grass #topwaterfishing ,False,,thefrogguru,Frog Guru Baits,,,,,,False,,,
7259172189902015790,2023-07-23T20:15:43,22,US,402400,10400,1163,3800000,A morning fisherman dream about #fishing #fog #topwater #outdoors #riseandshine ,False,,fishlikemike,fishlikemike,,,,,,False,,,
7056348004495789338,2022-01-23T05:34:08,36,MY,37900,298,293,667600,top water explosion 💦💦💦 #casting #snakehead #buzzbait #topWater #landbasecaster #fypage,False,,apizdsdangler,APIZ_DSD ANGLER 🐟,,,,,,False,,,
7038407329666092290,2021-12-05T21:15:11,12,AU,461300,6005,673,12500000,topwater bites don’t get much better!  (Beware of a fake account getting around stealing my vids) #fyp #fishing #topwater,False,,frothcafe2,Brooksy,,,,,,False,,,
7237253792553618731,2023-05-25T18:41:08,37,US,40500,5093,257,2000000,Topwater blow up with this technique!?😳🤔 #fishing #PigOn #fishtok #bass #topwater #fish ,False,,baitnreel,BaitnReel,,,,,,False,,,
7394200571332365599,2024-07-21T17:14:54,76,US,13100,861,112,139800,Big snook on the topwater 🤝 #fishing #snook #snookfishing #bigfish #topwater #kayakfishing ,False,,sommertime_outdoors,Sommertime_Outdoors,,,,,,False,Florida,United States,
7395385983774100766,2024-07-24T21:54:54,100,US,5893,76,39,61900,Some reasons why I love a walking topwater bait! What is your favorite topwater?🎣 #fishing #topwaterfishing ,False,,tylersreelfishing,TylersReelFishing,,,,,,False,,,
7180040712010927406,2022-12-22T13:25:14,10,US,4655,919,76,104200,DESTROYED the frog!!! #topwater #topwaterfishing #topwaterexplosions #fishing #fishtok #fishingtiktoks #bassfishing #snakehead #bigfish #blowup #fyp #foryou ,False,,andrew_tacticalfishing,A.Blair_TacticalFishingCo,,,,,,False,,,
7376819642817383722,2024-06-04T21:07:49,67,US,53800,244,1666,613600,Replying to @Tommy hotopp Pick my lures Day 5 👀🔥 What should I throw next?! #fishing #bassfishing #fish #topwater #topwaterfishing #popper #pond #pondfishing #fishingvideos #fyp #kickintheirbasstv ,False,,kickintheirbasstv,kickintheirbasstv,,,,,,False,,,
7305552811100474656,2023-11-25T18:56:14,41,GB,2873,57,27,94200,"Working topwater lures!!  Toowaters are so good and make for the most fun way to catch fish, regardless of species.  #fishing #surfacelure #topwater #bass #bassfishing #stripedbass #lure #lurefishing #howtofish #howtofish2023 #fishtok #lurefishingtok #sea #cornwall ",False,,tidework,Lyle Swan - Bass lure fishing,,,,,,False,Cornwall,United Kingdom,
7372515498736635143,2024-05-24T06:50:09,112,ID,139400,576,1171,4400000,"Akhirnya pecah telor di Indonesia! Alek, pemancing Belanda, sudah hampir dua puluhan-an tahun ini ingin merasakan sensasi strike mancing ikan bobara (Giant trevally) dari daratan akhirnya dia berhasil di sebuah pulau terpencil di Samudera Pasifik, Papua, Indonesia. Selamat! #fyp #fypシ゚viral #fypdong #foryou #fypシ゚ #mancing #mancingmania #mancingmaniamantap #ikanbesar #bigfish #gtpopping #topwaterfishing #topwater #videolucu #funny #videomancing #fishingvideos #fishingtiktoks #fishingtiktok #papua #pacificocean #joranpancing #joranmelengkung #angler",False,,batanta7,Batanta Fishing,,,,,,False,Supiori Regency,"Papua, Indonesia",
7381502755963161898,2024-06-17T12:00:46,16,US,1600000,266500,4417,19700000,I guess im throwing top water! #fyp #foryou #fish #fishing #fishtank #bass #largemouthbass #bassproshops #viral #texas #topwater #hungry ,False,,redneck_fishing,Redneck fishing,,,,,,False,,,
7242509219524644142,2023-06-08T22:34:57,23,US,1210,128,15,34800,Monster chases topwater plopper😳 #fishtok #fyp #bass #fishing #cast #fish,False,,baitnreel,BaitnReel,,,,,,False,,,
7175940509805088046,2022-12-11T12:14:21,24,US,787,28,49,32200,Huge PR large mouth caught on a crazy top water #fishin #topwaterfishing #topwaterexplosion #topwaterlures #baitcaster #fishingrod #bassfishingbasics ,False,,fishingdealsfordudes,DudeDealsFishing,,,,,,False,,,
7349949299448466690,2024-03-24T11:17:14,204,JP,58700,685,637,5200000,そりゃ怒られるわな... #スイッシャー #ピーコックバス #トップウォーター #ハンドメイドルアー #アマゾン川 #ネグロ川 #hélice #tucunare #tucunaré #tucunareaçu #topwaterfishing #handmadelure,False,,eldorado_fishing,エルドラド,,,,,,False,Barcelos,"Amazonas, Brazil",
7313573546335259934,2023-12-17T09:41:08,14,US,18900,409,105,900400,"ASMR Topwaters, Musky And Pike Fishing Big Baits! #muskyfishing #pikefishing #viral #tiktok #fishing #topwater ",False,,muskyshop,muskyshop,,,,,,False,Minocqua,"Wisconsin, United States",
7187190349167611141,2023-01-10T19:49:23,14,CA,15900,1092,116,375500,#topwaterfishing #topwaterexplosions #10lbbass #bassfishing ,False,,fishing.america,Fishing America,,,,,,False,,,
7308524513522650401,2023-12-03T19:08:05,61,FR,6622,346,348,241200,🔥 Monster Catfish on Topwater Bait 😱  #fyp #pourtoi #viral #fishing #pesca #peche #fishingtiktoks #fishinglife #mancing #釣り #рыбалка #ตกปลา ,False,,carna.fishing.family,Carna Fishing Family,,,,,,False,,,
7204472842585541934,2023-02-26T09:34:34,15,US,160700,9454,1337,3000000,Topwater Shootout With Musky and Pike Fishing Surface Lures #1! #pikefishing #muskyfishing #fishing #topwater #tiktok #viral #trending #muskyshop #muskiefishing ,False,,muskyshop,muskyshop,,,,,,False,Minocqua,"Wisconsin, United States",
7211196458765126917,2023-03-16T13:25:16,15,FR,17500,355,81,996000,🔥 Big Fish strike on Topwater 🎣 #fishing #рыбалка #peche #pesca #ตกปลา #mancing #釣り #bigfish #pike #topwaterfishing ,False,,carna.fishing.family,Carna Fishing Family,,,,,,False,,,
7397986048330059039,2024-07-31T22:04:28,19,US,107,1,5,6195,Nothing beats some topwater action… 👌🏽 #topwater #bassfishing #fishing #tiktok ,False,,saefongoutdoors,SaefongOutdoors,,,,,,False,,,
7232314576946122027,2023-05-12T11:17:20,9,US,542900,46600,1649,20200000,Insane Top Water Explosion! Watch as a MONSTER Bass Devours a Frog Lure!🐸 #bassfishing #bassfishingismylife #bassfishingnation #bassfishingislife #BassFishingTournaments #bassfishingclub #bassfishinglife #bassfishingtournament #bassfishingchangedmylife #bassfishinguk #bassfishingvideo #bassfishingvideos #bassfishingtime #bassfishingthecarolinas #bassfishingsummerfeelings #bassfishingpictures #bassfishingphotography #bassfishingfamily #bassfishingfl #bassfishingguide #bassfishingbaits #BASSFISHINGITALIA #bassfishingmemes #bassfishing4ever #bassfishingwa #bassfishingtips #bassfishingismylife #bassfishingnation #bassfishingislife #BassFishingTournaments #bassfishingclub #bassfishinglife #bassfishingtournament #bassfishingchangedmylife #bassfishinguk #bassfishingvideo #bassfishingvideos #bassfishingtime #bassfishingthecarolinas #bassfishingsummerfeelings #bassfishingpictures #bassfishingphotography #bassfishingfamily #bassfishingfl #bassfishingguide #bassfishingbaits #BASSFISHINGITALIA #bassfishingmemes #bassfishing4ever #bassfishingwa #bassin #basslife #bassmaster #bassangler #bassaddiction #bigbassdreams #bassboatlife #bassfishinglifestyle #bassfishinglifebelike #bassfishinglovers #bassfishingpics #bassfishingpicture #bassfishinggoals #bassfishingchallenge #bassfishingweekend #bassfishingcommunity #bassfishingrods #bassfishingreels #bassfishingmemories #bassfishinglifeisgood #bassfishing #largemouthbass #smallmouthbass #fishinglife #fishingtrip #fishingday #fishinglove #fishingaddict #fishingfun #fishingtime #fishinglifestyle #fishingcommunity #fishingislife #fishingforbass #fishingtips #fishingrods #fishinggear #fishingreel #fishingspot #fishingskills #fishingsuccess #fishingsession #fishingsunset #fishingson #fishingvacation #fishingmemories #fishingbuddies #fishingnation #fishingtournament #fishingchallenge #fishingweekend #fishingadventure #fishingderby #fishingfunny #fishinggoals #fishingenthusiast #fishingguide #fishingjunkie #fishingmoments #fishinglife🎣 #fishinglifeisthebestlife #fishinglifeforme #fishinglifeisgood #fishinglife🐟 #fishinglifeisthebestlife🎣 #fishinglifeislife #fishinglifebelike #fishinglifeskills #fishinglove❤️ #fishinglover #fishinglove,False,,bestbassfishing,bestbassfishing,,,,,,False,,,
6915807096403496197,2021-01-09T12:03:52,11,CA,75900,147,40,1400000,Largemouth frog top water blow up #YouShouldKnow #fyp #fishing #bassfishing #troutfishing #topwater #blowup,False,,tube_fishing,Tube_Fishing🐟,,,,,,False,,,
7268050576024423712,2023-08-16T18:28:20,65,FR,77400,4348,397,2600000,"🔥 Loch Ness Silure, pêche en topwater de Folie #fishing #peche #pêche #silure #mancing #pesca  #bigfish #silureglane #topwater #monstercatfish #rivermonsters #angling ",False,,carna.fishing.family,Carna Fishing Family,,,,,,False,,,
7355147223736274219,2024-04-07T11:28:16,17,US,417,7,4,14100,Best time for top water  #bassfishing #florida #bass #fishing #largemouth #largemouthbass  #Florida #floridafishing #fyp ,False,,orlandobassguides,Ajs Bass Guides,,,,,,False,Orlando / Kissimmee KOA,"2644 Happy Camper Pl, Kissimmee, United States",Kissimmee
7108424980639239470,2022-06-12T14:39:24,8,US,5021,62,24,124100,That topwater bite was insane! Comment if this has ever happened to you! #fishing #bassfishing #topwater #rippinlips,False,,thesouthwes,Wesley Cox,,,,,,False,,,
video_id,video_timestamp,video_duration,video_locationcreated,video_diggcount,video_sharecount,video_commentcount,video_playcount,video_description,video_is_ad,video_stickers,author_username,author_name,author_followercount,author_followingcount,author_heartcount,author_videocount,author_diggcount,author_verified,poi_name,poi_address,poi_city
7409982929868262689,2024-09-02T06:00:50,27,ES,19100,586,133,93000,💎 BRIGHT #laliga #laligahighlights #laligaplus #deportesentiktok #sportstiktok #futbol #futbol⚽️ #futebol #footballtiktok #raphinha #fcbarcelona #barcelona,False,,laligaplus,LALIGA+,,,,,,True,,,
7410171276053974304,2024-09-02T18:09:14,74,GB,3862,30,50,14800,Raphinha on FC Barcelona winning the treble this season…. 🏆👀 #football #barcelona #fcbarcelona #raphinha #fyp #wtb22,False,,wolusfcb,Wolus,,,,,,False,,,
7409398610992893217,2024-08-31T16:10:58,11,ES,580100,2604,3296,3500000,His first Hat Trick ❤️‍🔥 #fcbarcelona #raphinha #hatrick #goals #ball #barça #mvp #barçaontiktok ,False,,fcbarcelona,fcbarcelona,,,,,,True,,,
7409364887388065030,2024-08-31T14:00:06,36,NI,444700,15900,2702,2200000,nunca se rindio 🇧🇷💪🏼|| #joseph_football22 #pasionporelfutbol22 #raphinha #fcbarcelona #viral ,False,,joseph_futbol2,Joseph_futbol,,,,,,False,,,
7407400147975556384,2024-08-26T12:15:00,113,FR,1100000,9763,3641,7300000,Raphinha vs Athletic Bilbao #raphinha #fcb #culers #fyp,False,,raphinha.barca,raphinha,,,,,,False,,,
7410096241918463240,2024-09-02T13:20:10,23,BH,9898,608,123,43000,Raphinha under flick is crazy|| crazy transition by me😤|| #ronaldinho #raphinha #barca #barcelona #brazil #goat #ucl#footballedit #aftereffects #aepb99_,False,,aep.b99,B99ae,,,,,,False,,,
7410135818779577632,2024-09-02T15:51:41,35,ES,160900,5729,1364,816400,"🔵🔴 Raphinha, en el 'Tu Diràs' de @rac1oficial: ""Si estás en un club como este y no tienes como objetivo ganar todo, estás en el club equivocado"" #fcb #fcbarcelona #raphinha #rac1 #barcelona",False,,mundodeportivo,Mundo Deportivo,,,,,,True,,,
7410138593311624481,2024-09-02T16:02:32,63,GB,3553,40,50,20500,Raphinha Is Him. Champions League To Barcelona? #raphinha #barca #barcelona #nayeemutd #nayeem ,False,,nayeemutd11,Nayeem,,,,,,False,,,
7410073440960400646,2024-09-02T11:49:39,24,TN,17800,657,72,74300,Get these clips in my bio! | #barca #soccer #foryou #raphinha #edit #lamineyamal #viral #barcelonistesaep #aftereffects,False,,barcelonistesaep,Barcelonistesaep,,,,,,False,,,
7409377654656257323,2024-08-31T14:49:34,31,US,194500,8473,1707,1100000,Visca barca(7-0 crazy)#barcelona #yamal #raphinha #fyp #viral #soccer #edits #viscabarca #madrid ,False,,fc_breezy,0_0,,,,,,False,,,
7409737921214876960,2024-09-01T14:07:37,14,SE,19600,803,41,89300,So cute❤️❤️❤️❤️                                                                                                                                                                                            #barça #barcelonafc #barçaontiktok #culersforlive🔵🔴 #barçafans #barçaforever #barca #barcelonascoficial #raphinha #raphinha🇧🇷 #footballtiktok #footballedit #tiktok #fyp #trending #explore ,False,,nanobarca4,nano💙❤️,,,,,,False,,,
7409355873824410912,2024-08-31T13:25:06,44,FR,10100,425,52,45400,🐐. #fyp#raphinha#barca#viscabarca#viral#foryou#paratii,False,,nowah_l7less,Rapha11,,,,,,False,,,
7410165065258700075,2024-09-02T17:45:07,38,US,167,1,34,1377,What do you guys think?🤔#nicowilliams #raphinha #barca #culers #fcbarcelona ,False,,footynemomemes,footynemomemes,,,,,,False,,,
7410152652262296864,2024-09-02T16:57:01,25,ES,2722,27,62,27000,Que os parece?,False,,spidercule,spidercule,,,,,,False,,,
7349116905623538976,2024-03-22T05:27:19,9,ES,149100,1303,509,2600000,Raphinha 🤤 #fcbarcelona #barçaontiktok #Raphinha #ChampionsLeague #UCL #barça ,False,,fcbarcelona,fcbarcelona,,,,,,True,Barcelona,"Barcelona, Carrer de Barcelona, les Franqueses del Vallès, Vallés Oriental, Barcelona, ES-B, Cataluña, ES-CT, 08520, España",
7410043955682774278,2024-09-02T09:55:13,62,BR,5434,30,60,26900,Raphinha calando geral! #Tiktokesportes #Raphinha #HatTrick #LaLiga #Barcelona #Yamal ,False,,wallacefstv,Wallace Oliveira,,,,,,True,,,
7409302636832279840,2024-08-31T09:58:26,12,ES,373900,3851,2243,2400000,🔥 The team is in the house 🔥  #fcbarcelona #barça #team #arrival #barçaontiktok #lamine #raphinha #fcb #laliga #swag  ,False,,fcbarcelona,fcbarcelona,,,,,,True,,,
7410082927226277126,2024-09-02T12:26:28,29,MD,269,3,8,1953,Just How Good is Raphinha actually? | #barcelona ,False,,barcalegion_,Barcalegion,,,,,,False,,,
7321090359323315489,2024-01-06T15:49:46,12,ES,288200,356,684,2000000,Raphinha takeover 🤣 #fcbarcelona #barçaontiktok #barcelona #barça #deportesentiktok #Raphinha #fcb ,False,,fcbarcelona,fcbarcelona,,,,,,True,Barcelona,"Catalonia, Spain",
7409393030756650273,2024-08-31T15:49:13,9,ES,71300,273,368,759400,#raphinha #olmo #daniolmo #fcb ,False,,victorculee,victorcule,,,,,,False,Estadi Olímpic Lluís Companys,"Passeig Olímpic, 15-17, 08038 Barcelona, Spain",Barcelona
7410143519479696645,2024-09-02T16:21:34,23,TN,413,0,4,1404,Hatrick raphinha 🤫❤️💙 || #goal #goat🐐 #fyp #foryoupage #edit #footballedit #برشلونة #footballtiktok #barcelona #رافينيا #brasil #raphinha ,False,,viska_edit,Viska Edit,,,,,,False,,,
7410179793892723973,2024-09-02T18:42:22,18,SN,266,0,7,1259,,False,,loufcatalant,LOUFA Catalant,,,,,,False,,,
7410148863329275143,2024-09-02T16:42:22,21,UZ,61,0,0,564,Why was he looking like that😭 #raphinha #barcelona #football #laliga #goal #final ,False,,isko.ftbl10,ISKO,,,,,,False,,,
7410018130497375493,2024-09-02T08:15:00,22,SN,908,4,12,4174,#raphinha #balde #fcbarcelona ,False,,codiszo,~codiszo😏,,,,,,False,,,
7410068011094134048,2024-09-02T11:28:34,12,GN,2674,10,35,12100,#CapCut  raphinha 🥰🥰🥰🥰 avec le mark adidas ,False,,leybanga75,𝔹𝕒𝕣𝕔̧𝕒75,,,,,,False,,,
7410150627722005778,2024-09-02T16:49:11,24,LB,156,2,1,720,Rapha with flick🔥❤ #raphinha #fcbarcelona #barcelona #fyp #kexter ,False,,kexter_10,Kexter,,,,,,False,,,
7409427706950995206,2024-08-31T18:03:54,8,MA,7259,36,51,65100,Raphinha vs Valladolid #raphinha #fcbarcelona #viral #fyp #tiktok ,False,,koooranews20,Koooranews⚽️,,,,,,False,,,
7362619715220458758,2024-04-27T14:44:51,12,AR,59600,481,82,589200,a pedido de @alvaro201208 y @Ana🧸✨ espero les guste. #raphinha #raphinhaedit #barcelonafc🔴🔵 #fcbarcelona #fcb #viralvideo #viraltiktok #Viral #parati ,False,,lulu669988,lulu698🥀,,,,,,False,,,
7410235626219408646,2024-09-02T22:19:00,74,MX,5790,9,40,26300,Noticias del mundo Barcelona.  #chicobarca #raphinha #lewandowski #dejong #fcbarcelona ,False,,chico.barca,chico barça,,,,,,False,,,
7402666843057523973,2024-08-13T12:50:59,20,TN,132900,4533,906,938800,Get these clips from my bio! | #barca #soccer #foryou #williams #edit #raphinha #viral #barcelonistesaep #aftereffects,False,,barcelonistesaep,Barcelonistesaep,,,,,,False,,,
7409960959390829842,2024-09-02T04:33:05,11,IQ,347,8,7,9271,رايك بأداء رافينها 🔥🤔#typ #الشعب_الصيني_ماله_حل😂😂 #raphinha #brasil🇧🇷 ,False,,r_ap_hi_11,Raphinha_11,,,,,,False,,,
7410076504521968903,2024-09-02T12:01:28,14,BD,171,2,1,792,Rapah 🥹💗 #raphinha #brazil #barcelona ,False,,its__shahed04,💥_SHAHED_🇧🇷,,,,,,False,,,
7410203079821364513,2024-09-02T20:12:57,16,PL,345,0,1,1930,"T E A M 🔵🔴 S P I R I T Raphinha grabbed a hat trick and he was the MVP but let’s remember that everyone played really well today. Well done, equipo 👏 . . . #blaugrana #fcblive #futbol #football #campnou #viscaelbarça #mesqueunclub #totsunitsfemforça #fcbarcelona #barcelona #barça #9campnou #soccer #laliga #undiadepartit #valladolid #tiktok #fyp #foryoupage #barca #foryou ",False,,9campnou,9CAMPNOU,,,,,,False,Estadi de Montjuïc,"Avinguda de l'Estadi, el Poble-sec, Sants-Montjuïc, Barcelona, Barcelonès, Barcelona, Catalonia, 08001, Spain",Barcelona
7410144698691587333,2024-09-02T16:26:12,35,CO,272,16,7,2286,Raphinha y sus declaraciones sobre los objetivos del Barcelona  #angeldur10 #barcelona #raphinha ,False,,angeldur10,ElBarbas69,,,,,,False,,,
7410038090741370117,2024-09-02T09:32:28,15,SO,375,0,5,2039,Goat raphinha🔥❤️#somalitiktok #barcelona #foryou #foryoupage #barcelonafans #fyp ,False,,wll..stones.5,*̷Ｒａｐｈｉｎｈａ,,,,,,False,,,
video_id,video_timestamp,video_duration,video_locationcreated,video_diggcount,video_sharecount,video_commentcount,video_playcount,video_description,video_is_ad,video_stickers,author_username,author_name,author_followercount,author_followingcount,author_heartcount,author_videocount,author_diggcount,author_verified,poi_name,poi_address,poi_city
7406797627787873541,2024-08-24T15:57:46,0,MX,1200000,178100,8896,9100000,"mi Greti, mi Tetel, mi verdadero caballito de mar. te amo, guarr 🤍 #fyp #amomilado @gretiii ",False,,miazds,marimar ☆,,,,,,False,,,
7396466187443473669,2024-07-27T19:46:29,12,MX,541700,65600,3371,9900000,#CapCut #amomilado #amigas #fypシ #viral #parati ,False,,plantillas.cp1,𝐏𝐥𝐚𝐧𝐭𝐢𝐥𝐥𝐚𝐬 𝐂𝐏,,,,,,False,,,
7405619653042638085,2024-08-21T11:46:36,0,MX,379400,5902,2153,1800000,El chilaquil 🐾🐕‍🦺🌿 #pastoraleman #gsd #germanshepherd #perro #perros #milado #amomilado #fyp #parati ,False,,chiledogofrendo,Mi amigo Chile 🧔🏻🌶️,,,,,,False,,,
7407229403098369286,2024-08-25T19:53:16,0,VE,324000,33100,583,1800000,#lanadelrey #lanadelrio #leona #trend #amomilado #ponmeenparati #fyppoppppppppppppppppppppppp ,False,,dailiris1,dai,,,,,,False,,,
7408953179129318662,2024-08-30T11:22:24,10,EC,294800,83100,1191,2200000,😒 #amomilado #foryoupage #parati #amigas ,False,,joshmoreira11,J o s h ✨,,,,,,False,,,
7407208231598083333,2024-08-25T18:31:06,0,EC,279400,60400,693,4200000,JAJAJAJJA ❤️ #fyp #ecuador #novios #amomilado ,False,,tiffa._.28,tiffa._.28,,,,,,False,,,
7405262393405689093,2024-08-20T12:40:15,12,MX,228000,19700,1034,5500000,Amo mi lado plantilla #CapCutAmor #camaralenta #miamistad #amomilado ,False,,viralestrendcapcut,ViralTrend,,,,,,False,,,
7408646629722574086,2024-08-29T17:08:31,15,GT,207300,69500,2656,2100000,Te amo mucho mi piojita💘 @𝙉𝙚𝙮𝙘𝙝𝙖𝙖𝙖💕 #parati #hermanas #amomilado #viral #fyp ,False,,kenlyarce,SoyKennnn🎀,,,,,,False,,,
7407539742524329221,2024-08-26T15:57:32,0,MX,205600,59100,6448,923600,#gojosatoru #getosuguru #jujutsukaisen #amomilado#pendejo #you#me#us#manga#amigo #vro #bellakos #bro#para #ti#parati#paratiiiiiiiiiiiiiiiiiiiiiiiiiiiiiii #fyp #foryou #fypシ #cuentasecreta ,False,,eithan_tann,Eithan,,,,,,False,,,
7407655869011332358,2024-08-26T23:28:11,7,CO,192600,49000,1129,3300000,@oficialcara_ aja mami pa cuando! #amomilado #mejoramiga ,False,,valentinolazaroh_,Valentino,,,,,,False,,,
7406834569195867398,2024-08-24T18:21:08,9,VE,190300,23800,570,1600000,ya dejen de hacer el trend 😞 #fyp #foryoupage #amomilado #foryoupage ,False,,rbenchotx,rubenxxxxot,,,,,,False,,,
7409317735684967686,2024-08-31T10:57:06,12,MX,189400,18200,1169,6200000,Amo mi lado #trend #amomilado #CapCut ,False,,plantillasbonitascapcut,EVENINGS OF LOVE ♥️,,,,,,False,,,
7395866407205997857,2024-07-26T04:59:09,7,ES,165100,10900,678,1500000,#ojala #amomilado #シ゚viral #zyxbca #parati #fypppp ,False,,444.yaannooaaraa_,❓❓❓,,,,,,False,,,
video_id,video_timestamp,video_duration,video_locationcreated,video_diggcount,video_sharecount,video_commentcount,video_playcount,video_description,video_is_ad,video_stickers,author_username,author_name,author_followercount,author_followingcount,author_heartcount,author_videocount,author_diggcount,author_verified,poi_name,poi_address,poi_city
7409484073690860831,2024-08-31T21:42:36,11,US,9109,2184,226,55600,fr added a breaking bad van in bo6😭#breakingbad #cod #bo6 #bo6beta ,False,,iitzscrim,𓆩Ð¥Ł₳₦𓆪 ᖭི༏ᖫྀ,,,,,,False,,,
7408791488060034350,2024-08-30T01:09:43,26,US,8144,508,218,170400,MOST OP SMG In BO6 BETA The Tanto22,False,,azooqy,Azooqy,,,,,,False,,,
7409205270888353030,2024-08-31T03:40:39,14,MX,11800,1828,89,75400,"ahí nomás, sin presumir🤑 #fyp #parati #cod #bo6 #blackops #blackops6 #callofduty #playstation #gaming ",False,,el.bonni,El bOnni,,,,,,False,,,
7410168967148424491,2024-09-02T18:00:15,44,AE,1072,17,22,10700,blackops warrior #bo6 #beta #bo4 ,False,,fyplison,suhail,,,,,,False,,,
7410362984557464865,2024-09-03T06:33:12,17,GB,32,0,3,1079,tHaT 360 ThO 🤣 #bo6 #sniping #blackops #callofduty #cod #beta #fyp ,False,,deanero__,Deanero,,,,,,False,,,
7410363804275494177,2024-09-03T06:36:23,31,GB,28,0,5,797,tried my hand with sniping for a bit  #bo6 #beta #callofduty #callofdutyblackops #cod #sniping #fyp ,False,,deanero__,Deanero,,,,,,False,,,
7410286242086096134,2024-09-03T01:35:31,15,MX,142,9,3,1767,Tremenda colateral y headshot 👻 #fyp #parati #foryou #fypシ #cod #warzone #callofduty #blackops6 #callofdutyblackops6 ,False,,skulldubs,Mr.SkullDubs,,,,,,False,,,
7409059537803693344,2024-08-30T18:15:10,38,GB,61,40,23,3149,I got a nuke in the black ops 6 beta #cod #blackops #bo6 #callofduty ,False,,itsrestyy_,Restyy,,,,,,False,,,
7409952757840465185,2024-09-02T04:01:19,163,DE,1611,639,100,35900,Ein herz Für gamer BO6 Beta #noaimreloaded #daddeln #gamingdeutsch #zocken #gamingdeutschland ,False,,noaim_reloaded,Noaim_reloaded,,,,,,False,,,
7410185285201349893,2024-09-02T19:03:39,63,BR,401,9,14,8091,conferindo a beta do COD BO6 #funkyblackcat #bo6 #betabo6 #blackops6 #funkblackcat ,False,,funkyblackcatcut,Funky Black Cat Cut,,,,,,False,,,
7408973271221292321,2024-08-30T12:40:21,7,FR,703,24,131,47700,Beta black ops 6 #bo6 #cod #callofduty #warzone ,False,,looky_x,LOOKY,,,,,,False,,,
7409678261833239841,2024-09-01T10:18:31,26,DE,1432,47,9,18500,Der KRASSESTE Clips der BO6 Beta... Oder Auch NICHT... #BlackOps6 #BO6 #beta,False,,xnikgo,Nik,,,,,,False,,,
7410392126221061409,2024-09-03T08:26:20,62,GB,23,0,0,234,Omni Movement is fun in black ops 6 #blackops6 #bo6 #blackops6beta #callofduty #gaming ,False,,prologyyt,Prology245,,,,,,False,,,
7410337008473672993,2024-09-03T04:52:28,60,FR,51,19,18,2896,ça cheat alors que c'est juste une beta... #warzone #callofduty #bo6 #blackops #blackops6 #cheat #cheaters #aimbot #beta #omnimovement #pc #xbox #ps5 #gaming #gamingontiktok #imortal ,False,,amnesya_tv,AMNESYA,,,,,,False,,,
7409110290912103712,2024-08-30T21:32:13,54,DE,662,198,100,19800,Ngl the beta is fire so far though 🔥 #cod #callofduty #bo6 #blackops #clip #beta #fy #foryou #fyp #viral ,False,,xrdk_76,xRDK_,,,,,,False,,,
7410373371222871297,2024-09-03T07:13:32,13,NZ,33,0,5,221,I still hit 360s every now and then #interscopeot #interscopesnipers #snipersonly #mw3 #bo6 #bo6beta #callofduty #callofdoodoo ,False,,masetattoolive,Masetattoolive,,,,,,False,,,
7410094541988023585,2024-09-02T13:11:28,5,GB,2024,197,23,34500,My First Trickshot of BO6 👀 #codetbot #callofduty #cod #blackops #blackops6 #beta ,False,,tbotszn,TBot,,,,,,False,,,
7408998612446743813,2024-08-30T14:18:48,77,MX,6249,1025,263,155000,Como Jugar la Beta de Black Ops 6 Solucionado #beta #bo6 #cod #solucion #playstation #ps5 ,False,,kevsvaldes20,KevS,,,,,,False,,,
7404223640411327790,2024-08-17T17:40:11,24,US,24900,2590,567,248300,BO6 Movement is Insane!🔥#warzone #cod #callofduty #blackops6 #bo6 #codwarzone #callofdutyblackops6 #foryou #codbo6 #bo6beta #sondrs #yymovement,False,,.sondrs,sondrs,,,,,,False,,,
7406455539934219563,2024-08-23T17:50:18,30,US,9778,1106,150,78000,BO6 Mastercraft Collection Looks Beautiful!❤️#warzone #cod #callofduty #blackops6 #bo6 #codwarzone #codbo6 #bo6beta #sondrs #fyp #foryoupage #viral #yymovement #movement,False,,.sondrs,sondrs,,,,,,False,,,
7410381119360732448,2024-09-03T07:43:38,31,GB,10,14,6,84,Just did a little somthing 😉 hehe 🤪 @DSTAR94 @SjB__ @Rhys @[LFT] Booshie ❤️  #callofduty #bo6 #xbox #treyarch #earyaccess #bo6beta🔥 #fyp #viral #foryou #codclips #snipes #lftclan #girlgamer #games #callofdutyblackops6 ,False,,itztrigg3rz,♡ﮩ٨٨ﮩITᔕTᖇIGG3ᖇᘔ ﮩ٨ﮩﮩ٨ﮩ♡,,,,,,False,,,
7410394741067615489,2024-09-03T08:38:32,40,SA,8,1,1,298,ياخ طعمييييين  #callofduty #beta #bo6 #cod20 #viral #blackops6 #fyp #foryou #modernwarfare #كود21 #مودرين_وارفير2 #كود20 #lilM7M7,False,,lilm7m7_,lilM7M7,,,,,,False,,,
7410392479842831648,2024-09-03T08:27:49,71,GB,17,45,10,111,Had some fun on the bo6 beta 🙌🏼 cant wait for the full game too drop in a couple months 😎 #fyp #cod #bo6 #bo6gameplay #bo6edit #gamers #letsgrow @Lenaatheeplugg🎮 @Jacob Gibson @NSG AshBash @[ICHOR] FamVodka @ImBikerGirlGaming @DemonicFrost @LB @[AoT] 𝙰𝙽𝙶𝙴𝙻 @[AoT] Louツ @[AoT] Rуzєиツ @[LFT] Booshie ❤️ @[LFT] Nemesisツ @Icho @Gopher @EMO BISH ,False,,nsg.blaze,HariboTanspastic,,,,,,False,,,
7409608267258678546,2024-09-01T05:44:26,38,KW,651,9,11,24500,BO6 Beta 🔥🤷🏻‍♂️🗣️ #BO6 #callofdutyclips #blackops6edit #cod #clipesvideo #callofdutyblackops6 #bo6beta #Kwt #ps5controller #bo6multiplayergameplay ,False,,ace965_,3x | 𝘼𝙘𝙚 🇰🇼,,,,,,False,,,
7409894214172986629,2024-09-02T00:24:33,24,EC,1889,137,51,25600,BETA DE ZOMBIES EN BO6 #BETABO6ZOMBIES #BETABO6 #BLACKOPS6ZOMBIES #ESTEFANO97 #CODBLACKOPS6ZOMBIES,False,,estefano97yt,Estefano 97,,,,,,False,,,
7410203915670555936,2024-09-03T06:30:00,41,ES,151,53,19,6671,Así camuflan el SBMM en el Black Ops 6 #bo6  #blackops6 #callofduty #cod #sbmm #bo6beta #gamingontiktok #gaming #streamerespañol #stream,False,,redlangamer,RedLan,,,,,,False,,,
7410161485038521632,2024-09-03T05:50:00,60,GB,155,13,4,2989,Y'all enjoying the BO6 beta? #callofduty #bo3 #ogcod #thecodvault,False,,thecodvault,TheCODVault,,,,,,False,,,
7409590260704857376,2024-09-01T04:34:44,36,GB,838,606,62,60500,Nuketown’s tunnel in BO6 #blackops6 #callofduty #blackops6beta #beta #bo6beta #bo6 #secret ,False,,iamzline,ZLine,,,,,,False,,,
7410393916123467026,2024-09-03T08:33:10,61,SA,21,1,4,236,#blackops6 #cod21 #beta #bo6 #foryou #fyp ,False,,vshadow6,Shadow,,,,,,False,Jeddah,"Mecca, Saudi Arabia",
7410283544272031008,2024-09-03T01:25:10,31,FR,149,30,14,9737,J’espère que le problème sera resolus a la beta. #callofduty #clips #fyp #fypシ゚ #blackops #bo6 ,False,,kayserslow,Kayser-slow,,,,,,False,,,
7408981311559388449,2024-08-30T13:11:37,33,FR,526,106,172,23700,Franchement il a l’air pépite le jeu #bo6#betabo6#betaouverte#callof#activision  ,False,,js.adel,Adel,,,,,,False,,,
7408982877020409121,2024-08-30T13:17:52,28,DE,649,285,430,56500,Was machen die eigentlich richtig?... #fy #bo6 #viral #blackops6 #Probleme #bo6beta #fyp #callofduty #goviral ,False,,scorpixofficial,Scorpix,,,,,,False,,,
7409022725018144030,2024-08-30T15:52:18,61,US,14000,696,549,251200,New Jackal PDW Scourge Meta! Best SMG in the Beta! (Class @ End) 🔥😈 #blackops #cod #bo6 #bo6beta #jackalpdw #bestloadouts ,False,,kobesetic,Kobesetic,,,,,,False,,,
7410384904216694048,2024-09-03T07:58:22,61,GB,43,1,14,763,This gun has the quiclest TTK in all of bo6 #callofduty #balckops6 #blackops #gaming #fyp #bo6beta #cod #bo6 #codmultiplayer ,False,,kingstonbigboys,Fred and Josh,,,,,,False,,,
video_id,video_timestamp,video_duration,video_locationcreated,video_diggcount,video_sharecount,video_commentcount,video_playcount,video_description,video_is_ad,video_stickers,author_username,author_name,author_followercount,author_followingcount,author_heartcount,author_videocount,author_diggcount,author_verified,poi_name,poi_address,poi_city
7405909969016458513,2024-08-22T06:33:09,17,VN,65200,1458,2004,1400000,Portal Fastest?...💀 #nguyenphilong2006 #bloxfruits #bloxfruit,False,,longr_yt,LongR,,,,,,False,,,
7380340527029357857,2024-06-14T08:50:42,13,FI,611800,12800,15300,10400000,Zioles Admin Came my Server ☠️ + i think admin got mad!  #bloxfruits #roblox #foryou #foryoupage #jujubotv ,False,,jujubotv1,JuJuBoTV,,,,,,False,,,
7375851423268998401,2024-06-02T06:32:21,20,VN,378500,7878,10300,7200000,LongR😈😈 #nguyenphilong2006 #bloxfruits #longr,False,,longr_yt,LongR,,,,,,False,,,
7399597230790954282,2024-08-05T06:27:13,65,VN,168200,8373,1857,3200000,Normal day in bloxfruits (part 5) #bloxfruits #bloxfruit #roblox,False,,chbla2,Doge Gaming,,,,,,False,,,
7380663502651936005,2024-06-15T05:44:00,26,PH,195600,6070,11800,6000000,⁉️😏 #roblox #bloxfruits #fyp ,False,,real_zel,Zel,,,,,,False,,,
7300902206331538690,2023-11-13T06:09:26,49,VN,766300,8046,19600,11300000,Combo Dough Oneshot Fish v5 :> #nguyenphilong2006 #longr #bloxfruits,False,,longr_yt,LongR,,,,,,False,,,
7315377498097863969,2023-12-22T06:21:00,59,FI,435800,8947,20300,12400000,WHAT! I GOT KITSUNE FRUIT OMG OMG! From Factory + I love this game so much + Full video in youtube : JuJuBo TV! + THANK YOU FOR 620K FOLLOWERS! + i never expect i got kitsune fruit from factory omg! #bloxfruits #roblox #foryou #foryoupage ,False,,jujubotv1,JuJuBoTV,,,,,,False,,,
7325148593872997638,2024-01-17T14:17:46,62,BR,296200,14900,13900,7800000,fanmade #dragonrework #dragon #kitsune #henzxt #bloxfruitsupdate21 #kitsunebloxfruits #bloxfruitsmeme #comedia ,False,,henzxt,𝙃𝙚𝙣𝙯𝙭𝙩,,,,,,False,,,
7400619676243430673,2024-08-08T00:24:57,27,VN,230200,8771,3734,3500000,Rubber V5😈 #nguyenphilong2006 #longr #bloxfruits,False,,longr_yt,LongR,,,,,,False,,,
7323891458333789445,2024-01-14T04:59:26,23,ZA,74800,1982,6,2300000,How to Find Fruits WITHOUT Fruit Notifier! #roblox #bloxfruits #fyp #viral,False,,littleprofessor254,Littleprofessor,,,,,,False,,,
7351066902589869317,2024-03-27T11:34:00,13,ID,158200,7343,6763,3800000,ez sea 4 ?#fourthsea #fypシ #imjr #bloxfruitsedits #sea4 #fyp #bloxfruits #viral #foryou #fyppppppppppppppppppppppp #fyppppppppppppppppppppppp #fyppppppppppppppppppppppp #fyp ,False,,imjr40,Tristann £,,,,,,False,,,
7323758350921911560,2024-01-13T20:23:01,59,MY,44000,224,1828,2800000,I got Angel 4th Gear #roblox #games #bloxfruits #robloxgames #fyp ,False,,goofyah.game,I Have 188k Followers,,,,,,False,,,
7309410474632727809,2023-12-06T05:15:00,37,VN,990400,9676,22400,12600000,Long Dough Combo :>  #nguyenphilong2006 #LongR #Bloxfruits,False,,longr_yt,LongR,,,,,,False,,,
7390720721414130977,2024-07-12T08:11:09,30,FI,134500,3484,8128,2800000,"WHAT!? Light 1 Shot Combo + he is 30M Bounty? i thought 4,2m player then i realise the name also i was Tried get Raging Demon title but that player waited me outside for all time lol after this happend lol! + i keep the lag omg!  #bloxfruits #roblox #foryoupage #foryou #jujubotv ",False,,jujubotv1,JuJuBoTV,,,,,,False,,,
7325824348089027845,2024-01-19T10:00:01,16,KZ,97100,286,6994,3900000,#bloxfruits #roblox #bloxfruitsroblox ,False,,rem1.xer,REM1XER🌊,,,,,,False,,,
7392725570812972293,2024-07-17T17:50:58,45,CA,59700,2124,2606,1600000,Dragon might be the meta#roblox #bloxfruit #viral #fyp ,False,,tms_zero1,Blox Fruits,,,,,,False,,,
7395878622415916330,2024-07-26T05:58:49,60,VN,53100,746,682,1700000,Normal day in Bloxfruits (part3) #bloxfruits #bloxfruit #roblox,False,,chbla2,Doge Gaming,,,,,,False,,,
7302163251528240416,2023-11-16T15:42:54,25,GB,303800,4373,6504,8800000,I cant believe Zioles did this… 😳 #bloxfruits #zioles #roblox #fypbloxfruits ,False,,kaidozplayz,KaidozPlayz,,,,,,False,,,
7392566009279941918,2024-07-17T07:32:36,11,US,3536,736,1003,451300,bloxfruit update is coming at 7/23/2024,False,,king.wildo,kingwilliam45,,,,,,False,,,
7322977768403160325,2024-01-11T17:53:51,21,MX,163800,2335,9187,3100000,Unescapable❤️ #fer999 #bloxfruits #bloxfruit #roblox #kitsune #benchpress #youngla ,False,,youtube_fer999,fer999,,,,,,False,,,
7332424193759317266,2024-02-06T04:50:51,17,SA,203300,1737,5567,3800000,دعمكم عشان افوز 😎😘 #li_shanks #shanks #بلوكس_فروت #bloxfruits #bloxfruit #li_on_top #al3rab_on_top #fer999 ,False,,x9fg,Shanks شانكس,,,,,,False,,,
7385837784101145874,2024-06-29T04:22:52,25,PH,13900,742,2464,832000,Bruh . . . . . . . . . . . . ENTERTAINMENT ONLY #bloxfruits ,False,,cyper934,cyper,,,,,,False,,,
7381019876665740550,2024-06-16T04:46:54,15,PH,331600,36500,13000,4200000,World of blox fruits 🫀                  #thatonebloxfruitedit #roblox #bloxfruit #bloxfruitsroblox #montage #bloxfruitspvp #robloxbloxfruit ,False,,2ndbut3rd,Xec,,,,,,False,,,
7299095439549287685,2023-11-08T09:18:13,49,TN,176800,7560,8383,2800000,phoenix the new terror destroyer💀 #bloxfruits #roblox #fyp #YOHOHOHOOcrew #💀 ,False,,yonkoyohohohoo1,YouTube: BLOX YONKO👑,,,,,,False,,,
7362484883278630151,2024-04-27T06:01:42,18,VN,26500,382,1764,1000000,Admin bay màu trong 1 giây#roblox #bloxfruits ,False,,minhhhblf,Minhblf💤,,,,,,False,,,
7333528947067473154,2024-02-09T23:00:00,14,VN,52300,349,1400,1800000,Troll Noob Sea 1☠️☠️ #nguyenphilong2006 #longR #BloxFruits,False,,longr_yt,LongR,,,,,,False,,,
7365799947012295941,2024-05-06T04:25:47,22,EG,62800,589,6313,1500000,Mission Defeat Fer999💀 | Yt= MARK X4G #roblox #bloxfruits #fer999 ,False,,mark.x4g,MARK X4G,,,,,,False,,,
7378857885260074256,2024-06-10T08:58:06,27,VN,191700,6150,7652,3600000,I Miss The OLD BLOX FRUITS #bloxfruit #kaplayz #animation #bloxfruits #roblox #robloxanimation #robloxfyp #fyp #foryou,False,,kaplayz_ndk,KaPlayz,,,,,,False,,,
7321531368926661893,2024-01-07T20:21:03,83,PA,175300,1288,6842,4300000,#bloxfruits,False,,jesuaplay,CodeJesua Roblox,,,,,,False,,,
7376281002924199200,2024-06-03T10:18:10,14,IE,38700,1893,1756,811000,Best Blox Fruits Combo 🔥 #horusmonster #roblox #bloxfruits #pvp #combo #fyp #fy #viral ,False,,horusmonster,monsterhorus,,,,,,False,,,
7330420651817258242,2024-02-01T23:15:00,26,VN,119600,9938,6852,3200000,Noob Thử Lệnh Random Kitsune #zooteam #viral #xuhuong #bloxfruit #bloxfruits #noobpower,False,,noobpowertiktok,Noob Power,,,,,,False,,,
7348398217819622658,2024-03-20T06:58:17,16,VN,20200,186,484,2600000,My Family Playing Bloxfruits Belike #memes #roblox #bloxfruits #funnyvideos #funnymoments #fyp,False,,minhmama.new,MinhMaMa Shop,,,,,,False,,,
7304600796950170881,2023-11-23T05:21:50,13,VN,377500,1455,6855,5800000,Bounty Hunt in sea 1☠️☠️ #nguyenphilong2006 #bloxfruits #LongR,False,,longr_yt,LongR,,,,,,False,,,
7405588567294102817,2024-08-21T09:46:03,17,NO,6970,392,1183,329800,#freebounty #update #bloxfruits #dragon #dragonrework #helldimension ,False,,sigma_v01d,Bloxfruits,,,,,,False,,,
7382557626363694342,2024-06-20T08:14:08,17,MA,48500,813,1131,965400,PKOENIX FRUIT IS ACTUALLY ALIVE !!! 🐦‍🔥  - 🐦‍🔥  - 🐦‍🔥  - 🐦‍🔥  - 🐦‍🔥  - 🐦‍🔥  #CapCut #bloxfruits #update20bloxfruit #roblox #fyp #fyp #fyp #fyp #fyp #fyp #fyp #bloxfruits #bloxfruits #bloxfruits #bloxfruits #bloxfruits #bloxfruits #bloxfruits #bloxfruits #bloxfruits #bloxfruits #bloxfruits #roblox #roblox #roblox #roblox #roblox #roblox #roblox #roblox #roblox #roblox #hellotiktok #hellotiktok #robloxbloxfruit #hellotiktok #hellotiktok #hellotiktok #hellotiktok ,False,,96.609.96,feafer,,,,,,False,,,
video_id,video_timestamp,video_duration,video_locationcreated,video_diggcount,video_sharecount,video_commentcount,video_playcount,video_description,video_is_ad,video_stickers,author_username,author_name,author_followercount,author_followingcount,author_heartcount,author_videocount,author_diggcount,author_verified,poi_name,poi_address,poi_city
7400929175437069598,2024-08-08T20:25:11,15,US,371400,51900,0,3900000,Well #fy #fyppppppppppppppppppppppp #rug #poop #icespice #fart #fupシ ,False,,waffleursz059,waffleursz059,,,,,,False,,,
7386524043723148587,2024-07-01T00:45:56,17,US,302600,3118,2028,5500000,Definitely living up to the title#icespice #betawards #munchkin #viral #trend #fyp ,False,,icespicefever,icespicefever,,,,,,False,,,
7389253217789414702,2024-07-08T09:16:31,19,US,41300,671,303,1900000,#icespice #rollingloud #munchkin #viral #trend #fyp ,False,,icespicefever,icespicefever,,,,,,False,,,
7396982126001802528,2024-07-29T05:08:41,17,GR,307000,9251,3115,2200000,queen soyeon(this is a joke as i explained in the comments.Its not to hate ice spice or soyeon.)#fyp #icespice #soyeon #gidle #copy #foryou #original #aura #foryou #icespiceflop ,False,,looppyves,౨ৎ,,,,,,False,,,
7390832179594546465,2024-07-12T15:23:39,58,GB,241400,10600,4291,8500000,Ice Spice brings out Central Cee at wireless #icespice #wireless #centralcee #ukrap #usrap #raptok #hiphop #fyp ,False,,dapage_,dapage_,,,,,,False,,,
7400605612792466730,2024-08-07T23:29:32,60,US,135200,7278,900,817500,Ice Spice brings out #PartyNextDoor during her Y2K! world tour in NYC  #icespice #munchkins #smoochspice #fyp ,False,,smoochspice,♱,,,,,,False,,,
7399655230096280878,2024-08-05T10:01:36,13,US,11300,80,145,121700,Shes a millionaire😍#icespice #y2k #munchkin #viral #trend #fyp ,False,,icespicefever,icespicefever,,,,,,False,,,
7397465124845391135,2024-07-30T12:22:55,21,US,367900,57800,3019,2000000,#icespice#poop,False,,tatiasoqobl,Gojo,,,,,,False,Poopoo Island,"Hawaii 96763, USA",Lanai City
7391278358723644714,2024-07-13T20:15:07,9,US,68000,932,427,3300000,#icespice #and #centralcee #dating #fypage #fypage #fypage #dating?? ,False,,katieeee514,katiee,,,,,,False,,,
7396354164646858016,2024-07-27T12:31:52,14,DE,211100,2368,929,2100000,😛 @ice spice #icespice ,False,,yunusngc,yunusngc,,,,,,False,,,
7267623221934017824,2023-08-15T14:49:59,10,PL,526800,16300,2503,7100000,I LOVE THIS REMIX AC:@nysedit™  #fypシ #foryou #edit #edits #icespice #icespiceeedit #aftereffects #ae #aesthetic #viral #viralvideo #viraltiktok #dc #dlaciebie ,False,,yoaovelo,💗 • Friends,,,,,,False,,,
7354542352133917995,2024-04-05T20:20:51,10,US,622100,94500,4259,10300000,Imagine getting robbed by Ice spice 🤣🤣 #icespice #munch #artist #mask,False,,shiestyproof,SHIESTYPROOF,,,,,,False,,,
7360481806023413035,2024-04-21T20:29:01,7,US,200000,8308,1343,1500000,Ice Spice backstage at Coachella. 🌴 #icespice #munchkins #smoochspice #fyp ,False,,smoochspice,♱,,,,,,False,,,
7387481007953415454,2024-07-03T14:39:41,13,US,6700000,143900,18600,54500000,chrome hearts 😭😭😭 #centralcee #icespice ,False,,cench_hq,Cench HQ,,,,,,False,,,
7398915442296851743,2024-08-03T10:11:11,19,US,427700,46300,4544,4400000,#foryou #foryoupage #fypage #duna8ate #fyp #icespice #carpetcleaning ,False,,curehoneys,hyeju 4th gen it girl ;-;,,,,,,False,,,
7386627766445182251,2024-07-01T07:28:43,22,US,204200,8759,1900,2500000,I cant wait y2k dropping july 26th#icespice #y2k #betawards #munchkin #viral #trend #fyp ,False,,icespicefever,icespicefever,,,,,,False,,,
7396043233979043104,2024-07-26T16:25:15,9,DE,106600,2909,6317,2000000,She is the real Queen #icespice #y2k #foryou #fyp #queen ,False,,katysverses,katysverses,,,,,,False,,,
7396690806356086049,2024-07-28T10:18:09,9,DE,566300,27700,3609,3800000,Ice what is this abeg #icespice #ice #music #centralcee #madz #fyp ,False,,vidzardd,❦,,,,,,False,,,
7390799311803665696,2024-07-12T13:16:08,18,GB,36700,463,115,653400,ICE CEE  SPICE CEE🧊🌶️ ty for the likes on the last video 🫶🏽 AC: @Y2KKTOONS  #icespice #centralcee #y2k #fypシ #fyp #viral #trending #foryou ,False,,icespice.npc,dior,,,,,,False,,,
7391114167337389345,2024-07-13T09:38:00,6,GB,679300,35700,4166,4200000,The audience was not impressed 🤣🤣 #fypシ #fyp #wireless #icespice ,False,,rubyanne.1,Rubyanne,,,,,,False,Finsbury Park,United Kingdom,
7388952697367448864,2024-07-07T13:50:18,7,FR,122000,5048,728,3300000,#centralcee and #icespice Spotted together 👀 #madelineargy #foryoupage #foryou ,False,,whoeditus,🏴󠁧󠁢󠁥󠁮󠁧󠁿,,,,,,False,,,
7388259128772169006,2024-07-05T16:58:55,24,US,21600,190,48,444400,@ice spice ❤️ #fypage #viral #tour #denmark #denmark ,False,,icespice_baddie1,ICE SPICE FAN,,,,,,False,,,
7396749742316866859,2024-07-28T14:06:52,6,US,452300,19700,3803,4200000,Its a disaster #foryoupage #icespice #2007 #blowthisup #viral ,False,,themthreeguys,themthreeguys,,,,,,False,,,
7396098676180962603,2024-07-26T20:00:22,5,US,927500,43800,4743,6500000,Ice spice new music #icespicee #icespicemusic #newmusic #interesting ,False,,muna.storytimes,Muna storytimes,,,,,,False,My Happy Place,"Boat Canyon Wellness Center, 610 N Coast Hwy Suite 204, Laguna Beach, CA 92651, United States",Laguna Beach
7307788742255824170,2023-12-01T19:32:52,5,US,905600,8713,3744,7600000,#icespice #spotify #spotifywrapped #nyc ,False,,zachary.zahn,"zach, PhD",,,,,,False,New York,"New York, United States",
7398307660166204714,2024-08-01T18:52:21,19,US,50800,119,58,557100,@ice spice ❤️ #gq #interview #foryou #viral ,False,,icespice_baddie1,ICE SPICE FAN,,,,,,False,,,
video_id,video_timestamp,video_duration,video_locationcreated,video_diggcount,video_sharecount,video_commentcount,video_playcount,video_description,video_is_ad,video_stickers,author_username,author_name,author_followercount,author_followingcount,author_heartcount,author_videocount,author_diggcount,author_verified,poi_name,poi_address,poi_city
7409548358148246802,2024-09-01T01:52:00,8,AU,888000,109900,3153,4300000,what I DO 💜 #fyp #whatido #lanadelrey #ifyoudanceilldance #CapCut #meme #flop ,False,,mikeuntswet,Luke,,,,,,False,,,
7409432436641140010,2024-08-31T18:22:09,21,US,427700,24200,1486,2000000,WHAT I DO? #fyp #whatido #ellieandmasonhouse #floptok #flop #floptropican #foryou #edit #aestheticedits #vine #mamaagirlbehindyou ,False,,luvnboca,rien,,,,,,False,,,
7409494183355944235,2024-08-31T22:21:45,10,US,698,536,23,67000,can i go to what i do HOUSE💜 #fyp #ellieandmasonhouse💜 #whatido #stantwitter #uhmmm #idk #viral ,False,,lapuaz,𝐥𝐚𝐩𝐮𝐚𝐳ྀིྀི,,,,,,False,Ellie's house,"via Castiglione, 3, 46040 Solferino MN, Italia",Mantua
7410020258435714337,2024-09-02T08:23:17,10,DE,4279,228,173,19000,#genshinimpact ✨ | I have been searching the obsidian rings for 4 days. I‘m slowly losing it😭 #foryou #natlan #foryoupage #fy #viral #hoyoverse #trend #fyp #exploration #hoyocreators #mualani #whatido ,False,,xsoybrx,~🌊Nilou main🌊~,,,,,,False,,,
7286984579510996270,2023-10-06T19:02:04,7,US,355200,22700,2008,2000000,#whatido #youishellawrong #oh #ok #wow ,False,,lalaloopssle,Lalaloopsie,,,,,,False,,,
7280491795144822021,2023-09-19T07:06:34,11,PH,36000,2083,282,1300000,what i do ;-; what i do ;-; what i do ;-; what i do ;-; #whatido #aespa #loona #9muses #floptok #madisonbeer ,False,,oddeyetriangle,#1 catchuuu fan 🇵🇸🇨🇩,,,,,,False,,,
7410114123972775198,2024-09-02T14:27:34,9,US,3965,1053,25,26200,#CapCut #whatido #whatisyoutalkingabout #elliemasonhouse💜 #whatidohouse ,False,,sparkle_jumprope_queen_0,Baseball scene from twilight,,,,,,False,,,
7410128848039316767,2024-09-02T15:24:42,11,US,3589,989,68,24100,WHAT I DO 💜 #fyp #roblox #bloxburg #whatido #ellieandmasonhouse ,False,,buildsbyb,Brandon,,,,,,False,,,
7409727730704567585,2024-09-01T13:28:04,7,GB,22900,1605,190,134900,like please what i do 💜 #whatido #ellieandmasonhouse #roblox #dresstoimpress #dti #foryoupage ,False,,rkayue,R⭐️,,,,,,False,,,
7187841410975026437,2023-01-12T13:55:47,8,GB,1211,69,21,99300,#whatidoimapimp #imapimp #whatido #ukdance #dance #tiktokdance #tiktokdancer #tiktokdancechallenge #dancechallenge ,False,,bec_shorty,Bex_sluman,,,,,,False,,,
7381101577563589893,2024-06-16T10:03:54,10,PH,26200,979,310,436800,Chaeryoung? No. Giselle? No. Close enough! Welcome back Jessi#fyp #whatido #foryoupage #trending #xyzbca #relatable #stantwitter #viral #foryou #fypage #fypシ #humor #floptok ,False,,poot180000,My Legs Just Divorced🦵🏻,,,,,,False,,,
7409498181010033926,2024-08-31T22:37:22,6,AR,190500,18700,1063,735100,"mama didnt let me go to ellie and mason house, what i do?💜#stantwitter #gay #ellieandmasonhouse #whatido #💜 #donatellaversace #onikaburgers #fyp #niche ",False,,nachi.pri,nachi<3,,,,,,False,,,
7410237903726497054,2024-09-02T22:27:52,8,US,21,6,12,144,what i do #fyp #whatido ,False,,beyoncejustranmeover,anthony🍣,,,,,,False,,,
7183085929924414726,2022-12-30T18:22:04,8,GB,65100,8200,747,2500000,Replying to @trangiaanhkiet what I do?#cropitycrop #stantwitter #croppedvideos #croppedmemes #xyzbca ,False,,cropitycrop,✂️,,,,,,False,,,
7364513030438276394,2024-05-02T17:12:02,56,US,199100,2439,322,1300000,#fyp #fypシ #fypp #viralvideo #dannytheeartist #ddlc2006 #trend #trending #foryou #fyppppppppppppppppppppppp #fypage #blowthisup #chicano #chicanoart #tat #tattoo #tattooartist #art #drawing #jessicarabbit #shading #shadingtutorial #tut #tutorials #tutorial #ballpointpen #ballpointpenart #ballpointpendrawing ,False,,ddlc.2006,𝕯𝖆𝖓𝖓𝖞 𝕿𝖍𝖊 𝕬𝖗𝖙𝖎𝖘𝖙,,,,,,False,,,
7409715637292977440,2024-09-01T12:41:06,18,DE,2686,46,12,8218,calm #digitaldiary #videodiary #fyp #diary #whatidoinaday #introvertlife #spendthedaywithme #romantizeyourlife #coffee #autumn ,False,,plantarosemarytree,Jule💌,,,,,,False,,,
7397102150377082143,2024-07-29T12:54:32,61,US,38700,317,318,555500,One of the most common questions I get.. #whatidoforwork #ninetofive #hubslife ,False,,hubs.life,hubs.life,,,,,,False,Just For You,"109 S Main St, Nevada, MO 64772, United States",Nevada
7277545494111423750,2023-09-11T08:33:24,12,PH,1182,206,33,171700,#whatido #meme ,False,,useless_immortal,Deadpool (real),,,,,,False,,,
7399068544496848133,2024-08-03T20:04:57,5,MX,30000,4276,262,151500,"i know it's ""what it do"" btw #loona #yves #yyxy #loop #lilcherry #lgbtq #whatido #queer #artms #loossemble #oddeyecircle #loonayves ",False,,rexveriex,adir reverie,,,,,,False,Mobius Strip,"Parkes, South Canberra, District of Canberra Central, Australian Capital Territory, 2600, Australia",Australian Capital Territory
7408798919985057055,2024-08-30T01:23:52,13,US,5871,143,192,53200,My baby is so done with me singing this song (incorrectly) every minute of everyday since i first heard it🤣🤭. #pwipwi #marshallese #goodvibesonly #chuukese #ainokea #idowhatilike ,False,,vibingwithlahana,¢αℓℓ•мє•ℓαηα,,,,,,False,,,
7384835441599450400,2024-06-26T11:33:18,11,DE,314600,65300,1755,2800000,Jetzt haben wir wirklich alles gesehen… 🙃 @finch & #anzeigenhauptmeister  #worldwidewohnzimmer #wwwshow #nomatterwhatido #dilemma ,False,,wwwshow,World Wide Wohnzimmer,,,,,,True,Cologne,"Koeln, North Rhine-Westphalia, Germany",
7392376231276186898,2024-07-16T19:15:39,15,AE,38200,4829,232,207000,NIGHTMARE #whatcanido #nightmare #traumatok #fypシ #drama ,False,,mahassenhommayda,MH,,,,,,False,,,
7389974170576260398,2024-07-10T07:54:34,48,US,11400,2101,351,58100,I know somebody needed this reminder because I did! I vow to praise You in all that I go through because praise is what I do🙌🏾🙌🏾😭😭 #praiseiswhatido #encouragement #hanginthere #churchgirl #churchtok #churcktiktok #praisehim #singersoftiktok #gospelmusic #fyp #preachersoftiktok ,False,,itsmetifffffff,💜Tiff,,,,,,False,,,
7409509513931279659,2024-08-31T23:21:15,52,US,11400,3813,295,46300,#whatido ,False,,long.live.potter,potter 🇵🇸 (swiftie),,,,,,False,,,
7408875852487970053,2024-08-30T06:22:21,46,AE,4524,111,280,38600,Mrs M x School outfits  #fyp #englishteacher #fashion #ootd #modestmodernfashion #stylishteacher #lookgoodfeelgood #explore #lovewhatido #fyp#teachersoftiktok #tiktokteacher On demand requests: @SHEIN items codes Skirt over pants- sz2404305199323256 Brown wedge shoe- sx2305133205238311 Abaya throw/kimono -sc2406081170057470 Other items- Pink chunky heel @ASOS  Don’t know the code           ,False,,iam_peachess,iam_peachess,,,,,,False,,,
7385062122994076961,2024-06-27T02:13:09,87,KZ,5547,760,261,102400,#smokie #whatcanido #alansilson #retromusic ,False,,viktor13055,Vladimir,,,,,,False,,,
7269109807318109472,2023-08-19T14:58:41,10,GB,571200,2125,6647,6000000,The sas on this girl… #bonusdaughter #bonusmom #bonusmum #idonthavetoexplainmyselftoyou #imagrownwomanandidowhatiwanttodo ,False,,chloehaycock_,Chloe Haycock,,,,,,False,,,
7406080015890255147,2024-08-22T17:33:06,566,US,3116,190,196,69500,Taurus ♉️ WHAT YOU DON’T SEE COMING 👀 #tarotreading #scorpio #pisces #cancer #aries #leo #sagittarius #taurus #virgo #capricon #aquarius #libra #gemini #ilovewhatido #ihopethishelps #staypositive #spirituality #fyp,False,,nutarot,The official Nutarot! :),,,,,,False,,,
7313633425741729066,2023-12-17T13:33:07,214,US,29900,2122,448,603300,Replying to @Cassidy 190g flour 1/2tsp salt 1tsp baking soda 2tsp baking powder 24g sugar 2 eggs 240g milk 42g butter (melted) #whatidowithmydiscard #sourdoughdiscard #sourdoughdiscardrecipe #pancakes ,False,,conleyannekitchen,Conley Kipp,,,,,,False,,,
7269961171149655338,2023-08-21T22:02:27,86,US,36600,728,177,942700,Happy Monday!✨🎨🪚 #displayartist #visual #display #anthropologie #display coordinator #anthro #art #artist #foam #whatidoinaday #dayinmylife ,False,,peyton_harville,Peyton | Artist 🎨,,,,,,False,Houston,"Texas, United States",
7406055892073909547,2024-08-22T15:59:30,551,US,8093,438,275,139700,Leo ♌️ WHAT YOU DON’T SEE COMING 👀 #tarotreading #scorpio #pisces #cancer #aries #leo #sagittarius #taurus #virgo #capricon #aquarius #libra #gemini #ilovewhatido #ihopethishelps #staypositive #spirituality #fyp,False,,nutarot,The official Nutarot! :),,,,,,False,,,
7409009588063833376,2024-08-30T15:01:18,11,FI,3607,1350,67,21300,@samira ✦ @jes our idol 🤞 #donpollo #edit #symphony #mamaagirlbehindyou #whatido #vsp @agustin calderon silverio ,False,,izzysxv,izzy,,,,,,False,,,
7406058801062874411,2024-08-22T16:10:45,579,US,9178,454,461,159400,Aries ♈️ WHAT YOU DON’T SEE COMING 👀 #tarotreading #scorpio #pisces #cancer #aries #leo #sagittarius #taurus #virgo #capricon #aquarius #libra #gemini #ilovewhatido #ihopethishelps #staypositive #spirituality #fyp,False,,nutarot,The official Nutarot! :),,,,,,False,,,
7379789360603909418,2024-06-12T21:11:52,27,US,1427,160,54,54600,Theirs so many ways to get money in trucking ! I chose the best one 🫵😎  #trucking #entrepreneur #fyp #hotshottrucking #explore #thisiswhatido ,False,,truckingeastcoast,@rayy_718,,,,,,False,,,
7408591004443381035,2024-08-29T11:56:59,11,US,2096,704,79,30500,#whatido #fyp #flop ,False,,chicken.casseroles,what i DO 💜,,,,,,False,,,
video_id,video_timestamp,video_duration,video_locationcreated,video_diggcount,video_sharecount,video_commentcount,video_playcount,video_description,video_is_ad,video_stickers,author_username,author_name,author_followercount,author_followingcount,author_heartcount,author_videocount,author_diggcount,author_verified,poi_name,poi_address,poi_city
7409309145918180651,2024-08-31T10:23:46,12,US,10400,1234,84,166400,#NickSaban kept it real 😆 #collegefootball #football #collegegameday #cfb ,False,,collegegameday,College GameDay,,,,,,True,,,
7367780990376381742,2024-05-11T12:33:21,24,US,141800,2437,898,2100000,The #CollegeGameDay crew was LOVING the #flyover 😂 #funny #patmcafee #football ,False,,collegegameday,College GameDay,,,,,,True,,,
7300232563560402207,2023-11-11T10:51:06,30,US,188100,3749,508,2300000,🗣️GO DAWGS 🗣️🗣️GO DAWGS 🗣️🗣️🗣️GOOOO DAWGS @Georgia Football #georgiafootball #georgiabulldogs #georgia #collegegameday #gameday #college #collegefootball #georgiabulldogs #bulldogsfootball #olemiss #ncaa #kirbysmart #ncaafootball #patmcafee #patmcafeeshow #thepatmcafeeshow #thepatmcafeeshowclips #mcafee ,False,,patmcafeeshowofficial,Pat McAfee Show Clips,,,,,,True,,,
7308075099859553567,2023-12-02T14:04:05,55,US,612400,19100,2558,6800000,WHAT’S THAT COMING DAHN THE TRACK.. 🗣️🗣️GIVE ME ALABAMA 🗣️🗣️ROLL TIDE ROLL @Theo Von @Alabama Athletics @Georgia Football #sec #bama #alabama #secchampionship #alabamafootball #georgiafootball #collegegameday #gameday #ncaa #ncaafootball #collegefootball #rolltide #nicksaban #nicksabanthursdays #crimsontide #football #sports #patmcafee #patmcafeeshow #thepatmcafeeshow #thepatmcafeeshowclips #mcafee #pmslive ,False,,patmcafeeshowofficial,Pat McAfee Show Clips,,,,,,True,,,
7409412669851176222,2024-08-31T17:05:35,248,US,40800,968,330,402800,#Coach #Corso is back for year 38 of #CollegeGameDay ❤️ #cfb #football #wholesome ,False,,collegegameday,College GameDay,,,,,,True,,,
7406734134766325035,2024-08-24T11:51:24,246,US,2160,102,57,64000,The crew makes their #CFP #predictions before the season gets underway 🏆👀 #CollegeGameDay #cfb ,False,,collegegameday,College GameDay,,,,,,True,,,
7409465735266831659,2024-08-31T20:31:21,22,US,51300,620,145,648100,Dalton Brooks was disqualified from the game for targeting on this play. #cfb #collegefootball #notredame #rileyleonard #college #football ,False,,collegegameday,College GameDay,,,,,,True,,,
7410220041763015982,2024-09-02T21:18:27,19,US,6439,38,145,100400,#FSU trails #BostonCollege 14-6 at the half 👀 #cfb #college #football #floridastate #acc #collegefootball ,False,,collegegameday,College GameDay,,,,,,True,,,
7409837335107341598,2024-09-01T20:33:26,15,US,4748,156,73,48300,#Catch of the year in week 1? 😳 #collegefootball #football #usc #wow ,False,,collegegameday,College GameDay,,,,,,True,,,
7263860259884764458,2023-08-05T11:27:57,99,US,360100,12600,1855,3800000,What a special moment between Brian Dooley and Zack Conti 🙌 #EasternMichigan #teammates #scholarship #NCAA  (🎥: @Eastern Michigan Football) ,False,,collegegameday,College GameDay,,,,,,True,,,
7300260622887832875,2023-11-11T12:39:52,28,US,270400,3875,732,3000000,@Pat McAfee Show Clips and Nolan Smith got all of Athens singing along #GeorgiaBulldogs #OleMiss #CollegeGameDay,False,,collegegameday,College GameDay,,,,,,True,,,
7407081913262951723,2024-08-25T10:20:59,24,US,7200,779,75,65600,#FightingIrish. #Aggies. CAN’T WAIT‼️ #collegegameday #cfb ,False,,collegegameday,College GameDay,,,,,,True,,,
7289857716170788138,2023-10-14T12:51:13,42,US,104600,12300,675,1300000,Joel McHale went all out for @Washington Football 😂 #CollegeGameDay #joelmchale #funny #washingtonhuskies ,False,,collegegameday,College GameDay,,,,,,True,,,
7276866137688739115,2023-09-09T12:37:46,56,US,306900,8173,1095,3700000,Lee Corso is going with the Longhorns 🤘 #collegefootball #Texas #Alabama #CollegeGameDay ,False,,collegegameday,College GameDay,,,,,,True,,,
7406678535290572063,2024-08-24T08:16:14,8,US,2299,67,31,31900,#FloridaState and #GeorgiaTech fans showed out at #CollegeGameDay in #Ireland 👏 #cfb ,False,,collegegameday,College GameDay,,,,,,True,,,
7393445287915818271,2024-07-19T16:24:02,57,US,210400,4461,364,1800000,This is too funny 😂 (via @Lee)  #collegefootball #alabama #recruitment #decisionday ,False,,collegegameday,College GameDay,,,,,,True,,,
7398238323006917931,2024-08-01T14:23:16,27,US,25800,577,101,221500,#PatMcAfee had to get up on his chair for this chant 🪑 #collegefootball #alabama #cfb #collegegameday ,False,,collegegameday,College GameDay,,,,,,True,Tuscaloosa,"Tuscaloosa County, Alabama, United States",
7282009308995325226,2023-09-23T09:15:32,61,US,52900,1903,247,442700,#CollegeGameDay’s first road show was in South Bend in 1993 ☘️ #collegefootball #NotreDame #CFB ,False,,collegegameday,College GameDay,,,,,,True,,,
7332988268889525550,2024-02-07T17:20:06,42,US,13200,70,48,181900,Fired up to have #NickSaban as a part of our team next season 👏 #CollegeGameDay #cfb #alabama @Pat McAfee Show Clips ,False,,collegegameday,College GameDay,,,,,,True,,,
7407192409681055007,2024-08-25T17:29:56,7,US,123300,2483,216,684300,First game day fit  #college #gamedsy #fsu #school #outfit ,False,,katelynernst4,Katelyn Ernst,,,,,,False,,,
7409577257485880606,2024-09-01T03:44:46,14,US,13200,227,158,116900,#NotreDame fans are loyal 🙌 #collegestation #cfb #collegefootball,False,,collegegameday,College GameDay,,,,,,True,,,
7308050267403062574,2023-12-02T12:27:38,55,US,928900,51200,4013,12600000,#PatMcAfee had us in the first half 😅 #alabamafootball #rolltide #collegegameday #cfb ,False,,espn,ESPN,,,,,,True,,,
7310614960713895211,2023-12-09T10:20:03,57,US,28200,280,144,239100,#Army and #Navy were going at it on #CollegeGameDay 🗣️ #collegefootball #football #military,False,,collegegameday,College GameDay,,,,,,True,,,
7265688725114473770,2023-08-10T09:43:31,60,US,336000,10200,1015,3100000,One of the greatest atmospheres in #collegefootball 🔥(via GoPSUTV/YT) #pennstate #cfb #chills #lit #psu ,False,,collegegameday,College GameDay,,,,,,True,,,
7409359037864643886,2024-08-31T13:37:18,6,US,18500,175,150,112500,I couldnt see anything… #collegegameday #collegefootball #christianity #evangelist #cfb ,False,,jaredshult,Jared Shult,,,,,,False,,,
7394924067125595423,2024-07-23T16:02:29,20,US,7734,110,34,75200,The dawgs were fired up with Pat 🐶 #collegegameday #football #patmcafee #georgia #georgiabulldogs ,False,,collegegameday,College GameDay,,,,,,True,,,
7319169695062461742,2024-01-01T11:36:48,24,US,1200000,17900,8561,14400000,The fellas loved the #B2 Bomber #flyover on #CollegeGameDay ✈️ #collegefootball #airplane,False,,espn,ESPN,,,,,,True,,,
7408586835049467166,2024-08-29T11:40:51,36,US,1000000,19300,3263,9900000,This was special 👏 @College GameDay #texasaggies #cfb #collegefootball,False,,espn,ESPN,,,,,,True,,,
7259850562571914538,2023-07-25T16:08:13,77,US,217200,18500,2048,2200000,The Human Jukebox never disappoints 🤩 (via danielcardenez/TW) #southernuniversity #humanjukebox #hbcu #marchingband #collegefootball ,False,,collegegameday,College GameDay,,,,,,True,,,
7318580246708718894,2023-12-30T21:29:31,8,US,22200,140,288,832700,#family #georgia #football #collegefootball ,False,,collegegameday,College GameDay,,,,,,True,,,
7301780703828659487,2023-11-15T14:58:57,64,US,123700,19400,15600,2400000,“Wife replaceable”🫣 #jmudukes #tailgate #collegefootball #gameday #espncollegefootball #teeandcharctv ,False,,_charctv,CharcTV,,,,,,False,,,
7322660761329732894,2024-01-10T21:24:13,60,US,1400000,11900,2008,23900000,Hosting a football game day watch party for the college football national championship! My boyfriend is the biggest Michigan Wolverines fan and I wanted to make this watch party extra special for him and his friends ☺️  #footballwatchparty #footballpartyideas #hostingpartytips #partyinspo #collegefootballnationalchampionship #michiganfootball #michiganwolverines #hostingideas #collegegameday,False,,nalae.co,junie,,,,,,False,,,
7408639994945965354,2024-08-29T15:07:05,9,US,261,8,7,5057,Yayayayaya Lets Go Hogs @Evoque @Madison #gameday #arkansas #football #sec #secgameday #gamedayoutfits #secfootball #collegefootball #collegegameday ,False,,psaprockyxoxo11,P$APROCKYXOXO,,,,,,False,Donald W. Reynolds Razorback Stadium,"350 N Razorback Rd, Fayetteville, AR 72701, United States",Fayetteville
7319283053837225258,2024-01-01T18:56:44,6,US,18200,80,135,369000,Will he make his #CFBPlayoff debut? 🤔 #texas #collegefootball #cfb ,False,,collegegameday,College GameDay,,,,,,True,,,
video_id,video_timestamp,video_duration,video_locationcreated,video_diggcount,video_sharecount,video_commentcount,video_playcount,video_description,video_is_ad,video_stickers,author_username,author_name,author_followercount,author_followingcount,author_heartcount,author_videocount,author_diggcount,author_verified,poi_name,poi_address,poi_city
7409642431743905032,2024-09-01T07:57:02,7,PH,124900,23600,121,475800,like hurry up pls #foryou #relatable #fyp #meme #blowthisup #fypシ゚ #30minutes #foryoupage #real ,False,,hajahshs8,shay,,,,,,False,,,
7407227132142751006,2024-08-25T19:44:34,7,US,288300,38700,1082,1500000,im about to irish exit hard #fyp #foryou #30minutes #trend #relatable #real #justgirythings ,False,,callmebyyourcarl,Carly,,,,,,False,,,
7369756759571025159,2024-05-16T20:23:25,1799,AU,349400,16600,4979,9900000,fall asleep in 30 minutes! 😴 #asmr #asmrsleep #asmrtingles #asmrrelax #asmrsounds #jojoasmr #asmrtiktok,False,,jojoasmr,jojo,,,,,,True,,,
7408077248831573280,2024-08-28T02:43:28,7,GB,36300,1886,136,181600,"locking in rn,  also subscribe to my yt channel @etinosa13 while ur all here, link in biooo #alevels #yr13 #yr13 #revision #personalstatement #coursework #esat #sat #ucat #school #year13 #year12 #doyouknowyouhave30minutes",False,,peaceathia,etinosa ⋆.ೃ࿔*:･,,,,,,False,,,
7410266528383290655,2024-09-03T00:19:04,5,US,323,3,2,2685,30 minutes before you single 😂😂 #CapCut #only1ebonyy #viral #contentcreator #hairinfluencer #trend #influencer #trending #youknowyouhave30minutes #loveislanduk #loveisland2024 #fyp #fypage #fypシ゚viral #fyppppppppppppppppppppppp ,False,,only1ebonyy,The pretty pisces 💕,,,,,,False,East Stroudsburg,"Pennsylvania, United States",
7314531971546221857,2023-12-19T23:40:37,1799,DE,24200,5492,1799,1100000,30 Minuten tiktok Video. for Powernap timer  or for learning  30 minuten timer #30min #30minutenvideo #Powernap 30 Minuten lange tiktok Videos.,False,,flostory,Flo Story,,,,,,False,Hamburg,"Hamburg, Hamburg, Germany",
7409992911334444294,2024-09-02T06:37:09,7,NG,5296,54,42,64900,30 minutes too long sef. #fyp #bohobraids ,False,,uateugochi,Ugo:),,,,,,False,,,
7387540043931389230,2024-07-03T18:28:32,67,US,148400,18300,318,2500000,unstuffed pepper bowls 🫶🏼 bound to be a household fave!! #weeknightdinner #healthyweeknightdinner #dinnerfortwo #30minutemeals #30minutesorless #glutenfreerecipes #dairyfree ,False,,jacialisontodd,Alison,,,,,,False,,,
7409326171302759723,2024-08-31T11:29:51,7,US,29200,93,24,356500,I love the attention to detail though but we be STRESSING #fyp #nailsoftiktok #nails💅 #nailsart #longnails #longnailscheck #30minutes #fy #nails ,False,,blairmclurkin,blairmclurkin,,,,,,False,,,
7408374487525133598,2024-08-28T21:56:52,6,US,733700,81900,1848,3500000,definitely worked in less than 30 minutes lol ,False,,goodboyralphh,Moochie Moo,,,,,,False,,,
7410153727526489387,2024-09-02T17:01:08,7,US,3528,27,119,56500,"follow the rule of 30 besties 😉 no drinking 30 minutes before your meal, take 30 minutes to eat, and do drinking for 30 minutes after! #30minutes #wls #bariatric #fitnessjourney ",False,,jenna_bariatricbestie,JENNA 💗 bariatric bestie,,,,,,False,,,
7292501663389142314,2023-10-21T15:51:10,47,US,2400000,20200,1822,29900000,Hair roller tutorial 🎀 results in 30 minutes ,False,,courtneyyantalek,Courtney Antalek,,,,,,False,,,
7370037309917449504,2024-05-17T14:28:56,36,GB,281400,48100,570,5800000,"Day 19 | 30 days of 30 minute dinners 😋 Here’s a one pan delight to round up the week! It’s so full of flavour - you’re going to love it 😄 Enjoy! Chris x CREAMY CHICKEN & CHORIZO | Serves 3-4 INGREDIENTS ➡️CHICKEN 600g / 1.3lb boneless skinless Chicken Thighs (preferably 6 even-sized thighs) 1 1/2 tsp Smoked Paprika 1 tsp Dried Oregano 1/2 tsp EACH: Garlic Powder, Salt 1/4 tsp EACH: Onion Powder, Black Pepper 1/8 - 1/4 tsp Cayenne Pepper 1 tbsp Olive Oil ➡️SAUCE 1 small White Onion 100g / 3.5oz diced Spanish Chorizo* 2 cloves of Garlic 60ml / 1/4 cup Dry White Wine 180ml / 3/4 cup low-salt Chicken Stock 180ml / 3/4 cup Double/Heavy Cream, leave at room temp 20g / 1/4 cup freshly grated Parmesan 1/2 bunch of Fresh Basil (~15g) 175g / 6oz Baby Plum Tomatoes METHOD 1️⃣Coat both sides of the chicken thighs with the seasoning. Add the oil to a large pan over medium-high heat. Once hot, add the thighs and fry both sides until lightly charred and cooked right through the centre (4-5 minutes on each side depending on size). If they start charring too aggressively just lower the heat slightly. Remove and place on a plate to one side. Lower the heat to medium. 2️⃣During this time finely dice the onion and garlic, then halve the tomatoes and roughly dice the basil. If you need to grate the parmesan, make the stock and dice the chorizo do this now too, although if you run out of time you can do this whilst the onion is frying (next step). 3️⃣Add the onion to the leftover fat in the pan and fry until it begins to soften. Add the chorizo and fry for 2 minutes, then add the garlic and fry for 30 seconds. Pour in the wine then raise the heat and bring to a rapid simmer. Cook for around 2 minutes until it almost completely evaporates. Lower the heat slightly. 4️⃣Add the stock, cream and parmesan and give it a really good stir to blend everything. Simmer fairly rapidly for 3-4 minutes until the sauce thickens, stirring frequently. Add the tomatoes, basil and the resting juices from the chicken and gently simmer for a couple of minutes until the tomatoes begin to soften. 5️⃣Turn the heat to low, add the chicken back and spoon over the sauce for a minute or so to warm it through. Serve and enjoy! *I buy this already diced into small cubes. If you can only find whole chorizo that's fine, just dice it up nice and small. I recommend this over larger chunks so it gets more evenly distributed, instead of large chunks here and there. **Here I've served with orzo and some rocket. If you want to serve with orzo I recommend 100g/1/2 cup per person (dry weight). Once cooked, I just mix in a splash of cooking water, a drizzle of extra virgin olive oil and a good squeeze of lemon juice. Rice could also work, or anything to mop up that yummy rich sauce!",False,,dontgobaconmyheart_,Chris Collins,,,,,,False,,,
7340768302936968479,2024-02-28T16:30:55,22,US,865000,51500,21800,5200000,It really be a celebration of life 😂 #foryou #fyp ,False,,jonathanbynoe,Jonathan Bynoe,,,,,,False,,,
7402944065186057504,2024-08-14T06:43:58,19,GB,175200,23700,1289,2100000,30 minutes after they bury you…,False,,thesunnahguy,The Sunnah Guy - Film Maker,,,,,,False,,,
7410140351916215558,2024-09-02T16:09:18,6,JM,1226,13,16,5863,Plus tomorrow isn’t guaranteed 😭 #30minutes ,False,,q_pebbles,Q_Pebbles,,,,,,False,,,
7410035141029940513,2024-09-02T09:22:57,7,GB,1753,40,175,26100,don’t make us late 🙄 #ryanair ,False,,ryanair,Ryanair,,,,,,True,,,
7410421118202383648,2024-09-03T10:18:48,7,GB,359,2,6,5721,@SSC Napoli we still love the shirts 💙 #napoli #30minutes #fyp,False,,classicfootballshirts_,Classic Football Shirts,,,,,,True,,,
7410421820215708974,2024-09-03T10:21:29,6,IT,93,0,7,1147,If its not doing numbers in 30 minutes it’s never going to x ,False,,maddbrown,Maddison Brown,,,,,,False,,,
7410286636094836000,2024-09-03T01:37:09,9,PL,1985,65,4,13400,,False,,sarasz0n,sarka,,,,,,False,,,
7332493801220607265,2024-02-06T09:20:58,13,NL,3300000,75900,11000,16000000,Only 30 minutes from Amsterdam 🍃🌷✨ #fyp #tulipgardens #spring #amsterdam #keukenhof #thenetherlands #holland #tulips #tulipfields #tiktoktravel ,False,,bodiek,bodiek,,,,,,False,Netherlands,Europe,
7393151666968644894,2024-07-18T21:24:33,123,US,39900,9790,760,713600,"I present to you, my favorite dinner. My poor husband is sick of it because I make it OFTEN 🤣 sorry babe, its quick easy & delish #onepanmeal #dinner #chicken #bruschetta #italian #easyitalian #easydinner #dinnerrecipe #recipe #30minutemeals #fyp ",False,,elizabethmaclay,Elizabeth,,,,,,False,,,
7409926301655633169,2024-09-02T02:18:46,21,AU,3565,265,12,70900,roasted sweet potato & chickpea salad ✨ Ingredients: 1 can of chickpeas 1 medium sweet potato Olive oil Seasonings of choice - roast in the oven for 30 minutes at 180°C Dressing: 3 heaped tbsp Greek yoghurt 2tbsp dijon mustard 2tbsp honey 1/2tbsp minced garlic Salt/pepper Chives Shallots Coriander - Combine all ingredients for the dressing in a large salad bowl. Add in the roasted sweet potato and chickpeas. Gently mix and enjoy! #saladrecipe #saladsoftiktok #saladrecipes #healthysaladrecipes #sidedishrecipe #sidedish #saladideas #saladlover #sidesalad ,False,,kizactivelife,Kirrily,,,,,,False,,,
7379747419031883050,2024-06-12T18:29:06,69,US,49200,4480,156,955900,honey bbq chicken meatballs #30minutemeals #healthyweeknightdinner #healthydinner #healthy #dinnerideas ,False,,jacialisontodd,Alison,,,,,,False,,,
7287347830694464811,2023-10-07T18:31:39,15,US,2707,119,18,202000,Day 1 of 30 minutes on the stairmaster for 30 days! Follow along for results 🔥 #gymtok #gymtransformation #glutetransformation #cutting #diet #fyp ,False,,vcurvi,V Curvi,,,,,,False,,,
7273102858663333122,2023-08-30T09:13:46,600,US,1497,331,158,86300,ok #timer #time #fyp #fypシ #rec #recommendations ,False,,lizpikvkletke,смотреть ответы (3) ⋁,,,,,,False,,,
7402201270326529312,2024-08-12T06:41:34,8,FR,108800,17400,742,304200,we walked for 30 minutes so she could sit next to nanami 🗿 #jujustukaisen #nanami #nanamikento #fyppppppppppppppppppppppp #fypシ゚viral #viraltiktok #anime #jujutsukaisenedit ,False,,softbunnyely,Ely 🫧✨,,,,,,False,,,
7401210394708086023,2024-08-09T14:36:25,47,LB,360000,11500,3058,10200000,"Chocolate Blueberry cheesecake bites 🫐🤤 For the filling mix : 1 cup whipping cream + half cup powdered sugar+ 220 grams cream cheese  Add over blueberries and mix  Scoop 1 tbsp of the cheesecake mixture over a biscuit and place another biscuit on top.  Freeze for 1 hour and dip in melted chocolate, let it cool in fridge for 30 minutes, enjoyyy🫶   للحشوة منخفق:  كوب كريمة خفق + ٢٢٠ غرام جبن كريمي + ١/٢ كوب سكر بودرة  تيتماسك الخليط منضيف عليه بلو بريز (توت ازرق ) او بتقدرو تضيفو فراولة مقطعة 🍓منخلطهم ومناخذ شوي من الخليط ومنزلها عبسكويت،  ومنرجع منضيف طبقة ثانية من البسكويت  مندخلهم عالثلاجة ساعة  تيجمدو  بعدها منغطسهم ب شوكولا مذوبة  ومنخليهم عورق زبدة في البراد تيجمد الشوكولا، منقدمهم وصحتيين💕  . #abirzkitchen #blueberry #easyrecipe ",False,,abir.sag,Abir el saghir,,,,,,True,,,
7319708799269457195,2024-01-02T22:28:58,7,US,991700,41900,2866,7400000,just 30 minutes from Seattle tucked away in the woods #treehouse #washington #travel #cabin #getaway #rainydays #forest #pnw #glamping ,False,,treehouse_point,Treehouse Point,,,,,,False,Washington,United States,
7410058574782680352,2024-09-02T10:51:57,29,PL,6516,96,60,52600,Zaobserwuj wbijamy 600k🫶🙏,False,,klichuuuu,klichu ig:klichuuuu,,,,,,False,,,
7395232876687641898,2024-07-24T12:00:37,48,US,185100,15700,435,2300000,"Three Cup Chicken Ingredients * 2 lbs skin-on chicken thighs * 3 tbsp+1 tsp sesame oil * 4-5 slices ginger * 15-20 cloves garlic * 3-4 Thai chilies * 1/3 cup Shaoxing wine * 3 tbsp light soy sauce * 1 tbsp thick dark soy sauce * 2 tbsp rock sugar * 1 handful Thai basil Instructions 1. Slice chicken thigh into bite-sized pieces. 2. Heat 3 tbsp of sesame oil in a wok on medium heat and stir-fry ginger, garlic, and chilies until fragrant(1-2 minutes). 3. Add chicken into wok and cook until lightly browned(4-5 minutes). 4. Add Shaoxing wine, light soy sauce, thick dark soy sauce, and rock sugar. Turn flame to medium low and simmer with the lid on for 10-15 minutes. 5. Remove the lid and raise the heat to medium high. Stir until the sauce has slightly thickened. 6. Turn the heat off, finish with 1 tsp sesame oil and a handful of Thai basil. 7. Serve with hot rice and enjoy. #sanbeiji #threecupchicken #chicken #30minutemeals #cooking #recipe #food #foodie #recipevideo #cookingvideo #easyrecipe #easyrecipes #easyrecipeideas #quickrecipe #quickrecipes #quickrecipeideas #recipetutorial #cookingtutorial ",False,,derekkchen,Derek Chen,,,,,,False,,,
7410087561378467103,2024-09-02T12:44:28,7,US,809,3,3,16000,"One pan chicken and rice is one of our FAVORITE meals and is so easy to make - Recipe:  Fry your onions until translucent Add in 1lb chicken thighs and brown on both sides seasoning with salt, pepper, garlic powder, cumin, paprika, coriander, cardamom, and optionally cayenne/red chili flakes.  Once chicken is mostly cooked, add in 1 cup of washed basmati rice. Pour over 1.5 cups of chicken broth or water mixed with chicken bouillon. Optional to add one large tomato. Bring to a boil then cut heat to low.  Cover and let it cook until rice is fully cooked and water is evaporated.   Enjoy!! #o#onepanchickenc#chickenandrice",False,,foodiefriendamanda,Amanda,,,,,,False,,,
7410421166298500384,2024-09-03T10:19:01,5,UA,128,12,5,9571,funny videos #foryou🌍🐱 #foryou🌍😹  #funny😹🌍  #funnyvideos❗ #fyp🌍🐱  #funnyvideos✴️ #viral🌍🐱  #funny🐱🐶🦝🦊 #cat🐱🌍  #funny🌍🐱 #foryou🌍🦊  #funnyvideos🌍🐱🐶 #dog🌍🐶 #animals🌍✅ #trend🌍Ⓜ️ #pet🌍✅ #pets🌍  #foryou😹😂🌍 #foryou🌍😂✅😹 #fyp🌍😹 #viral🌍😹 #tiktok🌍😂 #foryou😹🌍 #funnyvideos🌍😂 #funnyvideos😂🌍😹 #funnyvideos🐈🌍😹😂  #foryoupage🌍😂😹  #foryou🌍😂😹 #funny🌍😹 #funnyvideos🌐 #funnyvideos😂🤣🌏  #funnyvideos🤣🌏  #funnyvideos😂🌏  #funny🤣🌏 #foryou🤣🌏  #foryou😂🌏 #foryouⓂ️ #funnyⓂ️ #viralⓂ️ #fypⓂ️  #funnyvideosⓂ️ #catⓂ️ #dogⓂ️ #petⓂ️ #petsⓂ️ #funnyvideos #foryou #viral #fyp #fypシ゚   #funny #pet #pets #tiktok  #animals   funnnyviiideos   funyvideos funy video funy aniMals hilarious clips funny cats dogs animals short videos today worldfune  funnycompilations cats dogs funny animals on tiktok funny cat dog compilations cute cat dogs tiktokfune funnycompilatio how to the vild animals wild funny videos of 2024 all time beast of all time video most view popular video hahah Haha смишно подборка pet cani pet draw приколи 30 minutes videos #funny #funnyvodeos #animals #cat #dog #foryou  #foryoupage #fyp #fypシ゚ #viral #viralvideo #viraltiktok #funexd #foryoufunexd #worldsmilefune #short #tiktok #funnycompilationn #lol #funnycat #funnydog #pet #pets #catsoftiktok #dogsoftiktok #kitchen #kitty #kittensoftiktok #tiktok #cute #cutecat #cutedog #cutecatdog😂  #funnycompilatio #tiktokvideosfune  #funexdforyou #funnycompilation  #funyvideocompilation  #wild #wildlife #wildanimals  #laught #funelaught #funnymoments #how #howto #the #world #fune #haha #hahaha #смишно #подборка #смишноподборка #comedyvideos #comedyvideo #comedyvideo #comedy_category_mu #comedy #today #meme #memes #memestiktok #today #for #foryoupage #foryoupageofficiall #cat #cats #catsoftiktok #animal #animalsoftiktok #pet #pets #petsoftiktok #petsoftiktok #fyp #fypシ゚ #funnyvideo #funnyvideos #animal #orangecat #funny #foryou #blackat  #funny🌍😂  #funnyvideos😂🌍  #animals🌍😂  #cat😂🌍  #dog😂🌍  #foryou😂🌍🌎  #foryoupage😂🌍🌎  #fyp😂Ⓜ️  #fypシ゚🤣🌎  #viral🤣🌎🌍   #viralvideo🤣🌍  #viraltiktok🤣🌎  #funexd #foryoufunexd #worldsmilefune #short🌎  #tiktok🌎🤣  #funnycompilationn🤣  #lol🤣🌎  #funnycat🤣🌎  #funnydog🌍  #pet🌎🤣  #pets🌎  #catsoftiktok🌎  #dogsoftiktok🌎🤣  #kitchen🌎  #kitty🌎🤣  #kittensoftiktok🌎  #tiktok🌎🤣  #cute🤣🌎  #cutecat🌎  #cutedog🤣🌍  #funexd😺👊🌈🧡 #funexdnwweffect #tiktokvideosfune #funexdforyou #funnycompilation🤣🌍  #funnycompilatio🤣  #funeffect #funeefect #funyvideocompilation🤣  #wild🌎🤣  #wildlife🌎  #wildanimals🌍  #laugh🌎  #funelauhgt🤣  #funnymoments🌎  #how🌍  #howto🌎  #the😂🌍  #world🌍Ⓜ️  #fune🤣😂🌎  #haha🤣😂😅🌍  #hahaha🌍😋  #смишно🤣🌎  #подборка🌎  #смишноподборка🌎  #comedyvideo🌎  #comedy🌍🌎  #today🌍🌎  #meme🌎✅  #for🌍✅  #foryoupageofficiall🌍✅  #cat🌍✅  #cats🌍✅  #catsoftiktok🌍✅  #animals🌍✅❗  #pet🌍✅Ⓜ️  #pets🌍✅  #PetsOfTikTok🌍  #fyp🌍✅  #fypツ🌎✅  #funnyvideo✅🌍  #funnyvideos✅😅  #animal✅😅  #orangecat✅😅  #funny😅✅  #foryou✅😋  #blackcat✅Ⓜ️  #Live🌍❤️✅ #live✅🌍 ,False,,funny.videos.1st,FunnyVideos,,,,,,False,,,
7395234219716332830,2024-07-24T12:05:53,25,US,10600,1161,8,186700,#creatorsearchinsights I haven’t made this in so long & honestly I dont know why I havent because its sooo bomb!!! #cooking #explorepage #easyrecipes #easymeals #cookingathome #30minutemeals #30minuterecipes #quickrecipes #sausagepasta #cajunpasta ,False,,aelencooks,Aelen  🤍,,,,,,False,,,
video_id,video_timestamp,video_duration,video_locationcreated,video_diggcount,video_sharecount,video_commentcount,video_playcount,video_description,video_is_ad,video_stickers,author_username,author_name,author_followercount,author_followingcount,author_heartcount,author_videocount,author_diggcount,author_verified,poi_name,poi_address,poi_city
7406743018499312942,2024-08-24T12:25:50,6,US,32300,2747,412,322700,Frm yesterday #viral #fy #foryou #foryoupage #zesty #highschoolfootball #footballszn #footballseason #fridaynightlights #fnl #fyppppppppppppppppppppppp #trend @p pusha @jayy @no heart ,False,,calovesjae,1%,,,,,,False,San Luis Obispo,"San Luis Obispo, United States",
7408172788260867370,2024-08-28T08:54:06,14,US,27100,9058,327,155100,Don’t miss yall chance this football season 🤣 #fyp #footballseason #contentcreators #tailgateszn #fypシ゚viral ,False,,ange1b,angelB🦋,,,,,,False,Inner Peace,"708 Walnut St, Cincinnati, United States",Cincinnati
7406420632134716718,2024-08-23T15:34:53,37,US,74000,7082,280,461000,Custom Photo Football Girlfriend Tee ❤️💙❤️💙 #3bratzcreations #footballgirlfriend #customtees #footballtiktok #footballseason #foryou ,False,,3bratz_creations,3Bratz Creations 👕✨,,,,,,False,,,
7409782723302182174,2024-09-01T17:01:34,91,US,10200,281,217,73500,My wife dont play with the chancla!😔😂 #footballseason #atlantafalcons #comedy #marriedlife #couples #fyp IB: @Phoebe & Dan ,False,,thekelleyfamily,The Kelley Family,,,,,,False,,,
7408300736070634783,2024-08-28T17:10:42,60,US,98000,7986,516,508900,One more week till the NFL returns 👀 #nfl #football #edit #hype #2024nflseason #nflweek1 #fyp #viral #xybca ,False,,drakemayelover1,Drake Maye Lover,,,,,,False,,,
7409057909419592991,2024-08-30T18:08:53,7,US,8701,1058,109,431400,My favorite player 🖤 #capcut #footballplayer #fyp #footballseason #trending #boymama #foryoupage #myheart #momlife #CapCut ,False,,nicolehealyhoyt,Nicole Healy-Hoyt,,,,,,False,,,
7410208339054906655,2024-09-02T20:33:09,84,US,261,0,15,3243,"I was an All-American TE in college, now I’m looking for the team with the best TE room in college football this season. #cfb #collegefootball #collegefootballtiktok #collegefootballrecruiting ",False,,adambreneman81,Adam Breneman,,,,,,True,,,
7409883555045657886,2024-09-01T23:32:50,10,US,741,37,52,45500,FIVE STRAIGHT season-opening losses for LSU 😭 #Football #College #LSU #USC #Sports #BrianKelly ,False,,fanduel,FanDuel,,,,,,True,,,
7397203728559820063,2024-07-29T19:28:37,28,US,161600,6227,488,1100000,Whole squad HYPED. 😤🔥 (via @Ben Tenuta) #football #footballseason #footballteam #hyped ,False,,houseofhighlights,House of Highlights,,,,,,True,,,
7409701909604388127,2024-09-01T11:47:58,11,US,4929,159,32,54500,Just tryna play ball⚡️😭#fyp #football #viral #famous #trending #fridaynightlights #footballseason #bentenuta ,False,,bentenuta,Ben Tenuta,,,,,,False,,,
7277255614504406318,2023-09-10T13:48:39,10,US,158000,1777,167,2400000,nothing better 🥰🥰 #collegefootball #footballgirlfriend #boyfriend #collegecouple #footballseason #fresnostatefootball #fresnostate #godogs ,False,,g_chiaramonte,G Chiaramonte,,,,,,False,Bulldog Stadium,"Fresno, California, United States",Fresno
7409288354698759455,2024-08-31T09:03:27,11,US,23600,7171,120,320000,"DIY football season cookie cake! 🏈🤎Football season is here! Who is ready for crisp fall days, football , and cozy snacks. 😍  This cookie cake is so easy to make and perfect for football season!  Press sugar cookie dough into a cheesecake pan. Then top it with football sugar cookie dough. Bake until it looks done.. lol Then pipe icing around the edges and top with sprinkles. That’s it 😍🏈 #fallfood #fallrecipes #fallbaking #footballsnacks #gamedaysnacks #gamedayfood #gamedayrecipes #footballseason #footballparty #footballfood",False,,ourwintonhome,Morgan Winton,,,,,,False,,,
7409748283695877407,2024-09-01T14:47:55,7,US,29700,802,185,128900,It’s nothing like it! #football #viral #blowthisup #fyp #terrionarnold ,False,,terrionarnold,Terrion Arnold,,,,,,False,,,
7394259537328409898,2024-07-21T21:03:34,10,US,285900,74100,837,1900000,are you ready to sleep through football on a crisp autumn night 🍂🤎 #footballseason #halloweentok #falltok #fallmood #cozyvibes #cozyathome #cozyfallvibes #fallaesthetic #fallnight #halloween2024 #fall2024 #autumnvibes #autumnaesthetic ,False,,jessiecostantino,jessie,,,,,,False,,,
7404163458423393579,2024-08-17T13:35:51,6,US,6057,300,7,28500,missed it #fyp #footballseason #school #viral #girls #cheer #relatable ,False,,username293839404302,till,,,,,,False,,,
7399661374768500010,2024-08-05T10:25:31,18,US,27000,272,116,370800,7 accessories football players like to have🏈 #football #footballplayer #accessories #footballseason #wantaghny #longisland #foryoupage ,False,,lifestylessports,lifestylessports,,,,,,False,Long Island,"New York, USA",Commack
7405349222863654186,2024-08-20T18:17:12,68,US,5903,343,34,1200000,kicking off football season with my first ever snack stadium! 🏈🍴 #SamsPartner you don’t need to spend weeks planning your game day hosting when you can find everything at @Sam’s Club (at an amazing value!) right before kickoff 📣 what team are you cheering on?! #SamsClub #MembersMark #footballseason #gamedayfood #collegegameday #snackstadium #hosting,True,,morganlyates,Morgan Yates,,,,,,False,,,
7406531132503821614,2024-08-23T22:43:37,9,US,38100,1949,124,180900,Scrimmage today😱Were so excited for season!!! #football #sportsmedicine #fyp #sports #watergirls #school #sillygooses ,False,,grhs_sportsmed,GRHS_SportsMed,,,,,,False,,,
7410245207326870830,2024-09-02T22:56:06,6,US,78,0,2,519,Lucky if i make it to halftime #footballseason #collegefootball ,False,,taylorpoole.96,Taylor,,,,,,False,,,
7391581274848185646,2024-07-14T15:50:34,62,US,200300,20300,739,1300000,EVERYONE has been in this situation during football season #football #nfl #comedy #sports #sketch #collegefootball ,False,,cookthebookbets,Cook The Book,,,,,,False,,,
7313669763358608682,2023-12-17T15:54:11,7,US,1200000,4416,1053,9800000,see you after the game zaddy 😏 #fyp #footballseason ,False,,caroesteph,Carolyn Moore,,,,,,True,,,
7394862685411724586,2024-07-23T12:04:09,13,US,190900,31700,3198,1400000,Season around that corner ladies🤗                    #football #girlfriend #fypシ゚viral #viral #basket #gift #boyfriend #footballbasket #yuzu_ #airforce #footballgirlfriend #college ,False,,psmbl_,Jenal <3,,,,,,False,Atlanta,"Georgia, United States",
7349368756679920942,2024-03-22T21:44:45,6,US,139400,873,311,945600,"sorry yung , catch next decade i gotchu 🤞🏾🤞🏾 #deshawnstewartjr #foryou #d1 #real #footballtiktok #viral #trend #footballseason ",False,,deshawnstewartjr,DS2 🏟️,,,,,,False,,,
7410169164234591495,2024-09-02T18:01:13,18,EG,173,1,1,1720,لما تعرف ان الشخص الي بيتكلم عليك واقف جون 😂⚽️#fyp #footballplayer #football #footballboots #footballtiktok #footballcleats #footballseason #footballnews #footballtraining #following #follow #footballvideo #viralpost #viral #followerstiktok #footballgame #footballskills #,False,,ahmeddbaba02,fitness coach dbaba,,,,,,False,El Shekh Zayed,"Giza, Egypt",Shiekh Zayed
7316119508073090336,2024-01-01T07:40:00,7,GB,894800,11100,3853,15600000,He accidentally scored the goal of the season 😂 (🎥 - IG / @kvkavelgemofficial @jens.verhellen) #90min  #unrealgoal  #topfootballskills #goaloftheseason,False,,90min,90min,,,,,,True,,,
7380112887542467882,2024-06-13T18:07:18,20,US,310800,8654,864,4500000,NFL Season is the best season #nfl #nflwife #football #evanengram #jacksonvillejaguars ,False,,emilyengram,Emily Engram,,,,,,False,,,
7398249795485289770,2024-08-01T15:07:48,8,US,85300,13800,378,944500,Brb finna go find me a man with a roster number🤩  @Kendra Scott #fyp #foryoupage #kendrascott #kendrascottjewerly #footballseason #footballtiktok #footballgirlfriend #athletegirlfriend  #foryou #sportstiktok #sports ,False,,sloanylondon,S L ☻︎ A N  L O N D O N,,,,,,False,Dallas,"Texas, United States",
7392988526171720992,2024-07-18T10:51:35,10,IE,7276,363,33,51800,All or nothing💆🏻‍♂️#foryoupage #football #footballers #foryou #viral #viralvideo #real #season #fypviral #fyp ,False,,cduffy101,CD_10,,,,,,False,,,
7395905923799076129,2024-07-26T07:32:24,13,NL,11500,671,197,3900000,Adidas f50>>>😍#cleats #newseason #boots #baller #footballtiktok ,False,,tygo.ve,tygo.ve,,,,,,False,,,
7401174872338255137,2024-08-09T12:18:35,20,KZ,239900,7040,720,3000000,Coldest celebration of the season #colepalmer #palmer #coldpalmer #chelsea #footballedit #aftereffects #edit #colepalmeredit ,False,,galla.ftbl,𝙜𝙖𝙡𝙡𝙖 ❆,,,,,,False,,,
7372977892529147141,2024-05-25T12:39:52,11,ZA,52100,338,64,713200,Wrapping the 2023/24 season in style.😶‍🌫️ #kwenzakalani #foryou #fypシ゚viral #fyp #trend #football #witsfootballclub ,False,,k_mokoena19,K_Mokoena19,,,,,,False,Wits Sturrock Park,"Gauteng, South Africa",Johannesburg
7404544192757648646,2024-08-18T14:13:15,18,MZ,1,0,0,16,EU TOMANDO BANHO 🍀💐🐎🐴😁😁,False,,mozsorrizo,Football season,,,,,,False,,,
7046784811012197637,2021-12-28T11:04:04,15,IE,2,0,3,575,#fyp #football #premierleague #daviddegea #manchesterunited #Footballseason,False,,footballseasonsuuuii,FootballSeason,,,,,,False,,,
video_id,video_timestamp,video_duration,video_locationcreated,video_diggcount,video_sharecount,video_commentcount,video_playcount,video_description,video_is_ad,video_stickers,author_username,author_name,author_followercount,author_followingcount,author_heartcount,author_videocount,author_diggcount,author_verified,poi_name,poi_address,poi_city
7409371748065381675,2024-08-31T14:26:40,16,GB,210600,7420,1399,5700000,"Rapper Fatman Scoop has passed away aged 53 after suffering a medical emergency on stage on Friday. The artist, real name Isaac Freeman III, collapsed on stage in Hamden Town Center Park, Connecticut, and was rushed to the hospital. Screams rang out at his final show as the famous hype man was seen struggling as he climbed onto a platform before disappearing from view, as medics raced to revive him. His tour manager announced his passing on Saturday, saying he was 'lost for words.' #fatmanscoop #rip #music #legend #news #restinparadise ",False,,dailymail,Daily Mail,,,,,,True,,,
7409387022697237792,2024-08-31T15:25:57,52,DE,37600,3538,508,828100,R.I.P. Fatman Scoop 🥲 It was a great time 🙏 #fatmanscoop #rip #2000s #viral #foryoupage #tb ,False,,djskooz,SKOOZ,,,,,,False,,,
7409683370868804897,2024-09-01T10:35:58,65,GB,448,159,29,54200,R.I.P 🕊️ FatManScoop Last performance Had An Emergency Situation On Stage #fatmanscoop #rip #lastperformance ,False,,hiphopinyofacetv,HipHopInYoFaceTV,,,,,,False,,,
7409332781999820078,2024-08-31T11:55:28,12,GB,143800,14200,1315,2300000,"Rapper Fatman Scoop passes away after collapsing on stage Friday.  His tour manager confirmed the news today, saying he was ""lost for words.""   🎥CHANNEL 5 / BIG BROTHER UK #rip #fatmanscoop #restinparadise #breakingnews #gonebutneverforgotten ",False,,dailymail,Daily Mail,,,,,,True,,,
7409411962297257259,2024-08-31T17:02:41,39,US,229,7,11,11700,I have had the pleasure of working with Fatman Scoop and am saddened by his passing at only 53 last night. He was a powerful performer as evidenced by this behind-the-scenes video of a fitness event for my TV show. Working with friends who bring such enthusiasm to their craft is uplifting. His exuberance for life was infectious and will be missed. ,False,,dr_oz,Dr. Oz,,,,,,True,,,
7409294194268835103,2024-08-31T09:26:03,21,US,3404,4536,208,247300,Rip to the legendary #Fatmanscoop 🙏🏿🙏🏿🙏🏿🙏🏿 who passed away in hamden ct last night preforming on stage..🥺🥺🥺 my condolences to him and his family #pov #fyp #hamdenct @Fatman Scoop sad day ,False,,donfox_bigaveil,SpardakissDaDon,,,,,,False,,,
7409371953762422048,2024-08-31T14:27:26,39,GB,1548,1391,86,189500,can't believe it 😭 #fatmanscoop #sosad #riplegends #flyhigh #takentooyoung ,False,,generallifeandnews,laura⚘️🪻🌷,,,,,,False,,,
7409745645260508449,2024-09-01T14:37:32,59,VN,248,30,7,7955,Another Club Banger from the hip hop icon #ittakesscoop  @odds&sodds  #fatmanscoop #rip #clubbanger #90s #hiphop #songs #lyrics #live #performance #singalongifyouknowthesong ,False,,oddssodds,odds&sodds,,,,,,False,,,
7409439056083438880,2024-08-31T18:47:53,58,VN,11900,1744,330,215600,Club banger since 1997 #fatmanscoop #putyourhandsup #rip #banger #club #lyrics #songs #hits #superhit #1997 ,False,,oddssodds,odds&sodds,,,,,,False,,,
7409573852201635104,2024-09-01T03:30:58,10,GB,113800,5574,140,934100,The way i was meant to see him perform again in September 🥲#fatmanscoop #rip ,False,,ameliagraceejonesss,Amelia Grace,,,,,,False,,,
7409509292136615176,2024-08-31T23:20:27,10,AU,1067,14,28,85100,"RIP to my mentor, my inspiration, my big brother! No one did it like you! 💔🙏🕊️ #fatmanscoop #fyp #dj",False,,yomafia_,YO! MAFIA,,,,,,False,,,
7409402893553552686,2024-08-31T16:27:31,21,US,141,194,5,27200,Fatma  Scoop s final words are iconic #fatman #fatmanscoop #fatmanfalling #fatmanscoopcollepse #fatmanspeaks ,False,,liliansworld2022,liliansworld2022,,,,,,False,,,
7410073883715423521,2024-09-02T11:51:21,21,GB,58,73,1,13800,WATCH: The terrifying moment rapper Fatman Scoop collapses onstage at his concert in Connecticut on August 30th. He died later that day.  #fatmanscoop #rip #celebrity #lastmoments #tiktok #fyp ,False,,mazesmagazine,MAZE,,,,,,False,,,
7409316251488488737,2024-08-31T10:55:38,58,GB,13200,4625,286,835000,"Rapper and hype man Fatman Scoop, whose real name was Isaac Freeman III, has tragically passed away at the age of 53. The artist collapsed on stage during a performance at Hamden Town Center Park in Connecticut on Friday. Despite immediate medical attention, Freeman could not be revived and was later pronounced dead at the hospital. The news was confirmed by his tour manager on Saturday morning, who expressed deep sorrow over Freeman’s passing. DJ and producer Birch Michael, who managed Freeman, shared the heartbreaking news on social media, stating, ""You took me all over the world and had me performing alongside you on some of the biggest and greatest stages on this planet. The things you taught me have truly made me the man I am today."" Fatman Scoop was known for his booming voice and energetic performances, earning three Grammy Awards throughout his career. In recent years, he had also ventured into podcasting and reality TV, including an appearance on Channel 5's ""Celebrity Big Brother: UK vs USA."" #FatmanScoop",False,,thepakistaniindex,Pakistani Index,,,,,,False,,,
7409702252912381217,2024-09-01T11:49:10,60,DE,2407,238,50,39200,#fatmanscoop #ruheinfrieden #hiphop #star #savethelastdance #hiphopfilm #allnightlong #2001 ,False,,bine__86,Team_Erinnerung🩷,,,,,,False,,,
7409753716946996512,2024-09-01T15:08:56,30,GB,272,141,15,52000,Final words of fatman scoop rest in peace #CapCut #footage #fatmanscoop #restinpeaceangel #rip #rapper #sad #finalmoments ,False,,clive.reports,News Reports 24/7,,,,,,False,United States,North America,
7409418500072017185,2024-08-31T17:28:02,34,ES,58700,7696,1126,918300,#hiphop #fatmanscoop #rip #nostalgic #streetmusic #urbanmusic #oldschool #blackmusic ,False,,bigdaddysoul,⚜️ Nostalgic Black Music ⚜️,,,,,,False,,,
7409340143766687018,2024-08-31T12:24:01,8,US,2747,51,95,64500,Don’t even know what to say. Another terrible loss for Hip-Hop. Man could light up a room the same way he could take a song to the next level. This video of him and Treach hugging is just from Mister Cee’s homegoing service in April. Condolences to his family and loved ones. #FATMANSCOOPFOREVER🕊️🕊️🕊️ 🎥: @Jake Rohn882 ,False,,rockthebells,RockTheBells,,,,,,True,,,
7410322828282563846,2024-09-03T03:57:29,58,ZA,57,1,0,1300,R.I.P 💔 Fatman Scoop. ,False,,globaldancesupreme,Global Dance Supreme,,,,,,True,,,
7409460184587717931,2024-08-31T20:09:48,21,US,2791,3369,126,317500,"#foryou #fatmanscoop #fyp  Fatman Scoop, known to many as the ""undisputed voice of the club,"" died after reportedly collapsing during a concert Friday night in Connecticut. His family confirmed his death in an Instagram post on Saturday. He was 53.",False,,higherself206,Ayodele Olowo idi,,,,,,False,,,
7409367547742539041,2024-08-31T14:10:21,62,GB,416,86,33,42900,"Breaking News : R.I.P Fatman Scoop.  R.I.P Fatman Scoop.               The music world mourns the loss of one of its brightest stars. Renowned rapper Freeman, known for his deep, roaring vocal presence and magnetic stage personality, passed away at the age of 52. His manager, DJ, and producer Birch Michael, announced the heartbreaking news on social media, and soon after, Freeman's family released a touching statement.   #breakingnews #fatmanscoopcollapses #ripfatmanscoop #fyp ",False,,officialmamacita_,OfficialMamacita_,,,,,,False,Hamden,"Connecticut, United States",
7409699944518520097,2024-09-01T11:40:14,20,MQ,476,208,20,70300,"aux proches de @fatmanscoop 🙏🏼🕊️.  Le rappeur, célèbre pour son emblématique cri de ralliement « make some noise », nous a quittés ce Samedi 31 août sur scène, à l’âge de 53 ans.  Tandis que le monde de la musique pleure sa disparition, des icônes telles que Missy Elliott et Ciara ont exprimé leur admiration pour son impact durable.   #RIPFatmanScoop #HipHopLegend #hiphopnews #hiphop #fatmanscoop #makesomenoise #actusantilles97",False,,actus_antilles97,Actus Antilles/Reunion 97,,,,,,False,,,
7410355326144236805,2024-09-03T06:03:34,58,DE,5,2,0,234,#ripfatmanscoop #fatmanscoop #hiphop ,False,,achiever2019,Luna Cee,,,,,,False,,,
7214228325407984938,2023-03-24T17:30:31,59,US,339,27,9,10000,"The Story Behind ""Lose Control"" And My Favorite Video I Have Ever Done! #ᴛʙᴛ  #fatmanscoop #missyelliott #ciara #beyonce ",False,,fatmanscoop,Fatman Scoop,,,,,,True,,,
7398236415215013151,2024-08-01T14:15:54,31,US,377,7,190,73800,,False,,fatmanscoop,Fatman Scoop,,,,,,True,,,
7325542600113409323,2024-01-18T15:47:05,60,US,552,10,30,58000,What A 33 Hour Trip From Australia To Nee Yourk Feels Like!,False,,fatmanscoop,Fatman Scoop,,,,,,True,,,
7305303912024689952,2023-11-25T02:50:24,36,DE,7452,574,109,154000,"Fatman Scoop,Anthem Kingz #fatmanscoop #anthemkingz #remix #mix #rmx #hypeman #dj #djs #partybreaks #partytime #entertainer #miccheck #club #disco #promoter #radiopersonality #rap #hiphop #dance #electro #av8records #loudvoice #blackmusic4life #follow ",False,,blackmusic4life,𝐁𝐥𝐚𝐜𝐤𝐌𝐮𝐬𝐢𝐜𝟒𝐋𝐢𝐟𝐞,,,,,,False,,,
7409323792108981535,2024-08-31T11:20:42,194,US,1855,254,103,54800,"Last night was truly unreal. I got to see one of my favorite artists  perform and witness his last concert.. 🥺☹️ Fat Man Scoop, you literally gave us your all last night. We appreciate you spending your moments with us and everything you gave to the community. God, thank you for gifting us with his behaiful life and love for others. I pray for your family during this hard time, because it is never easy losing a loved one 😢💔@Fatman Scoop  #fatmanscoop #love #hiphop #legend #legendsneverdie #life ",False,,welcometothewatleys,Alicia 🥂💕,,,,,,False,,,
7409452243352603905,2024-08-31T19:39:27,29,AU,254,248,19,48500,#fyp #fypシ゚viral #fypppppppppppppppppppppp #tiktok #fatmanscoop #hypeguy #bestsong #throwback #lovethissong #rip #restinpeace ,False,,queenlizzzzzz1,queenlizzzzzz1,,,,,,False,,,
7409364277292698910,2024-08-31T13:57:45,93,US,8952,1462,426,56800,#FatmanScoop #beforeiletgo #Beyonce #fyp #throwback #restinpeace ,False,,shel.da.gemini,Shel D'Gemini,,,,,,False,Brooklyn,"New York, United States",
7409390956782292256,2024-08-31T15:41:12,26,GB,114000,1494,188,656500,"RIP Fatman Scoop - I dont usually post things like this, but a soundtrack to my youth and so many of our memories. Social media should be filled with videos of his performances and not the other horrible videos I’ve seen. Truly a legend who spent his last moments doing what he loved 🎤🕺🪩 #fatmanscoop #music #rip #dancing @Fatman Scoop ",False,,jenofc_,J.E.N,,,,,,False,,,
7409379540935478574,2024-08-31T14:56:52,92,US,6399,392,171,371700,"Another sad day in hiphop😢💔 HipHop Heaven gained another hiphop legend 😫This is to show you that life is too short🗣️🗣️🗣️ We literally saw Fatman Scoop 1/14/2024!!! He hyped us up, and so full of life.   THANK YOU for all you've donefor hiphop 🤗🤍🙏🏾🎤 he's a good brotha 🤍  May your soul rest easy #fatmanscoop #hiphop #fypシ゚viral ",False,,taninjshoeboss,Tani NJ Shoe Boss,,,,,,False,Boardwalk Hall,"2314 Pacific Ave, Atlantic City, United States",Atlantic City
7409477585727606062,2024-08-31T21:17:19,25,US,1153,14,1,58800,R.I.P Fatman Scoop! #fatmanscoop #brooklyn ,False,,melissalaurenxo,Melissa Lauren 👽🥀,,,,,,False,New York,"New York, United States",
7409637132354161953,2024-09-01T07:36:29,17,ES,2324,63,143,50600,An extreme flashback to a previous life where I worked as dancer! In a video for Fatman Scoop an artist I had grown up listening to. It was a pinch me moment. RIP to a legend.  #fatmanscoopbefaithful #fatmanscoopRIP #RIP #professionaldancer #isaacfreeman ,False,,jet_set_gypsea,JetSetGypsea,,,,,,False,,,
video_id,video_timestamp,video_duration,video_locationcreated,video_diggcount,video_sharecount,video_commentcount,video_playcount,video_description,video_is_ad,video_stickers,author_username,author_name,author_followercount,author_followingcount,author_heartcount,author_videocount,author_diggcount,author_verified,poi_name,poi_address,poi_city
7395731300637838625,2024-07-25T20:14:56,8,DE,6408,1091,237,212700,She flopped I fear #icespice #help #real #fy #meme #y2k #trend ,False,,ariankasrilanka,ariankasrilanka,,,,,,False,,,
7390623069892578590,2024-07-12T01:52:17,6,US,136900,33500,673,974600,Like grahh 😍🥺😝🥰 #icespiceedit #y2k #centralcee #icespicecult #viral #explore #goofy #icespiceeedit #fyp #icespice #icespicemunch #memestiktok #meme #funny #goofyahh #floptok #floptok😍😍😭😌🤞💅💅 ,False,,blackboymagix,junior,,,,,,False,,,
7312396612335062315,2023-12-14T05:33:44,24,US,73400,436,381,709100,Ice Spice Eras Tour Meme #icespice #icespiceerastour #karma #karmataylorswift #karmafticespice #icespicememe #icespicememes #icespiceerastourmeme #karmaerastour #karmaisacat #erastourmetlife #erastour #taylorswifterastour #theerastourtaylorswift #theearstour #taylorswiftconcert #taylorswifttheerastour #taylorswift #taylorsversion #swifttok #swiftie #taylornation #taytok #taytoktsversion #taytoktaylorsversion #swifttoktaylorsversion #fyp #fypシ #viral #tiktok ,False,,swifttoktaylorsversion,SwiftTok (Taylor's Version),,,,,,False,,,
7409134636531600648,2024-08-30T23:06:32,13,KH,9067,3087,229,117500,she ready to meet her new bf😜 #fypシ #khmertiktok #viral #fyp #foryou #edit #makya #icespice #icespicya #centralcee #meme #edit ,False,,alemewell,Freall,,,,,,False,,,
7395995263824907562,2024-07-26T13:19:06,15,US,309600,27000,897,1300000,I don't know what this is I'm sorry  #rengoku #kyojurorengoku #demonslayer #icespice #meme #anime #kny #hashira #funny #fyp #mugentrain ,False,,chespin400,char,,,,,,False,,,
7261012852931136795,2023-07-28T19:18:26,7,GB,201100,31300,719,1600000,#fyp #viral #funny #memes #hoteltransylvania #icespice #mavis ,False,,that_funny_guy13,That_funny_guy13,,,,,,False,,,
7410219997483617541,2024-09-02T21:18:24,6,US,7,0,2,84,"good idea, right? #starbandz #icespicememes #ilapitts #dukedennislive",False,,juanitacros,juanita,,,,,,False,Atlanta Georgia Temple,"6450 Barfield Rd, Atlanta, United States",Atlanta
7290609901519260970,2023-10-16T13:30:15,32,US,48100,118,104,460000,To many to choose from! 🤣😭 Ice Spice & Riot name the best Ice Spice meme. #GOATTalk #IceSpice #Riot,False,,complexmusic,ComplexMusic,,,,,,True,,,
7275029031525879072,2023-09-04T13:48:17,8,PL,246700,6803,1787,2500000,POOR BIRD🥲 // #fyp #fypシ #fypシ゚viral #viral #virall #foryou #icespice #twitter #x #twittervideos #twittermemes #twitteredit #aftereffects #aftereffectsedits #animation #aftereffectsedit #ae #aesthetic #audio #audios #popular #editor #popularaudioss ,False,,yoaovelo,💗 • Friends,,,,,,False,,,
7389289404449197317,2024-07-08T11:36:52,10,SI,1897,437,63,30300,#icespice #taylorswift #L #meme ,False,,belevskit,Trajche Belevski,,,,,,False,,,
7298724337635380485,2023-11-07T09:18:08,8,ZA,785500,620,1382,5900000,search “ice spice betty boop” for the original. she was gripping the dress with her life😭 #fyp #icespice #meme #viral ,False,,thuto.ooo,i like apples and bananas,,,,,,False,,,
7395701631117036832,2024-07-25T18:19:42,14,ES,1267,70,86,44200,BRO WHAT 😱‼️🗣️ #icespice #viral #music #opinion #meme #humor #axelbernardo #fyp #y2k #icespicecult ,False,,axellbernardoo,axellbernardoo,,,,,,False,,,
7327333010401955105,2024-01-23T11:34:25,6,DE,3236,647,43,66300,#barbiedogs#dancing#2023#icespice#meme,False,,laestnjvue1,𝓉𝒽ℯ𝒻ℴ𝓊𝓇✩,,,,,,False,,,
7278408843992796458,2023-09-13T16:23:49,9,US,523,68,12,12200,#cropmemes #fyp #icespice #icespicemunch #icespicememe #icespiceedit @ange!😣 @Bibblesleftbuttcheek @David Morales @KevTheRipper @.spicesfx || 10K 🥳🎊🎉 @☆BLONDIE☆ ,False,,trisha4president2,Trisha4president2024,,,,,,False,,,
7322504622189464865,2024-01-10T11:17:53,13,GB,58700,1289,375,753800,you not even the FART 💨 #icespice #music #rap #memes #fyp #viral #trending ,False,,arminf7,armin,,,,,,False,,,
7324900515588984071,2024-01-16T22:15:21,13,MY,19200,86,129,239200,the song thats been repeating in my head all week: #dj #icespice #trend #meme ,False,,itsjovynn,jovynn,,,,,,True,,,
7202174159789493505,2023-02-20T04:54:12,13,AU,57200,4887,1498,270600,Seriously what season do they show up in? I keep hearing about them. #shitpost #meme #mozart #season1 #music #icespice #fyp #einekleinenachtmusik #songs ,False,,thylogicgatekeeper,Michael Baudelaire,,,,,,False,My Basement,"Pondok tirta mandala, Cilodong, Kota Depok, Jawa Barat, Indonesia",Depok
7327504438359362837,2024-01-23T22:39:51,13,MY,190300,1215,1308,2200000,im obsessed with this song can u tell #dj #icespice #trend #meme ,False,,itsjovynn,jovynn,,,,,,True,,,
7397187922845306144,2024-07-29T18:27:16,46,GB,1600000,202700,9611,9500000,I think she likes poop #fyp #icespice #foryoupage #viral #funny #foryou ,False,,igotstinkyfeet,Isaak Bacha,,,,,,False,,,
7410157818822528288,2024-09-02T17:17:03,11,ES,22,0,0,294,#CapCut #CapCut #foryou #foryoupage #autismo#dawn#ice#espice #icespice #centralcee #fyp #fyyyyyyyyyyyyyyyy #parati #viral l#humor#meme #parati ,False,,marisco_recio._,👤⚡,,,,,,False,,,
7410218452746784005,2024-09-02T21:12:25,6,US,72,0,4,1344,"good idea, right? #starbandz #icespicememes #ilapitts #dukedennislive",False,,juanitaliffe,juanita🩵,,,,,,False,Atlanta Georgia Temple,"6450 Barfield Rd, Atlanta, United States",Atlanta
7301508467968298272,2023-11-14T21:22:12,18,US,54500,3268,357,904700,She shake it like jelly 😭😭 #Hiphopforu #foryoupage #meme #music #rap #icespice #foryou #trending #rapper #song #sing #singing #dancing #dance #fy #fyp #viral #edit #funny ,False,,hiphopforu,Hip-Hop for u,,,,,,False,,,
7314087705493769514,2023-12-18T18:55:56,6,US,3131,45,42,42700,Ice Spice turning around and smiling then it cuts to jungwoo from nct staring blankly at the camera meme cropped #jkcropss #icespice #jungwoo #nct #kpop #kpopfyp #kpopmemes #memes ,False,,jkcropss,emo jk 🥰,,,,,,False,,,
7265217127559220482,2023-08-09T03:13:07,6,MY,85700,18100,882,480700,eye side #fyp #roblox #meme #icespice ,False,,ther0bl0xx,NIZ | 80K,,,,,,False,,,
7390953983961091370,2024-07-12T23:16:20,8,US,64500,11700,346,220400,they did dat tho . #mamas #funny #hilarious #relatablecontent #foryouuuu #croppedmemes #flop #floptok #flopping #papas #youtube #centralcee #icespice #fan #fandom #cars ,False,,kaysvision,kay,,,,,,False,Dick,"Michigan, United States",
7322653491485363462,2024-01-10T20:55:31,10,CA,17500,86,147,104700,Your not even the fart #animation #animationmeme #animations #animationmemes #yournoteventhefart #silly #art #drawing #arts #drawings #fyp #foryoupage #fypシ #fypシ゚viral #fypage #fyppppppppppppppppppppppp #icespice,False,,mr.mrs.duck,Duck,,,,,,False,,,
7399311338444426528,2024-08-04T11:47:10,9,NL,172000,6394,4571,1400000,aye domino👺 #ayedomino #ayedomino #ayedomino #ayedomino #han #straykids #jisung #felix #icespice #ayedomino #fyp #foryou #fy #skz #stay #ayedomino #viral #viral ,False,,jimin.tbh,jimin.tbh,,,,,,False,,,
video_id,video_timestamp,video_duration,video_locationcreated,video_diggcount,video_sharecount,video_commentcount,video_playcount,video_description,video_is_ad,video_stickers,author_username,author_name,author_followercount,author_followingcount,author_heartcount,author_videocount,author_diggcount,author_verified,poi_name,poi_address,poi_city
7409745248919899422,2024-09-01T14:36:09,61,US,8861,1842,99,175700,Kickflips in Black Ops 6 #fyp #blackops6 #bo6 #calloffduty #cod ,False,,jayswasd,JaysWASD,,,,,,False,,,
7408230647963110661,2024-08-28T12:38:38,26,CA,69300,8166,1588,854400,First look at Black Ops 6 Vault Edition operators 🔥 #fyp #blackops6 #bo6 #blackops #warzone3 #mw3 #warzone #modernwarfare3 #cod #callofduty ,False,,bghost23,B23,,,,,,False,,,
7408249833347222815,2024-08-28T13:53:24,37,US,144700,27900,2422,1600000,"You've seen the Multiplayer Mastery Camos, now check out what's in store for the most dedicated zombie slayers: #CODNext | #BlackOps6 ",False,,callofduty,Call of Duty,,,,,,True,,,
7408238132056952069,2024-08-28T13:07:41,26,CA,69400,22900,1589,611200,Black Ops 6 Dark Matter is back 🔥 first look at all mastery camos 👀 #fyp #blackops6 #bo6 #blackops #bo3 #warzone3 #mw3 #warzone #modernwarfare3 #warzoneclips #mw #cod #callofduty ,False,,bghost23,B23,,,,,,False,,,
7407576322702150944,2024-08-26T18:19:35,17,GB,241200,17600,2843,3400000,Even before release 🥲 #codetbot #callofduty #cod #blackops #blackops6 ,False,,tbotszn,TBot,,,,,,False,,,
7406715770299780384,2024-08-24T10:40:09,13,GB,56400,21700,1389,1800000,Imagine 👀 #codetbot #callofduty #cod #blackops #blackops6 #IKnowThisIsBO4 ,False,,tbotszn,TBot,,,,,,False,,,
video_id,video_timestamp,video_duration,video_locationcreated,video_diggcount,video_sharecount,video_commentcount,video_playcount,video_description,video_is_ad,video_stickers,author_username,author_name,author_followercount,author_followingcount,author_heartcount,author_videocount,author_diggcount,author_verified,poi_name,poi_address,poi_city
7409942878119595294,2024-09-02T03:23:22,11,US,211300,56500,6361,1700000,в 12:00 бегу открывать стардропы!!🙏🙏#глобальныерекомендации #щитпост #щп #1сентября #линейка #школа #бравлстарс #шутка #щитпостерыидитенахцй ,False,,yebvoffical,уебв,,,,,,False,Щавель,"2 Комсомольская улица, Уфа, Russia",Ufa
7405206921474477320,2024-08-20T09:04:56,10,US,340300,21600,1400,2800000,походили и хватит))) #школа #1сентября #одежда #образы ,False,,psinasik,псина,,,,,,False,,,
7330993743878704389,2024-02-02T08:19:56,16,KZ,535800,7195,8086,5000000,#залетит_на_10_мультов#мемы#пов#fup#tiktok#viralvideo#on#fup#школа#тревога#залетит_на_10_мультов ,False,,denta1017,DeNtA,,,,,,False,,,
7402738813740584210,2024-08-13T17:27:33,172,IL,478000,8737,24200,4000000,тгк: vamihka💞 может сделать вторую часть? #рек #fyp #foryou #рекомендации #школа #покупки #backtoschool #school ,False,,vamihka,vamihka,,,,,,False,,,
7409972499343084801,2024-09-02T05:18:02,221,FR,10200,33,74,110500,Тгк: «Написат💞» || ig:__napisat__ || YouTube: Napisat🤍 #school #школа #11класс #1сентебря #кадет #макияж #makeup #grwm ,False,,napisataaa,Napisatꪆৎ,,,,,,False,,,
7409768667354877201,2024-09-01T16:07:13,9,GE,87800,6386,6386,1100000,Уже?😭 #elbruso #pfy #rge #pyfツ #foryou #foryoupage #школа ,False,,natural_fannnnn,Natural_albertovich_fan_,,,,,,False,,,
7400464614770707717,2024-08-07T14:22:27,22,KZ,283700,2991,3767,2400000,Что я купила к школе? Мое первое видео.🙌#школа #fyp #рекомендации #рек ,False,,rainnalp,#,,,,,,False,,,
7358898931163598096,2024-04-17T14:06:30,22,SA,313000,18700,4992,2500000,#рек #реки #школа ,False,,roza_valieva,Роза Валиева,,,,,,False,,,
7408948558742719751,2024-08-30T11:04:24,7,KG,614500,528400,10200,4300000,#спроебаннымлетом #лето #1сентября #школа #гадкийя #гадкийя1 #грю #грютанцует #мем #fyp ,False,,megaminionpro228,Доктор Нефарио,,,,,,False,,,
7404953026764557573,2024-08-19T16:39:47,7,KZ,85800,3123,1159,707300,#синяяформавшколу #школатупаяхочуспать #явшоке ,False,,mmiposselueva,milany,,,,,,False,,,
7372649803869588743,2024-05-24T15:26:47,20,ES,420200,8734,2604,5100000,"Не верю, что все уже закончилось                                    #выпускной #выпуск2024 #final #9класс #9grade #школа #school #рекомендации #recommendations #fyp #foryou #viral #foryoupage #tiktok #fy #trending ",False,,maori_official,Навечно ваш 9в,,,,,,False,,,
7410010934724332805,2024-09-02T07:47:08,15,BY,4181,66,42,73200,"спасибо за ваше внимание, дети🤍 #классныйруководитель #учительвтиктоке #учитель #учительанглийскогоязыка #учительанглийского #школа ",False,,sonyaotchik,София Никитовна💅🏼🤍,,,,,,False,,,
7385294688594529552,2024-06-27T17:15:24,5,BY,610600,13400,2950,6100000,отличницы #выпуск2024 #аттестат #fyp #школа ,False,,sofo_ssss,соник,,,,,,False,,,
7397614066837048594,2024-07-30T22:00:48,15,UM,520900,3789,1664,5700000,#выпуск #2024 #школа ,False,,wonelinafan,тгк: WONELINA,,,,,,False,,,
7410009184554503442,2024-09-02T07:40:14,8,KG,3428,369,8,22900,#рекомендации#школа,False,,shm_0937,тгк:shm life 🎀,,,,,,False,,,
7317175890255858952,2023-12-27T02:39:43,8,KG,883600,119000,13800,7300000,,False,,nebastik,!,,,,,,False,,,
7371518101742947589,2024-05-21T14:15:07,30,BY,718800,42600,3148,7000000,#школа #последнийзвонок #выпускной #11класс #рекомендации #экзамены #дискотека #цыгане #fypシ ,False,,dararetii,даша🐈‍⬛,,,,,,False,,,
7370002025075019013,2024-05-17T12:11:59,15,KZ,377200,24300,5043,3800000,а как вообще почерк улучшать #рек #мем #почерк #fyp #on #top #школа ,False,,kelmyyx,эщкере!¡,,,,,,False,,,
7372972243590057222,2024-05-25T12:17:57,10,BY,418200,5786,1807,2000000,Тгк: ловец снов  #рекомендации #выпускники #11класс #школаглазамишкольника #выпуск ,False,,laboratory_experience,Сан,,,,,,False,,,
7410071867463060742,2024-09-02T11:43:32,12,BY,10800,976,157,77800,сколько всего должно быть в голове🤯#школа#учитель ,False,,eeegorchiik,ЕГОРЧИК,,,,,,False,,,
7409783315122736426,2024-09-01T17:03:44,7,GE,134400,19100,8145,1200000,спасибо #реки #школа #нет ,False,,kulttela0,эмо пам,,,,,,False,,,
7349297414735416608,2024-03-22T17:07:33,15,PL,409100,61900,1731,2800000,Эх🥲 #fyp #on #rge #школа ,False,,kickmell1,kickmell,,,,,,False,,,
7401442953387887878,2024-08-10T05:38:54,11,UA,279800,129200,3060,2200000,заебвла #рек #рекоо #рекомендации #одноклассница #fyppp #школа #fyppp #рекомендации ,False,,maryxsr_,мася😳🤯,,,,,,False,,,
7325750271357766914,2024-01-19T05:12:36,10,SA,661000,3091,2710,22100000,#муляж #школа #телефон #recommendations #рекомендации ,False,,katya3.31,katyzw💥,,,,,,False,,,
7358407856544091397,2024-04-16T06:20:41,10,KZ,601800,114700,5305,3600000,#viral #кыздар #fyp #странныевещи #школа #хочуврекомендации #рек ,False,,pe_pperio,чили,,,,,,False,,,
7327216958250700034,2024-01-23T04:04:06,6,SA,816700,39400,3132,6200000,#школа #9класс #одноклассник #жиза #любовь #контрольные #дом #мама #друг #гламурныймейк #подруга #экзамены #огэ #тетрадки ,False,,capybarova,евкинс🐾,,,,,,False,,,
6881317582528433409,2020-10-08T14:26:44,55,MD,1250,5,40,18000,Răspunde lui @rasssian_girl #voiceeffects вот 😌 #школа #school #backtoschool #оформление #рофл #биология #рек,False,,schola_hacks,ШкОлА,,,,,,False,,,
7345966827375185160,2024-03-13T17:43:18,10,SA,266400,26100,1874,3000000,Умеете так ? #меллстрой #меллстройнарезки #прикол #смешно #inderstroy #школа ,False,,inderstroy,СМОТРИ В ПРОФИЛЬ❗️,,,,,,False,,,
7343860574998007042,2024-03-08T00:29:50,10,KG,224700,6745,1650,1300000,Через 3 месяца ощутим это чувство...  #жизнь #рекомендации #adikosh #школа #май #каникулы ,False,,adlkosh_,ENFJ,,,,,,False,,,
7410078116003007752,2024-09-02T12:07:48,49,KG,747,7,146,17800,#влог#курдянка#школа#кыргызстан ,False,,sholpan_770,Sholpan,,,,,,False,,,
7334723356521958662,2024-02-12T09:32:43,5,KZ,773500,45400,5770,5700000,#типалол #школа ,False,,kivm_vins,Rice♥️,,,,,,False,,,
7398095916693064965,2024-08-01T05:10:38,6,KZ,177000,18800,1344,975100,❤️#рекомендации #рек #врек #straykids #школа #school ,False,,anichhhay,anichhhay,,,,,,False,,,
video_id,video_timestamp,video_duration,video_locationcreated,video_diggcount,video_sharecount,video_commentcount,video_playcount,video_description,video_is_ad,video_stickers,author_username,author_name,author_followercount,author_followingcount,author_heartcount,author_videocount,author_diggcount,author_verified,poi_name,poi_address,poi_city
7409322240489032967,2024-08-31T11:14:31,26,VN,23800,4917,1061,412700,"Theo các bạn, lớp 12 có nên yêu đương không ? #nghechuchot #studymotivation #2k7 #binohanhtrinhkiluat ",False,,learnwithbino07,𝘽𝙄𝙉𝙊 - Quyết tâm đậu NV1🌷,,,,,,False,,,
7409459645581905159,2024-08-31T20:07:53,39,VN,50300,7732,850,2600000,Be by hả a tới chưa? E làm bò tái chanh rồi nè 🤭#bepnhachin #xuhuongtiktok #monngontainha #homnayangi #nauancungtiktok #foodtiktok #learnontiktok #botaichanh #nộmbò #nghechuchot ,False,,bepnhachin,bepnhachin,,,,,,False,Ho Chi Minh City,Vietnam,
7409089908364561671,2024-08-30T20:13:02,13,VN,26100,1540,1234,280300,Sau lớp áo bé ĐMX có gì 🥰 #nghechuchot #tgdd #đmx #mwg #capcut ,False,,lina1m6,lina 🦋,,,,,,False,,,
7409346004262096144,2024-08-31T12:46:53,1304,VN,220,10,18,21100,Full 3 trận PK quốc tế thầy lộc phụ hồ.Bên quá mạnh ae ơi🤣#lộcphuho #pk #nghechuchot ,False,,dungiudayne_,Dungdangiu nà,,,,,,False,Một góc chill - Một ly trà,"Phương Canh, Nam Tu Liem, Ha Noi, Vietnam",Hanoi
7409313716409355537,2024-08-31T10:41:34,58,VN,147200,5214,1283,2400000,Ủa Alo Shop ? #nghechuchot #chihangbong ,False,,chihangbongday,Chị Hàng Bông,,,,,,False,,,
7409108203927112967,2024-08-30T21:23:59,48,VN,38800,1678,390,827400,Cái ước ao lớn nhất… #tola_phero #catholictiktok #nghechuchot ,False,,tola_phero,𝐆𝐨́𝐜 𝐂𝐮̉𝐚 𝐏𝐡𝐞̂𝐫𝐨̂,,,,,,False,,,
7410092430931791111,2024-09-02T13:03:14,15,VN,6628,191,39,29000,#nghechuchot #xuhuong #fyp #viral ,False,,lavie.192,thất vọng.,,,,,,False,,,
7409142700517182741,2024-08-30T23:37:56,15,VN,81200,2342,635,451200,#nghechuchot #xuhuong #fyp #viral ,False,,lavie.192,thất vọng.,,,,,,False,,,
7409303671617359105,2024-08-31T10:02:33,30,VN,78000,550,594,1700000,Bài này là của trung quốc nhé #douyinmusic #nghechuchot #neuvianhnhulebaoremix  #lebao #neuvianhnhu ,False,,douyinnhaccover,douyinnhaccover/抖音封面音乐,,,,,,False,,,
7409265260894489876,2024-08-31T07:33:31,15,VN,22500,317,423,433500,Thương quá xá#nghechuchot #tuncuibap🌽🌽🌽🌽 ,False,,tunthichdutrend,Tunthichdutrend,,,,,,False,,,
7409682799411694866,2024-09-01T10:33:41,58,VN,2447,46,82,38300,chuyện về Black Girl E.X.E#?gach️alifee✿ #fyp #xuhuong #nghechuchot ,False,,rynq34,𝐑𝐲𝐍𝐪_𝐂𝐥𝐮𝐥𝐛🇳🇱,,,,,,False,CÁI LON,"Đông Ngàn, Từ Sơn, Bắc Ninh, Việt Nam",Từ Sơn
7409342933368900907,2024-08-31T12:34:50,149,VN,2632,121,78,199500,..#nghechuchot #12cunghoàngđạo #12chomsao #xuhuongtiktok ,False,,tusoutlook,Tus ✨,,,,,,False,,,
7409230355158387986,2024-08-31T05:17:58,15,VN,96000,19500,1524,458300,"chúc mừng 30k fl,cảm ơn mn rất nhiều(ig:duong_g27) #CAPCUP #capcut #tiktok #nghechuchot #lenxuhuong #xuhướng #xuhuong2024 #duong_g27 #anhmang #anhmang #douyin #douyin ",False,,dannie.26_,trai đẹp mắc ỉa🎄,,,,,,False,CÁI LON,"Đông Ngàn, Từ Sơn, Bắc Ninh, Việt Nam",Từ Sơn
7409647346516036865,2024-09-01T08:16:12,23,VN,15700,4018,741,993700,Thám tử mạng lại lập một công lớn nữa rồi.#newstintuc #tinnong #tintucshowbiz #nghechuchot #viralvideostiktoks #xuhuonggg #theanh28news #fyp ,False,,news.tin.tc,NewS Tin Tức 🌎,,,,,,False,,,
7409167458264714514,2024-08-31T01:13:53,50,VN,5258,563,74,231000,Sao mà hay tính quá vậy khách ưi 😓 #quancaphechualanh #phucsyno #syno #leucoffee #nghechuchot ,False,,quancaphechualanh,Quán Cà Phê Chữa Lành,,,,,,False,,,
7409127696485076231,2024-08-30T22:39:36,9,VN,7859,262,2052,78700,6868 #nghechuchot #luathapdan #smtt #smtt #sucmanhtiemthuc #luathapdan24 ,False,,luathapdan.dn24,luathapdan.dn24,,,,,,False,,,
7410403397767138568,2024-09-03T09:09:58,14,VN,591,2,32,6371,Chàng khờ cầm bút làm thơ của các huynh đệ đây nhé 🤣❤️ #nghechuchot #xuhuongtiktok #thang2k2thienton #xh ,False,,thang2k2thienton,thiên tôn live,,,,,,False,,,
7410407630448954631,2024-09-03T09:26:23,607,VN,97,1,6,2553,#diendau2024🇻🇳 #hoiyeututhienvn2024🇻🇳 #xuhuong2024🇻🇳 #nghechuchot #fbđỗđìnhđiện ,False,,diendauvtv2,Điện Đậu Official ❤🇻🇳,,,,,,False,,,
7409252095238376722,2024-08-31T06:42:18,9,VN,9844,84,89,194600,Làn da rất đẹp #nguondouyin抖音_china #nghechuchot #fybシ #videoviral #trungquoc #sopetty #nguondouyin抖音_china #nhảy_đẹp #nguondouyin #vatchatquyetdinhythuc ,False,,onimi13,onimi13,,,,,,False,,,
7409155983492091168,2024-08-31T00:29:32,78,VN,41400,607,324,2000000,#nghechuchot #xuhuongtiktok ,False,,riviewphim83,Tùng Riview,,,,,,False,,,
7409293663869701394,2024-08-31T09:23:37,33,VN,3605,33,176,56200,Bé Bông xuất hiện sau khi giải cứu#nghechuchot #dalat #giadinhtigervaboi ,False,,trongtam2612,Gia đình Tiger & Bối,,,,,,False,Thành phố Đà Lạt,"Tỉnh Lâm Đồng, Việt Nam",
7410082080119393543,2024-09-02T12:23:06,32,VN,1008,0,0,102400,Ùh thì cũng mùng 02/09 như ai 🤪🤪##nghechuchot #viral #capcut #tiktok ,False,,mause939,๖ۣۜŤiểu๖ۣۣۜLong✮,,,,,,False,Hanoi,Vietnam,
7410391185400909057,2024-09-03T08:22:42,111,VN,17400,62,122,190500,"Hãy gọi tôi là Trang bánh bèo vì đây là món ăn tôi phải nấu đi nấu lại nhiều nhất từ khi sinh ra, mẹ cho ta hình hài này ta phải báo hiếu mẹ 1 đĩa bánh bèo full tóp ping 🤤🥿#nghechuchot #trangtam #vtmgr #ancungtiktok #reviewanngon ",False,,trangtam2607,Trang Tấm,,,,,,False,,,
7409245876746603792,2024-08-31T06:18:15,12,VN,4836,145,111,168600,#j97 #playtogether #game #free_fire #lienquan #roblox #nghechuchot #football ,False,,lttt._1811,th._chaqn,,,,,,False,,,
7410313170381737217,2024-09-03T03:21:26,27,VN,313,537,25,34200,Chiều hết nấc vậy còn gì #tvv #tvvnews #giaitritiktok #thisway #nghechuchot #31,False,,tvv.vn,Tvv.vn,,,,,,False,,,
7410357079686401288,2024-09-03T06:10:14,33,VN,524,17,106,1485,Tình đôi ta nay đã lỡ ….😜😜😜#nghechuchot #xuhuongtiktok #xuhuongtiktok2024 #nhactrutinhhay ,False,,1980phuongvyvy,Phương Vy,,,,,,False,,,
7410388930614316296,2024-09-03T08:13:51,392,VN,691,4,15,10500,Trả lời @huycuong231 #nghechuchot #xuhuongtiktok #tiktokindia #xuhuong2023 ,False,,hiep_nguyen17a,Hờ iếp hiếp nặng,,,,,,False,Vịnh Hạ Long,"Thành phố Hạ Long, Quảng Ninh, Việt Nam",Ha Long
7410390695577505042,2024-09-03T08:20:40,216,VN,174,1,1,5672,#xemgihomnay #xuhuongtiktok #thanhthoiluottet #phimhay #phimtrungquoc #xuhuong #hashtag #xuhuong #nghechuchot ,False,,shopquanao_thethao,PHIM HAY MỖI NGÀY,,,,,,False,,,
7410395322205179143,2024-09-03T08:38:37,216,VN,952,9,0,42400,#creatorsearchinsights #xuhuong #phimhaymoingay #xuhuongtiktok #thanhthoiluottet #nghechuchot #hashtag ,False,,phim.hay.89,Review Phim Hay,,,,,,False,,,
7410290592925748487,2024-09-03T01:52:15,18,VN,1150,4,25,5579,hi 65 #61binhduong #nghechuchot #xh ,False,,bongdao200,DĐào Baby🌸,,,,,,False,,,
7410348891960364296,2024-09-03T05:38:29,300,VN,133,1,0,5653,#nghechuchot #creatorsearchinsights #xemgihomnay #xuhuongtiktok #phimhaymoingay #thanhthoiluottet #phimhay #hashtag #xuhuong ,False,,phim.hay.89,Review Phim Hay,,,,,,False,,,
7410280689637051666,2024-09-03T01:13:49,240,VN,367,2,1,14400,Đừng giả vờ nữa tập 13#thaoreview #xuhuongtiktok #daophimtrung #nghechuchot #fyp ,False,,thaocamau911110,Thaocamau911110,,,,,,False,,,
video_id,video_timestamp,video_duration,video_locationcreated,video_diggcount,video_sharecount,video_commentcount,video_playcount,video_description,video_is_ad,video_stickers,author_username,author_name,author_followercount,author_followingcount,author_heartcount,author_videocount,author_diggcount,author_verified,poi_name,poi_address,poi_city
7408129657704434961,2024-08-28T06:06:41,15,PH,71700,3639,153,3400000,#CapCut Just a heads up: the pictures and videos in this post aren’t mine. I’m just a CapCut creator making a template for you all to use. Credits to the rightful owners🖤 #augustdump2024 #augustdump #augustrecap #augustrecap2024 #memoriesofaugust2024 #memoriesofaugust #augustdumptemplate #pe_fam #capcutphilippines #capcuttrend #capcutph #capcutedit #mischatemplate remix from @pleasure3990 ,False,,1421gm,mischa,,,,,,False,,,
7407989257136065809,2024-08-27T21:01:56,11,PH,36000,1082,73,2000000,#CapCut Just a heads up: the pictures and videos in this post aren’t mine. I’m just a CapCut creator making a template for you all to use. Credits to the rightful owners🖤#augustdump2024 #augustdump #augustrecap #augustrecap2024 #lifeinaugust #lifeinaugust2024 #memoriesofaugust2024 #memoriesofaugust #augustdumptemplate #pe_fam #capcutphilippines #capcuttrend #capcutph #capcutedit #mischatemplate ,False,,1421gm,mischa,,,,,,False,,,
7405003204741664016,2024-08-19T19:54:45,11,PH,349300,7809,529,13600000,#CapCut august dump template #augustdumptemplate #memoriesofaugust2024 #memoriesofaugust #lifeinaugust2024 #lifeinaugust #augustrecap2024 #augustrecap #augustdump #augustdump2024 #pe_fam #capcutphilippines #capcuttrend #capcutph #capcutedit #mischatemplate ,False,,1421gm,mischa,,,,,,False,,,
7409229873480240400,2024-08-31T05:16:08,14,PH,1110,105,13,142000,#CapCut Just a heads up: the pictures in this post aren’t mine. I’m just a CapCut creator making a template for you all to use. Credits to the rightful owners🤍 #lifeinaugust2024 #lifeinaugust #augustdump2024 #augustdump #augustrecap2024 #augustrecap #memoriesofaugust #memoriesofaugust2024 #augustdumptemplate #mischatemplate #capcutedit #capcuttrend #capcutph #capcutphilippines #pe_fam ,False,,1421gm,mischa,,,,,,False,,,
7407301163013377281,2024-08-26T00:31:46,22,PH,79600,4083,446,3600000,#CapCut Just a heads up: the pictures and videos in this post aren’t mine. I’m just a CapCut creator making a template for you all to use. Credits to the rightful owners #augustdumptemplate #memoriesofaugust #memoriesofaugust2024 #lifeinaugust2024 #lifeinaugust #augustrecap2024 #augustrecap #augustdump #augustdump2024 #mischatemplate #capcutedit #capcutph #capcuttrend #capcutphilippines #pe_fam ,False,,1421gm,mischa,,,,,,False,,,
7405227891245501697,2024-08-20T10:26:23,12,PH,11100,1634,44,1100000,#CapCut Hey there! Don't forget to use this template to share your favorite moments from August! ✨ #augustdump #dump #recap #memories #edit #aesthetic #capcutverse #travel #capcuttemplate #templatecapcut #fyp #trend ,False,,capcutverse,CapCutverse,,,,,,False,,,
7409104669600959760,2024-08-30T21:10:19,12,PH,29800,781,66,996300,#CapCut Just a heads up: the pictures and videos in this post aren’t mine. I’m just a CapCut creator making a template for you all to use. Credits to the rightful owners🤍 #augustdumptemplate #memoriesofaugust2024 #memoriesofaugust #augustrecap2024 #augustrecap #augustdump #augustdump2024 #lifeinaugust #lifeinaugust2024 #pe_fam #capcutphilippines #capcutph #capcuttrend #capcutedit #mischatemplate ,False,,1421gm,mischa,,,,,,False,,,
7410250053291396394,2024-09-02T23:14:55,26,US,5,0,0,58,GOODBYE AUGUST! #myaugustdump #augustbaby ,False,,gracefullymade,Grace Johnson,,,,,,False,,,
7405844736675728656,2024-08-22T02:20:08,8,PH,376,14,0,28900,#CapCut august dump template #dumptemplate #augustdump #augustrecap #recap #dump #monthlyrecap #monthlydump ,False,,capcut_alya,alya,,,,,,False,,,
7410121068964220165,2024-09-02T14:54:27,27,ET,123,9,5,1554,#augustdump #ethiopian_tik_tok🇪🇹🇪🇹🇪🇹🇪🇹 #habeshatiktok #fyp #foryou ,False,,suzy_alex_,Suzy Alemayehu,,,,,,False,,,
7410015255633480966,2024-09-02T08:03:51,7,NG,446,22,8,5400,#foryou #augustdump #goviral  @Pepe Guit🙂‍↔️💕 ,False,,heyy.bigsnow,2 8 0 5 🫀🧸,,,,,,False,,,
7404376495210138888,2024-08-18T03:22:29,16,PH,352600,21100,359,11700000,New Template #CapCut #augustdump #travel #dump #aesthetic #trend #capcuttemplate #cinematic #dump #fyp #Cpt_Levi ,False,,cpt.levi143,Cpt. Levi,,,,,,False,,,
7410096536513744134,2024-09-02T13:19:16,19,ZA,1079,0,5,4849,oh how i love being a woman 😍🥹. Surrender ladies conference 2024 #CapCut  #ladiesconference #pink #ladies #conference #explore #fypシ゚viral #goodgirls #pinktiktok #girlsgirl #girls #God #august #Augustdump #womanpower #iqandalegrootman #tongaat  #womenevolve #inspire ,False,,nothandogabela,Nothando Gabela,,,,,,False,Tongaat,"KwaZulu-Natal, South Africa",
7410150196123815174,2024-09-02T16:47:29,12,AL,20,0,0,614,#CapCut #tiktok #augustdump ,False,,english.with.ina,English.with.Ina,,,,,,False,,,
7410102789004725510,2024-09-02T13:43:37,63,NG,114,0,9,634,#augustdump #travel #traveltiktok #lifestyle #roadtrip ,False,,mikej_ng,Chigbo mike,,,,,,False,,,
7409698404533570822,2024-09-01T11:34:17,9,ZA,94,0,0,657,#CapCut #augustdump ,False,,mbalz_76,Mbalz_76,,,,,,False,Johannesburg,"Gauteng, South Africa",
7273217708412488965,2023-08-30T16:39:25,11,NG,63600,125,322,459700,My month was so good next month will be better by Gods grace😁❤️🙏🏽 #agustusdump2023 #softmadeit ,False,,softmadeit,softmadeit🥇,,,,,,True,,,
7410034366979525893,2024-09-02T09:18:02,11,NG,157,0,4,1358,E no pass like this oo😂😂#fypシ゚ #foryou #viralvideo #kimmyBae♥️🥀💋😎 ,False,,kimmybaby00,KimmyBae❤️🥀💋😎,,,,,,False,,,
7410027343806319878,2024-09-02T08:50:46,20,GY,160,0,13,593,my Month was filled with surprises and love ❤️ thank god for a new month to continue the great achievements #radiohost #model #august ,False,,sexyberryofficial,SHAIMAMUNA,,,,,,False,,,
7410047232528895264,2024-09-02T10:07:55,20,NO,79,0,2,1377,August dump trenings edition💛🧡💓💖🫵🏾🏋🏾‍♀️🤪🤩 #fitnessmotivation #fittok #girlswholift ,False,,idamutonga,Ida Mutonga,,,,,,False,,,
7410045766821088518,2024-09-02T10:02:19,19,EG,301,6,9,1319,Hola septiembre #foryou #fyp #rukky🥀 ,False,,ruqayyah_sidiq,Rukky🥀,,,,,,False,,,
7410099315747671329,2024-09-02T13:30:00,22,DE,46,0,0,345,der herbst darf kommen 🐌,False,,schubcarre,julia,,,,,,False,,,
7409557997933923589,2024-09-01T02:29:33,12,CM,104,0,0,463,#augustdump  thank you August ☺️❤️,False,,beberegine1,Raya🌺,,,,,,False,,,
7410123410468113669,2024-09-02T15:03:34,52,NG,196,0,8,611,I finally had the time to do it😪 #Augustdump  #christiantiktok  #christiangirl  #fypシ゚viral  #explorepage✨  #newmonth  #recap  #blowthisupforme  #viral ,False,,wuraola_adewoye,Your Fav mummy G.O✝️💜,,,,,,False,Nigeria,Africa,
7410130873107975430,2024-09-02T15:32:33,26,ZA,66,0,0,509,August Dump.🫂🤍 #SAMA28 #CapCut #foryoupage #fypシ゚viral #photodump ,False,,kutlwanomekgwe,Kutlwano.Mekgwe,,,,,,False,,,
7409785054647438597,2024-09-01T17:10:38,12,ZA,70,0,0,522,#augustdump #birthmonth🤗 ,False,,user58016143171197,maDlamini,,,,,,False,,,
7410125787002588422,2024-09-02T15:12:46,20,ZA,119,1,5,499,08/2024 in a nutshell. a wholesome month ! 🥂 #augustdump #2024 #capcut_edit #fyp #umamhlongo #SAMA28 #trend ,False,,umamhlongo_,Rosena Mhlongo 🧚🏼‍♀️,,,,,,False,,,
7409025764458368261,2024-08-30T16:04:06,8,DZ,62,3,0,1045,✨when the time is right✨💫 #CapCut #tiktokexplore #trendvideo #augustdump #الشعب_الصيني_ماله_حل😂😂 #algerie🇩🇿 #djerba🇹🇳🇹🇳🇹🇳 #VideoAleatorio ,False,,just_me_and_and,just_me_and_and,,,,,,False,,,
7409435223709977861,2024-08-31T18:33:00,10,CI,103,0,10,491,#fyp #outfit #viral?videotiktok😇😇 #trendingtiktok#augustdump#makemefamous #viral?videotiktok😇😇 ,False,,chinko1234,candy🍭pretty🔐🫀💯,,,,,,False,,,
7410095773628583173,2024-09-02T13:16:21,33,ZA,137,0,4,905,Nothing eventful really happened in August but i still had to make a dump for the culture!😂🥰(probably the shortest one yet.) #monthlydump #augustdump #dump #letagom #foryoupage #august2024 ,False,,__letago.m,L E T A G O 💌,,,,,,False,,,
7409467820913839366,2024-08-31T20:39:31,10,GH,119,3,0,673,𝒜𝓊𝑔𝓊𝓈𝓉 𝒹𝓊𝓂𝓅！#fypシ゚viral ,False,,yg.jones,🧜🏽‍♂️,,,,,,False,,,
7409186279646104838,2024-08-31T02:27:00,10,ZA,775,16,0,30700,#CapCut #augustdump2024 #fypシ #explorepage #trending ,False,,angel_ou0,L E E ✨,,,,,,False,,,
7341822036647480609,2024-03-02T12:39:18,12,AT,15200,4494,187,433600,,False,,___e.s.r.a.m___,__ꫀ.𝘴.𝘳.ꪖ.ꪑ__,,,,,,False,,,
video_id,video_timestamp,video_duration,video_locationcreated,video_diggcount,video_sharecount,video_commentcount,video_playcount,video_description,video_is_ad,video_stickers,author_username,author_name,author_followercount,author_followingcount,author_heartcount,author_videocount,author_diggcount,author_verified,poi_name,poi_address,poi_city
7408115157898972449,2024-08-28T05:10:29,30,PL,169000,90300,5049,1500000,Тгк- в объятьях музыки💤 Название: Lalis Dream—Последний день лета #последнийденьлета #fypシ #fypシ #вобьятьяхмузыки #music #foryou #31августа ,False,,evko_durko,evko...,,,,,,False,,,
7407908662288715014,2024-08-27T15:49:10,16,BY,1069,84,10,27500,#CapCut #лето#конец#31августа  вот и всё😢🌇,False,,kaat.wv,kaat.ww,,,,,,False,,,
7409415475899223301,2024-08-31T17:16:26,18,UA,17000,309,231,459000,#roksolana_love110 #31августа ,False,,roksolana_love110,𖥔 ་،🤍𝑪་ׄ𝒰𝑻࣭ɐׂ . ྀི۫ 𖦆,,,,,,False,,,
7409440030210510098,2024-08-31T18:51:46,30,KG,7710,252,346,142000,#киркоровфилипп #деньнезависимости #кыргызстан #плошадь #концерт #31августа ,False,,nurayka.i,𝐍𝐮𝐫𝐚𝐲,,,,,,False,,,
7407805200670657825,2024-08-27T09:07:40,16,NL,85100,1952,1489,617900,"эх скоро 31 августа, а потом снова целый год ждать стримов☹️ | #дипстар #дипинс #deepins02 #deepins #сновадипинс #рекомендации #fyp #foryou #твич @deepins ",False,,depstar,дипстар,,,,,,False,,,
7409406597669145889,2024-08-31T16:41:55,22,KG,2732,41,61,33400,#рекомендации #31августа #🇰🇬 ,False,,bakytbek0vass3,Kasi?,,,,,,False,,,
7408844372143312134,2024-08-30T04:20:17,10,UA,114800,42000,1890,648700,#любовь❤ ,False,,myslllit,набор мыслей,,,,,,False,,,
7407073103118880016,2024-08-25T09:46:45,16,UZ,1000000,79700,10500,11600000,шаблон просто 💔,False,,fazikwn,fazikwn🚶🏻,,,,,,False,,,
7409696384619760927,2024-09-01T11:26:35,14,FR,19500,10700,63,102900,#31августа #1сентября #rec #relatable #fyp #elbruso #on #breakingbad #лето ,False,,winmcfly,qxxq,,,,,,False,,,
7409413079231958289,2024-08-31T17:07:27,232,KG,1360,36,64,23000,#31августа #кыргызстан🇰🇬 ,False,,arsen03_,Arsen03_,,,,,,False,,,
7272763220585237765,2023-08-29T11:15:46,13,UA,82900,6305,522,1100000,1.Стрелка 2.Репост 3.Скачать,False,,muzoboi11,тг: muzoboi11,,,,,,False,,,
7404016825563909377,2024-08-17T04:06:49,7,KG,282200,64400,6225,2500000,Что прочитала на каникулах? #школа #31августа #1сентября ,False,,ysgv_vs,королева👸🏻пельменей🥟,,,,,,False,,,
7409676950287011092,2024-09-01T10:11:03,21,KG,816,33,39,26800,Аран эсептеп келдим эле адашып кеттим акыры😂 #эгемендуулук #бишкек #кыргызстан🇰🇬казахыстан🇰🇿 #31августа ,False,,imumaz,Азим,,,,,,False,,,
7409375176392969480,2024-08-31T14:39:56,17,KG,1296,55,9,12000,31 августа – День независимости#kyrgyzstan #2024 ,False,,doo1ott,⠀ ⠀ ⠀ ⠀ ⠀ ⠀D,,,,,,False,,,
7268144562311384363,2023-08-17T00:33:16,10,US,3617,522,297,86600,#зориик#31августа#школа#фон#страшныйфон ныйфон,False,,superherosos,🖤super-hero🖤,,,,,,False,,,
7409058801791388961,2024-08-30T18:12:18,29,BY,16000,17500,358,137000,#31августа #последнийденьлета ,False,,_ykalka,игорь,,,,,,False,,,
7407785496618814738,2024-08-27T07:51:10,16,US,105500,9678,1292,1400000,#31 #августа #неужели #лето #уже #закончилось #я #могу #с #уверенностью #сказать #что #это #лето #было #не #самым #лучшим #теперь #осталось #только #ждать  #учебный #год #и #ставить #надежды #на #то #что #следующее #лето #действительно #будет #незабываемым #хочуврекомендации #ттпропустивреки #врекомендации #fyr #on #for #хочуврек #активвернись #fypシ #втопхочу #ттпустиврек #fory7o #ттпустиврек #ттпустиврек #хочувреки #печаль #цитаты #топ #рек #врекомендации #хочуврекомендации #хочуврекомендации ,False,,_memes_ahah,зайка❤🤗,,,,,,False,,,
7409416675423964434,2024-08-31T17:21:05,134,KG,1846,31,0,21000,#амирчик #кыргызстан🇰🇬казахыстан🇰🇿 #31августа ,False,,veraregina80700,Регина,,,,,,False,,,
7406969980207615248,2024-08-25T03:06:36,18,KG,803,45,35,20600,На площади готовится грандиозное представление #Кыргызстан #Бишкек #Kyrgyzstan #Bishkek #🇰🇬 #31августа ,False,,rich_rishat,Ришат Мухамеджанов,,,,,,False,,,
7410025329068199200,2024-09-02T08:42:58,10,KZ,92,1,8,4316,Все мамы мира 31 августа #школьник #2024 #топ #лето #сентябрь #врекомендации ,False,,madinalove8,madinalove8,,,,,,False,,,
7409969415820758277,2024-09-02T05:05:57,9,KZ,872,110,4,25400,2 сентября 8:00 #литвин#равшан#мишалитвин#опглитэнерджи#равш ,False,,litvin_blogi,Литвин,,,,,,False,,,
7398776590227983624,2024-08-03T01:12:01,24,KG,25100,240,281,379400,Новая площадь и новый флагшток.  Успеют закончить до 31 августа?  #бишкек #площадь #флаг ,False,,kyskachaaa,kyskachaaa,,,,,,False,,,
7409169460801785134,2024-08-31T01:21:44,16,US,866,238,23,38000,#31августа #конецлета #f #рек #capcut ,False,,_tasha_1.6,☾︎♥︎𝕋𝕒𝕤𝕙𝕒♥︎☽︎,,,,,,False,,,
7409358529468976389,2024-08-31T13:35:26,11,BY,965,257,6,34900,#осень #здравствуй #31августа #@f#@f ,False,,so_here_it_is,f,,,,,,False,,,
7409050992819358981,2024-08-30T17:41:58,18,UA,5089,6050,585,76700,#ВэтотДень #31августавсецарицаматерьбожья #богородица ,False,,susannawww1,susanna,,,,,,False,,,
7409039782933777697,2024-08-30T16:58:29,9,EG,80,281,6,2863,не по теме канала #последнийденьлета #31августа #поющиефрукты #мемы ,False,,nilly_rblx,ʜилли 🐠,,,,,,False,,,
7408991370884418848,2024-08-30T13:50:33,24,BG,5691,12300,0,447900,#31августа#деньдальнобойщика #сднемдальнобойщика #нигвоздянижезла #нигвоздянижезланадорогах ,False,,nataliia.sh_,🌸Наталия🌸,,,,,,False,,,
7409199768049683718,2024-08-31T03:19:21,8,UA,2266,376,19,16900,как де было хорошо тогда..#pimalixxi #31августа #грустно #школа #лето #конец ,False,,pimalixxi,𝕻𝕴𝕸𝕬𝕷𝕴𝖃𝖃𝕴,,,,,,False,No Comments,"137 Соборний проспект, Запоріжжя, Ukraine",Zaporizhzhia
7408997249566526725,2024-08-30T14:13:31,26,BY,3495,4634,126,131400,С Днём Дальнобойщика! #👋🤗😘💃⚘️ #дальнобойщики #31августа  #дальнобойщикирулят #длятебя  #деньдальбойщика  #дальнобой  #пожелание #поздравление #31  #сднемдальнобойщика #отдуши ,False,,_liliya_gurskaya_,Лилия,,,,,,False,,,
7408778856095583494,2024-08-30T00:05:56,14,KZ,434,326,8,18400,💔 вот и лето прошло 💔 #tik_tok #вотилетопрошло #тикток #лето #летопрошло #31августа #funny #notfunny #fyp #fypシ #tiktok #kazakhstan #август #рек #рекомендации #казахстан ,False,,tanya.s.rossi,Таня,,,,,,False,,,
7408919626077211910,2024-08-30T09:12:11,22,KZ,29000,34100,463,1100000,#31августа #деньдальнобойщика #сднемдальнобойщика #праздник #сднемдальнобойщика❤❤❤ #поздравление #поздравляю #дальнобойщики #дальнобойщик #дальнобойрулит #спраздником #сднемдальнобойщикаребята #позитив #видеооткрытка,False,,pouoksi70,Оксана,,,,,,False,,,
7409069823486954758,2024-08-30T18:55:04,15,UA,2552,1300,101,21600,😨 #ночнойактив #рек #fyp #рекомендации #31августа #ватафак #последнийденьлета #чозабретта ,False,,16.02.che,🛐,,,,,,False,,,
7408998287598013702,2024-08-30T14:17:30,18,KZ,1034,3127,42,38100,#доброеутро#пожеланиядоброгоутра#досвиданиялето#31августа#видеооткрытка#видеопожелания#svetlana_almati ,False,,svetlana_almati,Светуля🔥🔥🔥,,,,,,False,,,
7404930513728834849,2024-08-19T15:12:25,12,LV,184000,104800,2942,1100000,не верится даже как-то.#рек #лето #грустно #1сентября #31августа ,False,,cheliktpopaltyuda,cheliktpopaltyuda,,,,,,False,,,
7409361028372253957,2024-08-31T13:45:06,9,UA,17500,4397,35,161600,🥺#рекомендации#цитатысосмыслом#31августа#лето#fypage#global ,False,,stacy_.a_,𝓝,,,,,,False,,,
video_id,video_timestamp,video_duration,video_locationcreated,video_diggcount,video_sharecount,video_commentcount,video_playcount,video_description,video_is_ad,video_stickers,author_username,author_name,author_followercount,author_followingcount,author_heartcount,author_videocount,author_diggcount,author_verified,poi_name,poi_address,poi_city
7408115157898972449,2024-08-28T05:10:29,30,PL,169000,90300,5049,1500000,Тгк- в объятьях музыки💤 Название: Lalis Dream—Последний день лета #последнийденьлета #fypシ #fypシ #вобьятьяхмузыки #music #foryou #31августа ,False,,evko_durko,evko...,,,,,,False,,,
7409042844075265286,2024-08-30T17:10:24,14,BY,676,1318,33,25600,#последнийденьлета #загеев #31августа ,False,,maldini_ramos34,💀Zidandinho💀,,,,,,False,,,
7409399905933872385,2024-08-31T16:16:09,19,PL,42200,5591,1576,579100,чем вам запомнится это лето? // #fytagedit #lyrics #футажстекстом #последнийденьлета #разбитыекорабли ,False,,fytages.edits,𝑳𝒚𝒓𝒊𝒄𝒔 💋,,,,,,False,,,
7408998681791466798,2024-08-30T14:19:01,28,US,25100,6701,103,236100,💔💔💔💔💔💔 #конецлета #школаговно #школаотстой #последнийденьлета #сдохнеммыобяжательносдохнем ,False,,lipwixis_dixiii,dixiii,,,,,,False,,,
7408681000307363073,2024-08-29T17:46:13,30,UA,393200,225300,11000,3500000,• последний день лета…// #sonxify #lyrics #помледнийденьлета #разбитыекорабли #заброшеныйберегкоторыйлюбилимы #начасахосень #пощекамслезы #тыменянеспросишь #номнененадослов #fyp ,False,,sonxify,ㅤㅤ,,,,,,False,,,
7409218513279208722,2024-08-31T04:31:59,14,GB,52500,3579,63,524700,последний день лета #2024 ,False,,fedukoner,FEDUK,,,,,,True,,,
7409382368244501768,2024-08-31T15:07:53,28,US,10,1,0,447,💔последний💔день💔лета💔разбитые💔корабли💔#лето ,False,,millstannn,utaisspotifysongs,,,,,,False,,,
7409255163891911941,2024-08-31T06:54:19,20,BY,269400,41200,3398,2400000,тгк: eto_vova. СКОРО В ШКОЛУ😖😖😖@Тим-Томыч 🐢 @Глебыч🐢 #рекомендации #последнийденьлета #эх #школа #этовова ,False,,eto_vova3_4,GOSEROK🐢,,,,,,False,,,
7410109420056612102,2024-09-02T14:09:14,14,KZ,56200,36700,393,281100,23:09 эх 3 сентября🐆 #fyppppppppppppppppppppppp #бля #мяумяумяу #эхбля #явподвале #хз #3сентября #якалендарь #якалендарьпереверну #сентябрь #recomendation #последнийденьлета #ещкере ,False,,qai_mak,аппарат жизнеобеспечения🦅,,,,,,False,,,
7409046204262206750,2024-08-30T17:23:31,8,US,258,333,3,9970,"последний день лета, разбитые корабли... #последнийденьлета #31августа #1сентября #школа #геннадийгорин геннадий горин с гитарой последний день лета",False,,welty_x,⌯лⷨаꙵтⷧаꙵ веⷯлⷶтⷯиⷪкⷧс,,,,,,False,,,
7409058801791388961,2024-08-30T18:12:18,29,BY,16000,17500,359,137000,#31августа #последнийденьлета ,False,,_ykalka,игорь,,,,,,False,,,
7409191779729263889,2024-08-31T02:48:19,13,UZ,1495,348,38,17200,#CapCut уже 31 августа...😭😭😭😭😭😭😭😭#последнийденьлета😭🥺 ,False,,stay_1346,stay_143💖,,,,,,False,,,
7409278255129169157,2024-08-31T08:23:54,13,BY,3798,279,108,132900,#златуха #рек #последнийденьлета ,False,,zlata.tonkel,Zlatuxa,,,,,,False,,,
7409545513726397714,2024-09-01T01:40:57,10,EG,15300,1766,2325,97500,#разбитыекорабли💔😖 #последнийденьлета😭🥺 #разбитыекорабли💔😖 #последнийденьлета😭🥺 #разбитыекорабли💔😖 #последнийденьлета😭🥺 ,False,,gwozx,୨୧,,,,,,False,,,
7409387158244429061,2024-08-31T15:26:30,17,BY,4111,2950,45,19700,#последнийденьлета #курткобейн #31августа #рекомендации #школа #нирвана #davegrohl #kristnovoselic #music #90s #grunge #viralvideo #fyp ,False,,funchoza._,cherveza,,,,,,False,,,
7409199139659058438,2024-08-31T03:16:54,9,BY,15800,10000,428,164600,последний день лета 😭😭😭#😭#последний #день #лета #разбитые #корабли ,False,,ycatikot,усатый кот,,,,,,False,,,
7408783610905513258,2024-08-30T00:24:23,16,BY,16100,9851,118,701000,#хорошегонастроения #здравствуйосень #вотилетопрошло #пожелание #хорошегодня #видеоназаказ #последнийденьлета ,False,,nata180777,Наталья Живага,,,,,,False,,,
7409042455540010258,2024-08-30T17:08:51,7,IL,71500,82600,746,1100000,#последнийденьлетаразбитыекорабли #почледнийденьлета #последнийденьлета ,False,,skzlif,⚔️🇮🇱 丰,,,,,,False,,,
7408998774967684360,2024-08-30T14:19:20,30,US,1366,4865,46,59100,ТОЛЬКО НЕ ЭТО😭😭😭 #popular #последнийденьлетаразбитые #последнийденьлета #лето #песня #последнийденьлетапесня #тт #тикток #рек #реки #рекомендации #котикиплачут #коты #кот #котики #мем #прикол #31августа #1сентября #lastdayofsummer #fyp #fypage #31august #fupシ #fup #freedurov #summer #song #tiktok #tt #telegram #cat #cats #mem #meme #catsmeme #cry #31august #1september #firstseptember #backtoschool #school ,False,,vkwwki,•𝑽𝑲𝑾𝑾𝑲𝑰•,,,,,,False,,,
7409276593438280965,2024-08-31T08:17:29,7,BY,526,386,7,2944,#genshinimpact #геншинимпакт #геншин #последнийденьлета #рекомендации #рек #рекомендации #рек ,False,,bei.dou._.genshin.impact,Бей Доу,,,,,,False,,,
7404901419175660808,2024-08-19T13:19:26,5,KZ,59900,7262,1270,1500000,до школы 10 дней 😭 ,False,,sasshkinns,ТГК: сааша тут ✌🏻,,,,,,False,,,
6863844715645701381,2020-08-22T12:23:09,10,RU,430000,35800,12000,2800000,❤️ 😔 🧡 😔 #рек #рекомендации #врек #врекоминдации #хочуврек #хочуврекомендации #топ #топчик #тикток #рек #врек #рек #рек #врек #хочуврек #рек #врек,False,,ariv__19,😶‍🌫️,,,,,,False,,,
7409044442021104902,2024-08-30T17:16:34,14,UA,21300,21800,434,217900,последний день лета #последнийденьлета #чозабретта #52 #дослободыдоедем? #литвин #кондиции #roblox #campus #кампусы #9mice #kaiangel ,False,,r4di4nc3,campusk1ng,,,,,,False,,,
7410036713222851845,2024-09-02T09:27:08,10,UA,77,5,143,6343,#последнийденьлета😭🥺 #сушипіцатимоятигриця #♡р♡е♡к♡о♡м♡е♡н♡д♡а♡ц♡и #сушипіцатимоятигриця ,False,,__32949,☆,,,,,,False,,,
7410071669018086663,2024-09-02T11:42:42,8,KZ,70,1,9,549,Как прошел ваш день? Промокод NOVA на скидку в 300р в магазе SAVAGEMODE⚡️#сентябрьгорит #школажиза #последнийденьлета #гуль #сыностановки ,False,,savagemode_nova,Промо NOVA (тгк Воркаут Чита),,,,,,False,,,
7409186994527456517,2024-08-31T02:29:44,30,UA,615,520,37,26900,:( #последний #день #лета #последнийденьлета #лето2024 #лето #щитпост #переписка #рек #fypシ #fyp #on ,False,,besonene,kikhfm,,,,,,False,,,
7410183950171213063,2024-09-02T18:58:31,12,GE,45,0,0,467,даже не знаю что сказать:) просто оставлю это тут. . . . #лето #лето2024 #последнийденьлета #summer #summer2024 #august #summeraesthetic #эстетикалета #рек #хочуврек #реки #можноврек #🥲 #лето💔 #конецлета ,False,,opossumshto,чё это,,,,,,False,,,
7408997570803993887,2024-08-30T14:14:51,5,AZ,8437,16700,148,116600,#лето #последнийденьлета #fyp #foryou #pyf ,False,,andrefnhs1w,andrei.,,,,,,False,,,
7410034637356944645,2024-09-02T09:19:02,7,BY,53,0,2,2385,Всем родителям сил! Скоро май! Держимся,False,,proekt_bez_bashni_,Запальнiчка,,,,,,False,,,
7410101575873547541,2024-09-02T13:38:53,15,SA,16,0,0,190,(( #лето #последнийденьлета #рекомендации #кобачок ,False,,hejelsss,машка,,,,,,False,,,
7269039002609585416,2023-08-19T10:23:54,5,DE,371500,68200,1650,3300000,#CapCut #последнийденьлета #барбоскины #мкльтики ,False,,eklif_t,Ярослав Эклиф,,,,,,False,,,
7273059811338554629,2023-08-30T06:26:41,5,BY,500800,75000,5992,5400000,Как тут не плакать..,False,,wlad.muzalev,Бадабумчик🧑🏼‍🦲,,,,,,False,,,
7410085412032548104,2024-09-02T12:36:01,9,BY,55,0,0,532,это лето запомнится точно как лучшее лето🩷,False,,_.kuzminova._,ВИКСА ПОЛУЧАЕТСЯ🩷,,,,,,False,,,
6867076051932105986,2020-08-31T05:22:21,17,RU,52200,5847,1539,787100,Чем запомнилось это лето?#лето#рекомендации😭😭😭 #грустныепесни #последнийденьлета #грусть #печаль #лето2020 #хочувтоп #рек,False,,lost.self,Lost.self,,,,,,False,,,
video_id,video_timestamp,video_duration,video_locationcreated,video_diggcount,video_sharecount,video_commentcount,video_playcount,video_description,video_is_ad,video_stickers,author_username,author_name,author_followercount,author_followingcount,author_heartcount,author_videocount,author_diggcount,author_verified,poi_name,poi_address,poi_city
7410157094684429600,2024-09-02T17:14:18,23,ES,105500,8839,644,916300,😂 Se parece más a Lamine Yamal que Lamine Yamal / 🎥 @elkadiii60 @🇩🇴🖤💫®️ #lamineyamal #fcbarcelona #deportesentiktok #barça #viral #tiktokfootballacademy #viralvideo #lamine #football #futbol ,False,,postunited,Post United,,,,,,True,,,
7409990681495702817,2024-09-02T06:28:41,5,ES,265900,3903,1937,1200000,Gaaaviiii 🫶🫠 #fcbarcelona #barça #barçaontiktok #barcelona #gavi #football #sports #deportesentiktok ,False,,fcbarcelona,fcbarcelona,,,,,,True,Barcelona,"Barcelona, Carrer de Barcelona, les Franqueses del Vallès, Vallés Oriental, Barcelona, ES-B, Cataluña, ES-CT, 08520, España",
7409352212314410256,2024-08-31T13:12:59,25,BH,423000,11000,1376,2700000,Im to fast x Balde|| ib Sir:@fati.ftbl || #balde#barca#barcelona #spain #ucl #euro#football #footballedit #aftereffects#aepb99_,False,,aep.b99,B99ae,,,,,,False,,,
7384621356110941445,2024-06-25T21:42:28,15,US,4000000,81400,26800,31400000,con mi camisa del barca 🥰🫶🏻,False,,iamferv,Katteyes,,,,,,False,,,
7389561711684078854,2024-07-09T05:13:34,11,ID,1800000,135100,4168,12500000,"la mama de la mama #hectorfort #hector #hectoredit #football #euro2024 #spain #viscabarca #edit #barca #fcb #fcbarcelona🔵🔴 #fy #foru #footballfyp #fcbarcelona #xyzabc | ac: fclientje scp: fc.scp, vocalfilmzscp, joaoaspacks on ig",False,,fortsvsp,kesia ౨ৎ,,,,,,False,,,
7373027888183938337,2024-05-25T15:53:55,22,ES,792700,8130,5296,4100000,El Barça és la nostra vida 🥹🫶 #fcbarcelona #tiktokdeportes #barça #barcelona #barçaontiktok #uwcl #final ,False,,fcbarcelona,fcbarcelona,,,,,,True,Barcelona,"Barcelona, Carrer de Barcelona, les Franqueses del Vallès, Vallés Oriental, Barcelona, ES-B, Cataluña, ES-CT, 08520, España",
7395217170549984545,2024-07-24T10:59:39,62,DE,518800,9876,2095,4300000,R.I.P Xana #sad #barca #fyp ,False,,the_football_vip,Football.VIP,,,,,,False,,,
7389268080356052232,2024-07-08T10:14:09,13,EG,1800000,158100,6058,13900000,mirándote #hectorfort #hector #edit #xyzbca #fyp #barcelona #barca #foryoupage #fypage #fy #blowup #viral ,False,,hect0r4t,Hect0r4t,,,,,,False,,,
7383221287365217541,2024-06-22T03:09:30,15,ID,1000000,76900,3334,6500000,how is bro so fine #hectorfort #hectorfortedit #fc #fcbarcelona #barca #euro2024 #dontletthisflop #fyp #foryou #football #soccer #editing #edit #xybca  #mepapaqueepop #foru ,False,,hctorf,solana 𐙚,,,,,,False,,,
video_id,video_timestamp,video_duration,video_locationcreated,video_diggcount,video_sharecount,video_commentcount,video_playcount,video_description,video_is_ad,video_stickers,author_username,author_name,author_followercount,author_followingcount,author_heartcount,author_videocount,author_diggcount,author_verified,poi_name,poi_address,poi_city
7374615837061221678,2024-05-29T22:35:56,12,US,256300,2252,3449,1900000,Tired of these white and yellow girls calling themselves morenas #fyp #morena #prieta ,False,,stephanallure,stephanallure,,,,,,False,,,
7410205090516110597,2024-09-02T21:00:00,109,MX,1690,65,913,42100,"Joaquín sobre reforma: ""A los jueces no los elegirá el pueblo, sino Morena"" ⚖️ 🫵 #Joaquín #Reforma #ReformaJudicial #Morena",False,,radio_formula,Radio Fórmula,,,,,,True,,,
7402738271526145285,2024-08-13T17:25:24,18,CO,843900,22000,4400,9900000,"MORENAAA, una sorpresita este jueves 15.08 🦦🥥🌴 #nuevamusica #newmusic #MORENA #SuenaEnTikTok #Beele ",True,,beele,BEÉLE,,,,,,True,,,
7367900587586866474,2024-05-11T20:17:29,15,US,127300,3588,310,1000000,hard life out here #fyp #foryou #morena #sunscreen ,False,,llovebigmacs,lloveBigMacs,,,,,,False,,,
7406431760038317317,2024-08-23T16:18:00,15,GT,223800,2184,361,2400000,Como que no vrg JAJAJAJAJA #parati #tinte #cobrizo #amo #morena #parati #fyp ,False,,angevelash,𝐅𝐫𝐢𝐤𝐢𝐬,,,,,,False,,,
7403889701247028486,2024-08-16T19:53:30,21,EC,164000,1554,717,2600000,para las chicas morenas q se identifiquen 😊❤️#morenas #piel #fypシ゚viral #titkok #paratiiiiiiiiiiiiiiiiiiiiiiiiiiiiiii #identificarse,False,,stefaniez.f,🐣🌷𝐒🌷🐣,,,,,,False,,,
7384554112056118533,2024-06-25T17:21:33,15,VE,62700,579,96,698900,Dulce como el agua e panela🍁✨  #morena #pielesmorenas #paratiiiiiiiiiiiiiiiiiiiiiiiiiiiiiii #foryou ,False,,hii.debbyy,Debby Duran,,,,,,False,,,
7376793999035616517,2024-06-04T19:28:19,25,PE,111100,5455,137,1600000,Morena 🤎 #beelemusic #beele #fyppppppppppppppppppppppp #viral #fypシ #paisaje #atardecer ,False,,kvvp_22,Key,,,,,,False,,,
7375544072204733697,2024-06-01T10:38:02,15,NL,657300,10700,6327,4800000,🤭🤭#spanish #tao #fyp #filo #spañol #filipino #morena ,False,,nozhiu_,เกวน,,,,,,False,,,
7372218560854183174,2024-05-23T11:33:16,13,AR,41000,140,30,474600,Hola volvi?😶‍🌫️,False,,morenbello,Morena,,,,,,True,,,
7408614759194496289,2024-08-29T13:29:08,109,IT,72800,4435,2730,2400000,@Morena✌🏻 #perte #video #morena #camionista #super #italia #puglia #grande #mondo #eleganza #stile #viaggiare #disciplina #autista ,False,,l_avvocato86,L_avvocato86,,,,,,False,,,
7386419117630164230,2024-06-30T17:58:54,18,BR,130300,3799,417,667200,a morena tá viva!!! #fyp #fy #viral #xybca #morena #salvejorge #globo #novelasglobo #edit #globoplay #foryoupage ,False,,benphie,estela,,,,,,False,Complexo do Alemão,"Rio de Janeiro, Brazil",
7356763103784094981,2024-04-11T19:58:12,24,MX,209900,2232,2284,3400000,"Con mucho cariño de todos los meridanos que creemos en la transformación. MÉRIDA, con M de MORENA #morena #rommelpacheco #merida #yucatan #claudiasheimbaum #mexico #4t #yucatecos #cosasdeyucatecos #meridanos #yucatanmerida #planc @Claudia Sheinbaum Pardo ",False,,rommel_pacheco,Rommel_Pacheco,,,,,,True,Merida,"Yucatán, Mexico",
7393362061612354848,2024-07-19T11:00:55,15,IT,192900,13200,2526,1400000,#fyp #fyppppppppppppppppppppppp #viral #viralvideo #viraltiktok #cantstopthinkingofyou #fypage #repost #initials #e #E #bailamorena #dalemoreno #blackguys #blackboys ,False,,..repost26,..repost…,,,,,,False,,,
7376744266279832837,2024-06-04T16:15:21,21,ES,108200,3820,459,868000,Sale el 10 de Junio en Spotify 🤎🤎🤎 #darviin #artistaindependiente #boleros #morena #artista ,False,,dondarviin,DonDarviin,,,,,,False,,,
7365321518710131975,2024-05-04T21:29:20,51,MX,445800,15000,8085,8600000,Miren este increíble rap llamado La Primera Les invito verlo completo en mi canal de YouTube 😎. #parati #fyp #laprimera #Morena #lovientiktok #trend ,False,,claudiasheinbaum,Claudia Sheinbaum Pardo,,,,,,True,,,
7380566440027606278,2024-06-14T23:27:18,11,PH,84500,1717,2034,559900,ib:?? || MORENA IS NOT NEGRA!! #foryourpage #fypage #fypシ゚viral #copylink #leyn #mikhahotie #fyppppppppppppppppppppppp #morena ,False,,asaonlyy_,Ariza.,,,,,,False,,,
7375115827810471173,2024-05-31T06:56:20,21,BR,140800,2551,5047,2000000,Morena Tropicana... 🌴🍹✨🎬 Você quer o sabor da morena? 🫢 #maquiagem #makeup #makeupartist  #challengemakeup #maquiagembrasil  #morenatropicana  #makeuptransformation #viral #fy #fyp ,False,,luissmakeup,Luis Makeup,,,,,,False,Belem,"Para, Brazil",
7372988600956275974,2024-05-25T13:21:25,21,BR,109400,763,1100,4300000,Morena❤️‍🔥 #morena #morenatropicana #capcut #capcutvelocity #tropicana #mtg #morenatropicana🌺 ,False,,gabifarias_11,GABRIELLA FARIAS ✨,,,,,,False,,,
7377023178213805318,2024-06-05T10:17:40,24,ES,261900,18000,2007,3000000,JAJAJAJAJAAJA QUE BOLAS #beele #morena #isabella #camila #cara #like #follow ,False,,tinavalen.1,Valentina Suárez,,,,,,False,,,
7331833253189537029,2024-02-04T14:37:40,9,AR,32600,78,40,475400,me levanté de la siesta y me entró la locura 🍒✨,False,,morenbello,Morena,,,,,,True,,,
7387959624504298773,2024-07-04T21:36:47,16,EG,1300000,102900,3674,8400000,Baila morenaa #hectorfort #hector #fyp #fypage #foryoupage #blowup #xybca #xyzbca #viral #barcelona #foryou #edit ,False,,hect0r4t,Hect0r4t,,,,,,False,,,
7349178544854977797,2024-03-22T09:26:15,109,IT,54600,19000,10200,900600,Asi es socialismo de morena! #elpelondelosseguros #albertorazo #mexico #mexicanos #politica #politicos #morena #4t #amlo #chairos #amlovers #corruptos #socialismo #comunismo #elecciones2024 #vota #democracia #andresmanuellopezobrador #xochiltgalvez #claudiasheimbaum #parati #viral ,False,,albertorazoelpelon,Alberto Razo,,,,,,False,Guadalajara Jalisco,"Tlaxcala, Mexico",
7382032220162100485,2024-06-18T22:15:16,9,AR,507000,25000,725,2700000,,False,,morenbello,Morena,,,,,,True,,,
7406430576913173765,2024-08-23T16:13:26,270,MX,38500,21300,2823,806800,ENTERATE. CUÁL ES LA VERDADERA RAZON  de #Morena #AMLO y #ClaudiaSheinbaum por la #ReformaJudicial y la #Sobrerrepresentacion VAN POR EL BANCO DE MEXICO ,False,,laverdadagritos,laverdadagritos,,,,,,False,,,
7380592527025442054,2024-06-15T01:08:32,9,EC,43800,1556,39,442300,"no se imaginan lo que amo los atardeceres, el mar, el sol, la arena, quemarme 🤎☀️✨🌊🌸🐢🐟✨ #playa #morena #fypシ ",False,,maria_jerardo,Maria Jerardo,,,,,,False,,,
7361113152135761158,2024-04-23T13:18:36,15,PH,124400,1970,899,950600,#foryou #fyp #morena ,False,,lm0ri.sz,L,,,,,,False,,,
7372071506983111942,2024-05-23T02:02:37,15,PH,87200,1787,421,498400,I'm Morena lol#trending #zyxcba #fyppppppppppppppppppppppp #morenas #fyp #fyp #fyp ,False,,humotkaugilok,𝓕𝓻𝓮𝓪𝓴𝔂,,,,,,False,,,
7374167493520280838,2024-05-28T17:36:11,60,BR,158600,7361,576,2100000,a culpa é sempre da morena kkkk #luansantana #sertanejo #luancity #morena ,False,,anjovesgo,Luan Santana,,,,,,False,,,
7376171667074206981,2024-06-03T03:13:23,12,MX,1000000,120900,28200,12500000,🥺 #tiktok #fyppppppppppppppppppppppp #parati #jaja #xochitlgalvez #xochitl #prian #claudiasheimbaum #sheimbaum #presidenta #morena #mexico #pueblo #mexicano #4t #fyp #4transformacion #🇲🇽 #mx #viral ✨,False,,dianaferrao24,Di 🌻🌈,,,,,,False,,,
7378226472047185157,2024-06-08T16:07:03,22,BR,121700,16100,681,3400000,Rodeio se casa branca 2024 jaboticaba rodeio featival  #rodeio #versos #sertanejo #boi #morena #loira #locutorderodeio  verso minha autoria ,False,,locutordavidsantos,locutordavidsantos,,,,,,False,,,
7385767904521899271,2024-06-28T23:51:42,18,PH,42600,810,170,684800,cheers to being morena! 🤎 #fyp #haircolor #morena ,False,,cie4nne,IG: cie4nne,,,,,,False,,,
7389787064650288389,2024-07-09T19:48:04,13,MX,165200,3842,389,928100,El verdadero sueño 🤞🏼✨                         #Viral #fyp #foryou #foryoupage #fypシ #folklore #mexico #folkloremexicano #folklorista #danzafolklorica #veracruz #bfm #danza #bailarina #lamorena #amaliahernandez ,False,,_emilymt,Emi 🧚🏼‍♀️✨,,,,,,False,,,
7381651515418709253,2024-06-17T21:37:59,14,CA,58500,6065,411,1500000,Mi momento mas humilde #juve3dstudio #juventusfans⚪⚫ #momento #momentohumilde #humor #parari #prati #moreno #pielmorena #rasism #canada_life🇨🇦 ,False,,gaudencio_prado,gaudencio_prado,,,,,,False,,,
video_id,video_timestamp,video_duration,video_locationcreated,video_diggcount,video_sharecount,video_commentcount,video_playcount,video_description,video_is_ad,video_stickers,author_username,author_name,author_followercount,author_followingcount,author_heartcount,author_videocount,author_diggcount,author_verified,poi_name,poi_address,poi_city
7239000725626539310,2023-05-30T11:40:11,29,US,3108,23,12,66100,Should he get half credit for this catch? #kayakbassfishing  #kayakfishing #fishingkayaks  #fishingvideos #midwestfishing  #illinoisfishing ,False,,ilyakkin,ILyakkin - Kayak Fishing,,,,,,False,Big River Township,"Missouri, United States",
7242689968605383979,2023-06-09T10:16:29,55,US,2015,44,12,63300,1 Kayak Fishing Accessory I REGRET Not Buying Sooner #kayakfishing #kayakbassfishing #kayakfishing,False,,wendellfishing,Daren Wendell,,,,,,False,,,
7196421242499419435,2023-02-04T16:50:02,16,US,2668,117,46,107700,Best starter fishing kayak🤝 #fyp #fishing #fishtok #bassfishing #fishingtiktoks #kayak #basspro #fish #bass #fishingkayak #foryou #viral #blowthisup ,False,,rippin_lips_tv_,Rippin Lips TV,,,,,,False,,,
7397456560336702763,2024-07-30T11:49:43,14,US,55100,1148,765,1300000,How to lose your entire fishing setup in 15 seconds… #kayak #kayakfishing #fishing #fish #kayakbassfishing #bassfishing ,False,,stlfishing,Brian Welch,,,,,,False,Lake of the Ozarks,"Missouri, USA",Camdenton
7390018000050507050,2024-07-10T10:44:22,103,US,56000,4772,281,680100,Take me back to those prices! Total jon boat build cost in 2018 🤯 #jonboat #bassfishing #fishingboat #restoration #tinyboatnation #kayakfishing ,False,,brigadeboats,ADUBJONES,,,,,,False,,,
7358496199936314670,2024-04-16T12:03:36,21,US,77900,1808,576,1100000,"Instant regret! Fishing is supposed to be calming, right? #kayakbassfishing #bassfishing #fishing ",False,,chrismitchellfishing,Chris Mitchell,,,,,,False,,,
7408634451904728350,2024-08-29T14:45:40,78,CA,5626,111,54,51700,I Can't Believe I Found This #fishing #fish #bassfishing #fisherman #largemouthbass #kayakfishing #riverfishing,False,,stef_fishh,Stef Fish,,,,,,False,,,
7325647007899553066,2024-01-18T22:32:02,18,US,135800,2076,718,5600000,I definitely wasn't expecting that bite! I was cruising to my spot and must have set that buzzbait on his head. 😆 #kayakfishing #bassfishing,False,,weslie.gray,Weslie Gray Fishing,,,,,,False,,,
7380865313505594666,2024-06-15T18:47:09,8,US,160100,7963,1047,1500000,#fishing #fishtok #fisherman #fisher #fish #kayakfishing #largemouthbass #largemouth #tackle #bankfishing #bassfishing #bigbass ,False,,gavinbigbassbrown,gavinbigbassbrown,,,,,,False,Saint Simons Island,"Glynn County, Georgia, United States",
7244896730091818286,2023-06-15T09:00:10,24,US,3041,101,48,98000,Whoops 😬 I initially wasn’t gonna post this but decided why not. As it’s a lesson in bailing vs flipping. I’ve never flipped my yak. I’ve bailed many times and this is one of them. I realized I over extended a bit trying to hero net this giant Texas largemouth and just decided to swing out since it was shallow water. I don’t mind getting wet but losing that fish stung. Kicking myself for even touching that cursed net. She was definitely the biggest I’d seen my whole trip 😭 Channeled my inner @Bass and Brews Podcast and fell out since i couldnt catch the fish 😂 Part 2 of this will go live tomorrow. It has a kind of happy ending! #kayakbassfishing  #kayakfishing #fishingkayaks  #fishingvideos ,False,,ilyakkin,ILyakkin - Kayak Fishing,,,,,,False,Possum Kingdom Lake,"Texas, USA",Graford
7349582426446007598,2024-03-23T11:34:03,105,US,121000,3083,497,1700000,The best kayak fishing setup! 😆🎣 #kayakfishing #howtofish #fishing #bassfishing #fishingtips #beginnerfishing #kayaking #fishingvideo #fishing101 #saltwaterfishing ,False,,sightfish,sightfish,,,,,,False,,,
7331153887849696554,2024-02-02T18:41:48,19,US,13300,1506,293,1400000,"This Hobie Lynx is a super-stable, light weight pedal kayak!     #girlgonefishing #strictlysailandkayak #strictlysailteam #kayak #kayaking #fishing #hobie #hobielynx #kayakfishing #fishing #kayakbassfishing @strictly_sail_and_kayak ",False,,melissa_girlgonefishing,Melissa_Kegg,,,,,,False,,,
7273144848192933162,2023-08-30T11:57:03,86,US,11400,434,243,112000,Monster bass flipping the trees #bassfishing #bass #fishing #kayakfishing #largemouthbass ,False,,fishlikemike,fishlikemike,,,,,,False,,,
7109212250271108398,2022-06-14T17:34:25,48,US,5707,52,124,124600,Part 1. Of Fishing On My New Kayak 🎣 #kayak #fishing #fishtok #MakeASplash #lmb #largemouthbass #bassfishinglife #strangerthings,False,,slappinthebass_,Slap,,,,,,False,,,
7352645829322100010,2024-03-31T17:41:22,52,US,839,93,29,28500,Cheap & easy DIY for your @Lifetime Products kayak! #kayak #kayakfishing #diy #fyp #fishing #bassfishing #project #cheap #foryou #viral ,False,,derrickaronhalt,Derrick Aronhalt,,,,,,False,,,
7341897677317229867,2024-03-02T17:33:15,36,US,1674,144,33,42800,"If You Want to Fish But You’re on a Tight Budget, This is FOR YOU! 💸#fishing #budget #kayak #bassfishing #fyp ",False,,ckfoutdoors,ckfoutdoors,,,,,,False,,,
7328410682515311915,2024-01-26T09:16:31,9,US,2771,76,22,39300,I can’t tell you how many times someone said this to me as a kid. As I got older I realized these seasoned anglers were right. A bad day of fishing really does best a good day at work! #kayakbassfishing #fishinggear #fishingkayak   #fishingvideos  ,False,,ilyakkin,ILyakkin - Kayak Fishing,,,,,,False,Iowa,United States,
7395037481323728133,2024-07-23T23:22:20,7,CA,14100,571,121,377500,WHOPPER PLOPPER Topwater Bass Fishing #bassfishing #topwater #topwaterbass #viral #kayakfishing #manitobabass #bassfishingcanada #bassfishinglife #fyp ,False,,freshwaterfishingadrian,Freshwater Fishing with Adrian,,,,,,False,,,
7341897792714984734,2024-03-02T17:33:45,54,US,6885,59,63,176100,"My baitcaster story, so far...  #bassfishing #kayakfishing #fishing #fishingtiktoks ",False,,nwtrailseries,NwTrailSeries,,,,,,False,Kitsap County,"Washington, United States",
7375268715870440735,2024-05-31T16:53:39,46,US,726,44,23,18600,What Fishing is like in the Upper Peninsula of Michigan #kayakbassfishing #foryou #kayakfishing #walleyefishing #outdoors #michigan #upperpeninsulafishing #bassfishing #pikefishing,False,,wandering_yooper,Wandering_yooper,,,,,,False,,,
7185965189827923246,2023-01-07T12:35:19,56,US,89,3,5,4614,Never pass up a lilly pad patch👊🏽🎣 . . . #bassfishing #kayakbassfishing #powerfishing #fishingtiktoks #bassfishinglife ,False,,socobassin,SOCObassin,,,,,,False,,,
7201077621340392746,2023-02-17T06:01:22,21,US,140,15,3,2428,#kayakbassfishing #kayakfishing #yakrods #teamyakrods #kayakanglertough @bonafidekayaks ,False,,musgroveoutdoors,Musgrove Outdoors,,,,,,False,,,
7337821665776225578,2024-02-20T17:55:55,59,US,369,3,8,9292,Kayak fishing rods #kayakfishing #bass #bassfishing #bassfisherman #fishing #fishtok #fishinglife #fyp ,False,,jonathan_dietz_fishing,Jonathan_Dietz_Fishing,,,,,,False,,,
7395885064942325022,2024-07-29T06:00:00,20,US,36000,4316,795,551700,Great few hours on the water. New video is on my youtube channel. #MaineBassFishing #NativeWatercraft #NativeSlayerMax10 #FishingIsGoodHere #WomensFishingFederation #KBF #KayakBassFishing #Bass #KayakFishing #GoProHero12 #bassfishing #fishing #girlswhofish #retiredandlovingit #retiredlife #LivingTheDream #freshwaterfishing #tightlines #ladyanglers @gopro #ILoveFishing #fishmonkeygloves #bendingbranches #columbiapfg #streamfishing #largie #NekoRig #stcroixrods #legendxtreme #shimanofishing #vanford2500hg,False,,oldladyangler,OLA,,,,,,False,,,
7374550431655021867,2024-05-29T18:22:09,59,US,44300,339,206,882200,Bass fishing with a Frog has a really funny quirk lol #bassfishing #kayakfishing #lakefishing #fishing #fishingtiktoks #baitcaster #topwaterfishing ,False,,nwtrailseries,NwTrailSeries,,,,,,False,Washington,United States,
7353814256577596718,2024-04-03T21:15:26,11,US,75700,590,329,5400000,👀👀🎣 #topwater #bassfishing #whopperplopper #fishing #fishinglife #fish #bass #fishinggirl #fishingtime #fishon #angler #kayakbassfishing #ascend #tightlines #blowup #neverstopexploring #liveaction #fishing🐟 #bigbassenergy #largemouthbass #biggin #anglero #crankbait #outdoor #fishingisacontactsport #woo #dobyns #shimano #addiction #explore ,False,,angler.o,Omar Al-Syoof,,,,,,False,,,
7410240501544209706,2024-09-02T22:37:50,19,US,17,0,2,98,#Kayak #BassFishing #Susquehanna #Smallmouth #River #FishTok #PA #Fishing #Splash #Water #Jump ,False,,pa.kayakbassin,Jake,,,,,,False,Susquehanna River,"Susquehanna River, United States",Ashley
7373860174647414058,2024-05-27T21:43:35,61,US,29000,167,225,724800,SHOULD I BUY THIS KAYAK? 😨😯 #fishing #fishingvideos #fishingtime #bassfishing #texasfishing #outdoors #jermfishingtv #freshwaterfishing #fishtok #pondfishing #kayak ,False,,jermfishingtv,Jerm 🎣,,,,,,False,,,
7220611190270070059,2023-04-10T22:19:22,12,US,4713,189,32,152700,Did you know that??? ⬇️⬇️⬇️  • #kayak  #kayaking #kayakfishing #fishing #nature #canoe #fyp #foryoupage #bassfishing #fishtok ,False,,ecofishingshop,Eco Fishing Shop,,,,,,False,,,
7388683119655767338,2024-07-06T20:24:16,21,US,159300,5719,635,2900000,#lifehacks #kayaking #bassfishing #lillypads #fyp #dermatology #skincare #protect #healthyskin @DSG Outerwear ,False,,hdefarmpondjunkie,Hdefarmpondjunkie,,,,,,False,,,
7204621303519792430,2023-02-26T19:10:27,8,US,2233,86,16,89600,Anchor down #fishing #kayaking #bass #bassfishing #outdoors my favorite kayak accessory ,False,,justinfloyd,JustinFloyd,,,,,,False,,,
7366709542635179306,2024-05-08T15:15:40,63,US,5570,29,11,117900,Kayak Fishing! 🫣🎣 #fishing #fishingtips #bassfishing #fishinglures #fishingvideos #howtofish #beginnerfisherman #saltwaterfishing ,False,,sightfish,sightfish,,,,,,False,,,
7164594810244943147,2022-11-10T22:27:11,31,US,5391,47,42,128000,Every fishermans worst nightmare. This was definitely the catch of the day #fisherman #kayaking #bassfishing #bass #fishing ,False,,justinfloyd,JustinFloyd,,,,,,False,,,
7377873315458845994,2024-06-07T17:16:40,10,US,3977,102,332,30400,#fishing #fishtok #fisherman #fisher #fish #kayakfishing #largemouthbass #largemouth #bassfishing #lure #bigbass #bankfishing #bigbassbrown #tackle ,False,,gavinbigbassbrown,gavinbigbassbrown,,,,,,False,,,
7247296284581809450,2023-06-21T20:11:10,27,US,232,15,9,5934,"might start doing more of these voice-overs, I like it lol. #fishing #bass #bassfishing #largemouth #kayak #kayakfishing #voiceover #pov #pnw #nature #oregon ",False,,logan_gressett,Logan Gressett,,,,,,False,,,
video_id,video_timestamp,video_duration,video_locationcreated,video_diggcount,video_sharecount,video_commentcount,video_playcount,video_description,video_is_ad,video_stickers,author_username,author_name,author_followercount,author_followingcount,author_heartcount,author_videocount,author_diggcount,author_verified,poi_name,poi_address,poi_city
7399036161106218272,2024-08-03T17:59:22,9,GB,1100000,250700,3719,7100000,#viral #dog #drive #fyp #xzybca ,False,,user78910xo,🤷🏼‍♀️,,,,,,False,,,
7386720669653945642,2024-07-01T13:28:56,8,US,311100,20500,0,2200000,I SWEAR 💯. #pregnant #teenmom #18tiktokdonttakedown #rs #viral #idc #momsoftiktok #jokes #😹😹😹😹 #fyppppppppppppppppppppppp #iswear #summervibes #relaxx #justcontent #chill #waterpark #smh #preganncytiktok #journey #xycba #zybca #lmao #likee #lolz #dontshadowbamme #virall #fyppp ,False,,ms.lovessunsets,Xenobia ᡣ𐭩🎀,,,,,,False,Totally For You,"3694 Seneca St, Buffalo, United States",West Seneca
6920841578248473858,2021-01-23T01:40:02,25,ID,461700,6081,4216,54500000,gini caranya yak | guys bantuin instagram ku 200k 🙏🏻🙏🏻 FOLLOW IG : VITOSINAGA #notforyou #xybca,False,,vitosinagaprank,Vito Sinaga,,,,,,True,,,
7410350084807724305,2024-09-03T05:43:11,14,PH,6585,94,76,55800,"nakakapit yung mga daliri ni Baby Calyx sa daliri ni tita Jaz, cuteii!! 🥹🤍🫶🏻 @Marie Twins🐵👭🏼 @Yaji Figueroa 🕷️ @im_bubbles @jazmina1214 #rheaeditzs #yabbyfans #homlina🤍 #ad #fypppp #babycalyx #yabby #blowthisupforme #titajaz #zybca #blowthisupforme ",False,,rheaxphiang_,Rhea,,,,,,False,,,
7388513858983431429,2024-07-06T09:27:20,12,TR,1900000,55800,16100,9600000,rip michelle grandma🕊️🥀🪽#fyp #fypシ #foryoupage #dima #xzybca #bpwkpp #dancewithpubgm #edit #maybeurfaveditor0 #michelle #michellegrandma,False,,maybeurfaveditor0,maybeurfaveditor0,,,,,,False,,,
7399159246811680005,2024-08-04T01:56:54,9,MX,377000,31500,2056,1700000,"-, es tan lindo.. #lyrics #hejustlooklikeadream #🤍 #aguadecoco🥥 #zxycbaシ #zybca #lentejas ",False,,.svvan4,＠    ᯓ★,,,,,,False,,,
7410431844476407072,2024-09-03T11:00:26,27,GB,33,0,1,230,this too 4 episodes of victorious and longer 😅  | @sundaykalogeras please tag her | #sundaykalogeras #sunday #fyp #foryoupage #blowup #viral #goviral #viraal #blowthisup #dontflop #xzybca #zybca #sundaykgfs,False,,sundaykgfs,cee,,,,,,False,,,
7386993272872308001,2024-07-02T07:06:45,12,BG,686900,14900,2995,3000000,#wlw #lolabunny #makeup #07 #newvideo #zybca,False,,t.alavender,T.A Lavender,,,,,,False,,,
7212248311166684421,2023-03-19T09:26:59,58,PH,268900,2240,0,36400000,ahh talaga ba Luke😂🤭#davidlicauco #barbieforteza #daigkayonglolako #lady #luke #filay #filayy #filayyyy #fyp #foryoupage #fypシ #zyxbca ,False,,filayers,mylabs | deybid,,,,,,False,,,
7299412623534198021,2023-11-09T05:49:02,12,ID,205400,8420,1218,49300000,yang lagi viral🫨 #fyp #fypシ #fakebody⚠️ #fakesituation⚠️ #foryou #pargoy #daster #pargoyhot #pemersatubangsa😘😘😘 #xyzbca #💦 ,False,,sebut_saja_irfan,𝗠𝟮𝟰⚡•𝗕𝗙,,,,,,False,,,
7212295273370881286,2023-03-19T12:29:14,9,PH,72700,2458,443,5600000,"Signing off to my party girl era, bye #fyp #foryou #zyxcba #cebu #capcut  ",False,,jayrahtot,jayrahtot,,,,,,False,,,
7398453505859652896,2024-08-02T04:18:27,11,DK,882100,114000,3751,4500000,his eyes are so beautiful #realshi #relatable #him #fyp #xzybca ,False,,user289792582,𝓌 💍.,,,,,,False,,,
7410343131226328336,2024-09-03T05:16:11,14,PH,394,73,20,2768,Baila marena ... last post na mna cguro to lala ng sb#ga_edit_preset #gapreset #zybca #xmlonly #fyp ,False,,xyprox_edit_preset,𝐀𝐤𝟕𝟕 𝙂𝘼メPʀᴇꜱᴇᴛ|🎟️,,,,,,False,Camarines Sur,"Bicol, Philippines",
7399298596006399264,2024-08-04T10:58:48,18,IE,422400,43200,1651,1700000,the og BRAT 💚 || scenepack- icarlyscenepacks on insta #nevilPAPPERMAN💚 #nevilpapperman #nevil #icarly #BRAT #charlixcx #carlyshay #lvstcc #edit #fyp #trending #xzybca #foryou #viral ,False,,.lvstcc,lvstcc,,,,,,False,,,
7271320727268232453,2023-08-25T13:58:08,30,PH,69800,1110,298,10800000,binuhosan ng tubig 😭😭 #royalblood #beatriceroyales #liannevalentin #princessaaliyah #gmanetwork #gmadrama #foryoupage #xyzbca #klcedits ,False,,klcedits_,𝗸 𝗹 𝗰,,,,,,False,,,
7064930250823683355,2022-02-15T08:37:38,7,ID,407500,11500,2782,14700000,#NNN #xyzbca #viral,False,,auliyanandawrdkrt,Min Lee Ya,,,,,,False,,,
7410344017461857537,2024-09-03T05:19:34,11,MM,905,11,18,6105,ဟုတ်#fypシ #fyp #xzybca ,False,,zaid_malik_2k8,အမောင်နစ်ဂါ🎱,,,,,,False,,,
7410341259555900679,2024-09-03T05:08:51,29,KH,531,130,8,3062,Jg sur ey ot?🤣#fyp #foryou #fypシ #xzybca #foryoupage ,False,,millie_eli23,Millie Eli,,,,,,False,,,
7410308369912712449,2024-09-03T03:01:19,8,PH,582,57,8,12900,watch niyo na now yung vlog!! 🫶🏻🥹🤍 | Yt: Sabby and Sophia @Marie Twins🐵👭🏼 @Yaji Figueroa 🕷️ #rheaeditzs #yabby #babycalyx #yabbyfans #xybca #zybca #fypppp #ad #homlina🤍 #blowthisup ,False,,rheaxphiang_,Rhea,,,,,,False,,,
7341814979193998600,2024-03-02T12:11:52,10,KG,420900,60300,1886,7800000,#fyp#rec#elbruso#xzybca ,False,,watch_order_official,Watch_orde1r,,,,,,False,,,
7378379353928895749,2024-06-09T02:00:20,15,ID,508400,25900,1148,3500000,#liriklagu #foryou #4u #4u #zybca #sadvibes  ,False,,bocil4124,16%,,,,,,False,,,
7378346388620381448,2024-06-08T23:52:24,15,KH,399100,23600,2178,2800000,"Replying to @🧺🐈‍⬛♻️🏴‍☠️  another version, requested :) #fyp #glasses #him #her #foryoupage #viral #xzybca #fyppp #noflop ",False,,jvnnqq_,‘,,,,,,False,,,
7401981337986485510,2024-08-11T16:28:06,21,ID,215900,12900,564,1600000,😏#moots? #foryou #xzybca ,False,,fidzsakithatii,do i look lonely?,,,,,,False,,,
7399437081530879237,2024-08-04T19:55:03,14,MX,272900,74000,6743,1100000,ya salgan del closet #saltedelcloset #rojuu #song #fyp #xzybca #music ,False,,rn_35364,🚭,,,,,,False,,,
7410358228522945810,2024-09-03T06:14:42,15,KH,251,2,6,1056,🦶🏻#fyp #xzybca #viral ,False,,babyyr4eeta,🧸,,,,,,False,,,
7410417532651310344,2024-09-03T10:04:50,6,MM,132,2,0,586,Yujin hitting the note effortslessly 🥹🫠 #ive #yujin #iveyujin #아이브 #안유진 #luving_yj #xzybca #IAM ,False,,luving_yj,포포의 사랑𓂃⋆ ִֶָ ๋,,,,,,False,,,
7399561172585893125,2024-08-05T03:56:37,15,ID,597000,15800,1407,10400000,terakhir janji 🤙🏻😜#fyp #xzybca #trend ,False,,andhikaspt44,dik,,,,,,False,,,
7390858687419616517,2024-07-12T17:06:30,11,MX,531600,8528,483,4600000,#camaralenta #CapCut Solo doy besos al aire plantilla  #xzybca #paratii #Viral #plantillas #plantillascapcut ,False,,jb_plantillas,JBツ,,,,,,False,,,
7410413274342133024,2024-09-03T09:48:20,26,BE,171,0,34,856,Sorry Moana but Elsa & Razpunzel >> #foryoupage #foryou #pourtoi #fyp #viral #xzybca #disney #frozen #elsaarendelle #razpunzel ,False,,editgirl1,De Keyser Emmy,,,,,,False,,,
7410330749166963989,2024-09-03T04:28:08,15,PH,118,7,11,2826,Alice Guo look alike 👀  #foryou #fypdonggggggg #dailymemes #funny #fypシ゚viral #xzybca #_alphakapogi #randomedits #moises_editzz #foryoupage ,False,,moises_editzz,𝙍ᴇ | 𝖬ᴏɪ𝘀ᴇ𝘀,,,,,,False,,,
7410388165703372040,2024-09-03T08:10:50,31,MM,336,13,3,1006,"𝙼𝚊𝚖𝚊 , 𝚍𝚘 𝙸 𝚑𝚊𝚟𝚎 𝐒𝐩𝐚𝐫𝐤𝐥𝐢𝐧𝐠 𝐒𝐚𝐩𝐩𝐡𝐢𝐫𝐞 𝐄𝐲𝐞𝐬 𝚝𝚑𝚊𝚝 𝐃𝐚𝐳𝐳𝐥𝐞 𝚝𝚘𝚘??#ive #yujin #iveyujin #아이브 #안유진 #luving_yj #xzybca ",False,,luving_yj,포포의 사랑𓂃⋆ ִֶָ ๋,,,,,,False,,,
video_id,video_timestamp,video_duration,video_locationcreated,video_diggcount,video_sharecount,video_commentcount,video_playcount,video_description,video_is_ad,video_stickers,author_username,author_name,author_followercount,author_followingcount,author_heartcount,author_videocount,author_diggcount,author_verified,poi_name,poi_address,poi_city
7407855524307340577,2024-08-27T12:22:56,68,DE,2629,88,18,38100,The 5 Funniest Duke Dennis Moments | #moments #top5moments #fyp #duke #dukedennis ,False,,guesscore,TopCeleb_,,,,,,False,,,
7337950815509974318,2024-02-21T02:18:15,36,US,585100,7799,1788,3900000,Crazy glaze 😂 #kaicenat #dukedennis #kaiandduke #amp #funny #viral #fyp ,False,,nomclips,Nom,,,,,,False,,,
7274261849187700001,2023-09-02T12:12:40,7,IT,395300,11600,1019,2700000,Duke had D2 offers😭😂 #amp #dukedennis #funny,False,,ampeverythings0,Ampeverythings0,,,,,,False,,,
7317791151241661738,2023-12-28T18:27:35,19,US,176700,575,721,1500000,Going off her friend answer is wild 😂😂  “CAN I PULL MORE GIRLS THAN @dukedennis” 🤣 #dominiontrk #dukedennis #fyp  #funny #amp #viral #interview ,False,,dominiontrk,DominionTRK,,,,,,False,,,
7295702685964160289,2023-10-30T06:53:58,14,IT,224800,2109,297,3900000,Duke has W rizz🔥 #amp #dukedennis #funny,False,,ampeverythings0,Ampeverythings0,,,,,,False,,,
7392030835840535851,2024-07-15T20:55:08,18,US,503100,6304,497,3500000,Duke & Kai finally do a tiktok together😭 #24karatmedia #kaicenat #dukedennis #dance #tiktok #funny #real #amp ,False,,24karatmedia,24KaratMedia,,,,,,False,,,
7332516107716250912,2024-02-06T10:47:31,10,GB,1000000,23500,5163,5300000,#fyp #real #relatable #funny #dukedennis #starfunny ,False,,starfunny14,StarFunny,,,,,,False,,,
7375987063193177376,2024-06-02T15:17:02,21,GB,198300,15800,968,1500000,Duke dennis hears a joke nom nom #fyp #trending #xybca #foryou #amp #duke #dukedennis #impression #pov #joke #funny #uk ,False,,lankstheboy,LANKS,,,,,,False,,,
video_id,video_timestamp,video_duration,video_locationcreated,video_diggcount,video_sharecount,video_commentcount,video_playcount,video_description,video_is_ad,video_stickers,author_username,author_name,author_followercount,author_followingcount,author_heartcount,author_videocount,author_diggcount,author_verified,poi_name,poi_address,poi_city
7381614990119177478,2024-06-17T19:16:14,14,CA,512600,7883,10300,4600000,my names chase and im the goat 🤓 with @chase #mm2 #mm2fyp #vani #vanilbean #chase #foryou #fypage ,False,,vanilbean,vani,,,,,,False,,,
7354491768873749803,2024-04-05T17:04:41,45,US,178200,1317,1940,4200000,Kevin Shot Me 😡 #mm2 #murdermystery2 #roblox #chasemm2 #mm2roblox #mm2fyp #robloxmm2 ,False,,mm2.frosty,chase,,,,,,False,,,
7385300506530352415,2024-06-27T17:38:21,14,US,239200,2947,6800,2000000,Who did it better? Me or @vani #mm2 #roblox #mm2funny #robloxfyp #mm2fyp #mm2roblox #murdermystery2 ,False,,mm2.frosty,chase,,,,,,False,,,
7370082278543772970,2024-05-17T17:23:31,66,US,4200000,459900,32400,40300000,The Westmoreland Tornado was incredible to see in person! #tornado #stormchaser #teamdominator #neverstopchasing @Edgar ONeal - Storm Chaser ,False,,reedtimmerwx,"Reed Timmer, PhD",,,,,,False,,,
7342925563687931142,2024-03-05T12:01:29,20,BY,623900,8028,2321,2800000,#chaseatlantic #chase #chaseatlanticsongs @CHASE ATLANTIC ,False,,chase_atlantic_fanatca,Chase Atlantic _edits,,,,,,False,,,
7407180383978130719,2024-08-25T16:43:12,10,US,144200,3242,182,648600,DIE FOR ME - Chase Atlantic #chaseatlantic #chaseatlantictiktok #chaseatlanticsongs #fypツ #lyrics #fypage ,False,,lvstfm,lvstfm ﾒ’𝟶⁷,,,,,,False,,,
7393467392510250283,2024-07-19T17:49:40,15,US,406300,5147,1277,3200000,this is so julia @Grace Reiter #bratsummer #brat ,False,,chaser,chase,,,,,,True,,,
7410312105556970770,2024-09-03T03:15:44,59,AU,765,12,14,8314,,False,,yungdaenerys,Erin,,,,,,False,,,
7410338987975429382,2024-09-03T05:00:09,46,PH,215,0,3,1263,"""BLOCKED BY JAMES"" There's no comeback without LeBron James' chasedown 🚫 #NBAPhilippines #RepublikaNgNBA #NBA #NBADefenseWeek #highlights",False,,nbaphilippines,NBA Philippines,,,,,,True,,,
7356257001736916257,2024-04-10T11:14:19,15,CH,171300,2497,318,872000,#playback #chaseatlantic #intoit ,False,,ddyy.vvdd,Daisy,,,,,,False,,,
7396491482670091563,2024-07-27T21:24:40,8,US,468100,18500,1654,7000000,"Eres el amor de mi vida Chat, are we shipping? #thth #toohottohandle ",False,,chasedemoor,Chase,,,,,,True,,,
7368182647685680427,2024-05-12T14:32:00,8,US,165700,19200,588,764400,the sky is looking real blue 🤩 (im inside) #fyp #ttpd #chase #commitment #jokes #kinda ,False,,dianyuhhh,Diana Vo,,,,,,False,,,
7410368340188892462,2024-09-03T06:54:06,38,PK,1536,167,13,27200,Chase eat n chill 📍opposite university of Lahore  Insta id : owaisbhattii  . . . . . #viral #foryou #trending #tiktok #owaisbhattii #tiktokpakistan #whotofollow #blogsbyowais ,False,,owaisbhattii,owaisbhattii,,,,,,False,,,
7393736358990220587,2024-07-20T11:13:24,11,US,100200,1936,249,517300,i am number 1 smiling friends enthusiast ,False,,chaser,chase,,,,,,True,,,
7353755508802719008,2024-04-03T17:27:19,15,IT,357800,58700,20000,1700000,#chaseatlantic #fypシ ,False,,luc14n29,Luc14n,,,,,,False,,,
7402412991951555886,2024-08-12T20:23:09,67,US,167600,45300,1098,848500,🇺🇸,False,,chaser,chase,,,,,,True,,,
7406204645145644331,2024-08-23T01:36:47,16,US,126300,5863,1218,432600,so excited to see them on tour again 😭🩷 @CHASE ATLANTIC #chaseatlantic #ca #chaseatlanticconcert  #chaseatlanticedit #mitchelcave #christiananthony #clintoncave ,False,,adysonmayhall,adyson,,,,,,False,Nashville,"54 Music Sq E, Nashville-Davidson, United States",
7386352808271875370,2024-06-30T13:41:26,326,US,171100,16300,31500,2200000,#iwamttogohome #Godtakeme #hospice #terminalillness #terminal #weeksleft,False,,chronicallychase,Chase,,,,,,False,,,
7365549451747839263,2024-05-05T12:15:16,5,US,360500,12200,1004,4700000,I could have treated you better thats crazy… @Carly Lawrence  ,False,,chasedemoor,Chase,,,,,,True,,,
video_id,video_timestamp,video_duration,video_locationcreated,video_diggcount,video_sharecount,video_commentcount,video_playcount,video_description,video_is_ad,video_stickers,author_username,author_name,author_followercount,author_followingcount,author_heartcount,author_videocount,author_diggcount,author_verified,poi_name,poi_address,poi_city
7408710370837171461,2024-08-29T19:40:11,14,CA,1400000,52800,7191,7800000,how do yall LAYER so well in dress to impress 😭 // outfit creds @♡🍒 chrrymuffin dti 🍒♡  #dresstoimpress #roblox #dti #dresstoimpressroblox #dresstoimpressvip #fyp #foryou #robloxmemes ,False,,vanilbean,vani,,,,,,False,,,
7409901009415228688,2024-09-02T00:40:29,28,PH,28400,2708,1473,644600,Replying to @extraluv4arii Lina replaced the 2 Lanas #dresstoimpress #dti #roblox #lanalore #foryou #fyp ,False,,frairawr,icekrim,,,,,,False,,,
7406017085119204640,2024-08-22T13:28:53,16,ES,421800,21600,2831,2400000,NEW THEMES IN DRESS TO IMPRESS! <3 TYSM for 25k ! I'm so grateful to be improving and making people happy with my content!  please if u use my fits/videos give credits! tags: #dresstoimpress #dresstoimpressroblox #dtioutfits #roblox #robloxfyp #robloxgames #fashiontiktok #nanadti #fy #trending #viral #dressup #swanlake #dresstoimpressvip,False,,nanadti,nana₊˚⟡˖ ࣪,,,,,,False,,,
7409011837188033824,2024-08-30T15:10:07,12,PL,239800,10900,572,1500000,Dti developers are WILD #dti #dresstoimpress #dresstoimpressroblox #roblox #meme #fyp #fypage #fyppppppppppppppppppppppp ,False,,weronikasdti,WeronikasDti,,,,,,False,,,
7410228431050247425,2024-09-02T21:51:06,15,PH,6752,504,698,81700,I Feel Bad For Lana🥺 #dresstoimpress #dti #freeplay #roblox #robloxfyp  #fyppppppppppppppppppppppp #linadoesnails #lana #lanalore #lanaloreroblox #lore ,False,,coburing,<3,,,,,,False,my home(^_^),"Parañaque, Manila, Metro Manila, Philippines",Parañaque
7410293741992365319,2024-09-03T05:00:00,26,PH,4823,507,99,27000,˚ ༘💗ྀི ⋆｡˚ // Big 4 Philippine Universities in DTI! IB : icon @enjalux #dti #dtipinoy #dtiphilippines #dtimemes #dresstoimpress #dticodes #dtiseptemberupdate #dtiupdate #dticodes #dtifilipino #roblox #robloxstories #dtifits #dtioutfithacks,False,,tchnolgy,marco ౨ৎ,,,,,,False,,,
7406761202400939297,2024-08-24T13:36:25,15,GB,193500,4613,1609,2100000,this is a joke xx #roblox #dti #robloxfyp #dresstoimpress #funny #fyp #roblox ,False,,chloe_dtixx,Chloe_DTIxx,,,,,,False,,,
7409711305868709153,2024-09-01T12:24:19,12,CH,191300,7023,1151,1000000,The quality ATE. || #highquality #dresstoimpress #roblox #dti #fyp #viral #angela_honey #foryoupage #zyxbca #fypp #foryou #gigidresstoimpress ||,False,,angela_honey,angela_honey,,,,,,False,,,
7408955826481794310,2024-08-30T11:32:46,12,EC,171400,1881,368,1300000,They have improved a lot 🙌 #kalogeras  #demitra #demitrakalogeras  #sunday #sundaykalogeras  #eliana #elianakalogeras  #dti #dresstoimpress  #foryou #makethisfamous  #blowthisup #robloxdti  @sundaykalogeras @demitrakalogeras  @eliana.kalogeras ,False,,iminlovewithemos5,Emma 💕🫶,,,,,,False,,,
7406541639105236256,2024-08-23T23:25:24,11,GB,107300,2086,3567,625000,Imz fr #dti #dresstoimpress #roblox #fyp #foryou #topmodel ,False,,anz._dti,Anz._dti,,,,,,False,,,
7409716349951364385,2024-09-01T12:44:38,15,IE,24400,77,1139,226500,"for me its honestly the madoka skirt because in MY opinion i think its onky good if you use it with the trend setter dress, and i do sometimes find myself styling the skirt but its not really often🫶 #dti #roblox #outfit #dresstoimpressroblox #fyp",False,,dtigoddeses,🤍,,,,,,False,,,
7405638521291017504,2024-08-21T12:59:50,15,DE,801500,15600,4594,4300000,FINALLY BRUH 😭 #strawberrydress #strawberry #🍓🍓🍓 #foryou #dress #dresstoimpress #dresstoimpressavater #roblox #vampire #vampiredresstoimpress #4upage #dtiroblox #teddybearsquad #dresstoimpressupdate ,False,,dolliiette,dolliiette 𐙚,,,,,,False,,,
7397191070125182240,2024-07-29T18:39:31,17,NL,466300,21400,2953,2600000,i fear dti is cooking againn🤭🔥 #DTI #viral #fypシ゚viral #erisfashionrh #trending #foryoupage #foryoupageofficiall #dresstoimpressroblox #fyp #dresstoimpress #dresstoimpresscombos #dresstoimpressupdate #dresstoimpressvip #dtivideo #dtiroblox #roblox #robloxfyp #robloxfypシ #aftereffects #ae #edit #summer #dresstoimpressedit #mermaids #mermaid #siren ,False,,erisfashionrh,[⭐️] june,,,,,,False,,,
7388246909611248928,2024-07-05T16:11:32,21,NL,953000,60700,6620,3800000,do it again..?? // #dti #roblox #dresstoimpress #dtiroblox #aftereffects #foryou #dtifyp #edit #foryou ,False,,brr4mgfx,𝐜𝐨𝐦𝐦𝐬 𝐨𝐩𝐞𝐧!!,,,,,,False,,,
7409034816982715680,2024-08-30T16:39:19,51,IE,652800,61900,4262,4500000,@Dress To Impress 🏝️  Mini UPDATE is here! 🎀👻 #dresstoimpress #lanalore #update #dtiupdate #dticode #roblox #dti ,False,,heavensscar,heavensscar ⭐️,,,,,,False,,,
7402913600819580192,2024-08-14T04:45:49,23,GB,613900,43900,5836,4500000,i dont know if the server was just glitched and she glitched through the glass but it was so funny☠️ #dti #dresstoimpress #roblox #lana #lore #update #lanalore ,False,,mycemeterygirl,mycemeterygirl,,,,,,False,,,
7406032711506267425,2024-08-22T14:29:33,7,PL,936300,22200,3591,5200000,Im shocked… #dresstoimpress #dti #roblox #fyp #foryou #viral #goviral #viralvideo #dc #dlaciebie #pourtoi #perte #fürdich ,False,,udti_,Dress To Impress,,,,,,False,,,
7383840969449327914,2024-06-23T19:14:11,19,US,652000,24700,2142,7800000,"Replying to @Cam  these are sooo cute, but they only work when posing & with certain poses! but there is a lot you can do with them! i hope this helps!!  #dresstoimpress #dresstoimpressroblox #dti #dtihacks #dtiroblox #roblox ",False,,dtiwemi,emi 🎀,,,,,,False,,,
7399644363988536609,2024-08-05T09:19:28,28,PL,257900,1972,1978,3600000,And these people that are doong normal people💀💀💀🙏#CapCut #dtiroblox #dresstoimpress #dtiqueen #queen #robloxfyp #ate #roblox #dti ,False,,dti.best.player,Dti Best Player‼️✨,,,,,,False,,,
7406131403009592606,2024-08-22T20:52:34,16,US,776400,172900,10600,4300000,this might be worse than the ugly brat runway yall… #dresstoimpress #dti #roblox ,False,,maddyblocks,maddyblocks,,,,,,False,,,
7404587786994519326,2024-08-18T17:02:36,11,US,1000000,30600,12800,9500000,she’s always watching.. | ib: greeen.v2 (on yt) | #roblox #fyp #foryou #robloxedit #robloxedits #edit #edits #capcut #aftereffects #alvoreyxo #robloxfyp #dti #dresstoimpress #dresstoimpressroblox ,False,,alvoreyxo,alvoreyxo,,,,,,False,,,
7398272218960088326,2024-08-01T16:34:47,32,CA,495400,32200,1946,4800000,You need to complete the quest for the mermaid tail!! #dressup #dress #dti #dressroimpress #roblox #codes #outfit #🍉 #fyp #fypシ゚viral ,False,,munalovesdti,Muna🌙,,,,,,False,,,
7410174032529657094,2024-09-02T18:20:02,8,PE,22800,2040,831,138800,POBRE LANA 😞💔 #fypシ #edit #trendroblox #dti #dresstoimpress #foryou #paratii #Viral #lana #roblox ,False,,gatita24r,🩷✩⍣¯ɢᴀᴛɪᴛᴀ24¯⍣✩🩷,,,,,,False,,,
7390700230905253126,2024-07-12T06:51:35,16,ID,1200000,166000,11100,9100000,what’s going on? || #dti #fyp #lana #lanalore #dresstoimpress #roblox #foryou #viral #lanadti #scary #robloxdti #fypシ #lanadresstoimpress #robloxstory ,False,,_vnthpm,⋆𝐿𝑜𝓊ᯓ★,,,,,,False,,,
7400153623428369710,2024-08-06T18:15:39,20,US,590400,30200,3523,4200000,the lana lore runs DEEP #lanalore #dti #dresstoimpress  #roblox ,False,,ceekayye,Cee,,,,,,False,,,
7386184869581278497,2024-06-30T02:50:03,11,NL,950700,20800,3724,4500000,Chloé is just that girl #roblox #dti #dresstoimpress #dtiroblox #fyp #foryou #viral #chloebourgeois #miraculous ,False,,hailey_dti,hailey ⋆𐙚₊˚⊹♡,,,,,,False,,,
7404179644255096069,2024-08-17T14:38:37,15,ID,42600,4167,794,372600,it's worth it!! apparently im a brokie now 😍 #dti #dresstoimpress #dtiroblox #dresstoimpressroblox #meme #flop #floptok #dtivip #dticustommakeup #dtimeme #dtiindo #dresstoimpressindo ,False,,aezriia,aezriia • 𝔻𝕋𝕀,,,,,,False,,,
7367056795296173344,2024-05-09T13:43:01,8,HU,478600,12700,7567,3500000,im so excited for my faces to be released in the game in the update coming on 17th may RAHHH #roblox #dresstoimpress #dti #dresstoimpressroblox #art #drawing #ibispaintx #jellyart #jellyartstyle #digitalart #rendering #drawing ,False,,asaqin__,dory ♡,,,,,,False,,,
7410111419028491526,2024-09-02T14:17:04,11,CI,3691,91,171,32000,just my opinion 😭 #dresstoimpress #dti #roblox #actives #fyp #dresstoimpressroblox ,False,,fvsdti,⋆‧͙⁺˚ fav ᥫ᭡ ˚ ༘,,,,,,False,,,
7400904678734564638,2024-08-08T18:50:07,12,US,187400,1156,870,1300000,Resmaking overused dti outfits part 1 | ib for the tutu/dress @🩵 #dresstoimpress #fypage #dti #robloxdti #dtiroblox #roblox ,False,,.._kev1n,kevin🫶🏻,,,,,,False,,,
7384437716085214482,2024-06-25T09:49:49,10,MY,428800,1622,17600,4400000,for me its probably that one dress that everyone hates😭 #fyp #dti #roblox ,False,,pand0ra13,pandyyy🐰,,,,,,False,,,
7403912505103224106,2024-08-16T21:21:59,10,US,527200,3468,4404,2400000,PLEAASEEEEE Sometimes i just cant find patterns that match my colors!! even if its just colorable STRIPES i would be happy!!!!!!!!! #dti #dresstoimpress #roblox #fyp #gigi ,False,,skttlzinventory,🥰🥰,,,,,,False,,,
7402240637866609953,2024-08-12T09:14:23,9,DE,583000,28400,2908,4500000,HOW DID I MESS THAT UP..   #fyp #roblox #dti #dresstoimpress #outfitreveal ,False,,synmonika,M 🇲🇰💤,,,,,,False,,,
video_id,video_timestamp,video_duration,video_locationcreated,video_diggcount,video_sharecount,video_commentcount,video_playcount,video_description,video_is_ad,video_stickers,author_username,author_name,author_followercount,author_followingcount,author_heartcount,author_videocount,author_diggcount,author_verified,poi_name,poi_address,poi_city
7410178782629285150,2024-09-02T18:38:28,17,US,396,83,4,4660,We got some Five nights at Freddy’s at Halloween Horror Nights 2024!! #horrornights #halloweenhorrornights #fnaf #fivenightsatfreddys #universal #universalstudios #hhn,False,,tlevmedia,TLEV Media,,,,,,False,Universal Studios Hollywood,"100 Universal City Plaza, Universal City, CA 91608, United States",Los Angeles
7398479442642881835,2024-08-02T05:59:19,27,US,800300,74100,5458,6700000,"A little late on this one, but here’s my 29 days till #HHN33 post! What was your favorite part of #HHN29? #UniversalHHN #HHN #HHN2024 #HalloweenHorrorNights #UniversalOrlandoResort #UniversalStudiosFlorida #UniversalOrlando #UniversalStudios #Universal #foryou #fyp #viral #blowthisup #foryoupage @Halloween Horror Nights @Universal Destinations ",False,,hhnspeculationmatt,HHNSpeculationMatt,,,,,,False,Universal Orlando Resort,"6000 Universal Blvd, Orlando, FL 32819, United States",Orlando
7406051441053355295,2024-08-22T15:42:25,15,US,110600,5507,609,862600,Can’t wait for the return of the deatheaters to HHN 🐍🖤 #deatheatertiktok #booktok #deathereaters #hhn #diagonalley #darkmark #halloweenhorrornightsorlando ,False,,ashmashbashcrash,Ashley,,,,,,False,Halloween Horror Nights - Universal Orlando,"6000 Universal Blvd, Orlando, FL, United States",Orlando
7409385487409876270,2024-08-31T15:19:57,29,US,17800,1687,111,163600,Tiptoe through the red door and check out photos from our lights on tour of the Insidious The Further house at Halloween Horror Nights 33! This was part of the 6 house Unmasking the Horror Tour! #UniversalHHN #HHN2024 #HalloweenHorrorNights #HorrorNights #Universal #UniversalStudios #HHN33 #HHNOrlando #UniversalOrlando #UniversalOrlandoResort #UniversalStudiosFlorida #HalloweenTikTok #HalloweenTok #Halloween #foryou #fyp #viral #blowthisup #foryoupage @Halloween Horror Nights @Universal Destinations ,False,,hhnspeculationmatt,HHNSpeculationMatt,,,,,,False,Universal Orlando Resort,"6000 Universal Blvd, Orlando, FL 32819, United States",Orlando
7406474576093383978,2024-08-23T19:04:10,32,US,50600,27300,308,841600,First look at the Ghostbusters Stay Puft Marshmallow Man S’mores coming to HHN! #hhn #hhn33 #ghostbusters #staypuftmarshmallowman #fypage #halloweenhorrornights #orlandoeats #orlandofoodie #universalstudios #universalstudiosflorida #universalstudioshollywood ,False,,fastpass_shopping,Annie Magic,,,,,,False,Universal Orlando Resort,"6000 Universal Blvd, Orlando, FL 32819, United States",Orlando
7287139632721005866,2023-10-07T05:04:33,30,US,666100,22500,3570,5200000,When he chooses you :) #hhn #foryou #halloween #thegrabber #theblackphone #foryoupage #california #halloweenhorrornightshollywood ,False,,magsdancestuff,Margaret bolam,,,,,,False,,,
7409103384558439723,2024-08-30T21:05:15,6,US,13700,474,47,112200,happy hhn opening night !! 👻❤️  halloween horror nights trend audio ghostbusters frozen empire hhn 33 #hhn #hhn33 #halloweenhorrornightsorlando #halloweenhorrornights #halloweenhorrornights2024 #hhnorlando @Universal Destinations ,False,,emilynels8,Emily Nelson,,,,,,False,Halloween Horror Nights - Universal Orlando,"6000 Universal Blvd, Orlando, FL, United States",Orlando
7397506027693837610,2024-07-30T15:01:37,19,US,283500,26100,1170,2700000,See you in the fog😈 #horrornights #hhn #horrornights2024 #halloween #halloweentok #halloweenhorrornights #scarezone #halloween2024 ,False,,aubreyjunerose,🧡Aubrey in Wonderland🖤,,,,,,False,Universal Studios Hollywood,"100 Universal City Plaza, Universal City, CA 91608, United States",Los Angeles
7410119507659754795,2024-09-02T14:48:20,15,US,479,381,28,5923,The villains win in this version. #halloweenhorrornights #universalstudios #universal #halloween #hhn #orlando #florida #harrypotter #deatheaters #disney #disneyworld #fantasmic #disneyadult #distok #distokfam ,False,,jeffboman_mmt,Jeff Boman - Travel Planner,,,,,,False,Universal Orlando Resort,"6000 Universal Blvd, Orlando, FL 32819, United States",Orlando
7410163502410714414,2024-09-02T17:39:04,118,US,257,2,22,4427,I love making these sm #halloweenhorrornights #halloweenhorrornightsorlando #hhn #hhn33 #majorsweets #grwm #getreadywithme #guwm #getunreadywithme #getunreadywithmenightroutine #orlando #grandegifted #grandecollective ,False,,gabbypetrea,gabbs,,,,,,False,Halloween Horror Nights - Universal Orlando,"6000 Universal Blvd, Orlando, FL, United States",Orlando
7400415200098143519,2024-08-07T11:10:45,40,US,40500,5961,120,388400,"Enter the Blumhouse is going to be an amazing scarezone during HHN 33. We will get to see the Grabber, Freaky, M3GAN, and more!!  #hhn #hhnforever #halloweenhorrornights #horrornights #hhnorlando #universalstudios #universalstudiosflorida #universalorlandoresort #hhn33 #foryou #foryoupage #blumhouse  @Blumhouse  @Universal Destinations  @Halloween Horror Nights ",False,,freaks_of_hhn,Freaks_of_HHN,,,,,,False,Halloween Horror Nights - Universal Orlando,"6000 Universal Blvd, Orlando, FL, United States",Orlando
7405217466902760746,2024-08-20T09:46:04,16,US,754800,45900,2205,5200000,Dr-Draco? 🖤 who’s ready for Death Eaters to retuen to Diagon Alley? #hhn #halloweenhorrornightsorlando #darkmark #deatheatertiktok #deatheatersedit #highreevedraco #secretsandmasks #dracomalfoy ,False,,acortofmagicandmischief,aCortofmagicandmischief,,,,,,False,Universal Studios Florida,"6000 Universal Blvd, Orlando, FL 32819, United States",Orlando
7408178477951651080,2024-08-28T09:16:06,17,VN,75900,12400,1531,4100000,,False,,nguyenh.28,HHN,,,,,,False,,,
7406078706210409770,2024-08-22T17:27:59,19,US,40500,14300,187,225100,Halloween Horror Nights 2022 was a total vibe. Excited to see what @Halloween Horror Nights and @The Weeknd put together this year. #hhn #halloweenhorrornights #universalstudios #theweeknd ,False,,gratuitousthemeparks,Gratuitous Theme Parks,,,,,,False,Universal Studios Hollywood,"100 Universal City Plaza, Universal City, CA 91608, United States",Los Angeles
7372574126763969838,2024-05-24T10:33:07,9,US,5656,1122,88,128700,"Haunted House Announcement: Triplets of Terror — You're invited to the Barmy triplets' birthday bash. But beware, they celebrate by recreating their family's murders. Prepare for a gory gathering. #HHN #HHN33",False,,halloweenhorrornights,Halloween Horror Nights,,,,,,True,Universal Orlando Resort,"6000 Universal Blvd, Orlando, FL 32819, United States",Orlando
7402435712160746782,2024-08-12T21:51:26,25,US,105500,8873,221,1800000,The twins in Graveyard Deadly Unrest were truly amazing during HHN 31!  #hhn #hhn31 #hhnorlando #halloweenhorrornights #horrornights #universalstudios #universalstudiosflorida #universalorlandoresort #graveyarddeadlyunrest #foryou #foryoupage  @Halloween Horror Nights  @Universal Destinations ,False,,freaks_of_hhn,Freaks_of_HHN,,,,,,False,Halloween Horror Nights - Universal Orlando,"6000 Universal Blvd, Orlando, FL, United States",Orlando
7410102339626913066,2024-09-02T13:41:42,69,US,68,2,2,695,Honestly could watch them all night at hhn💚🐍 #hhn #hhnorlando #hhn33 #halloween #halloweenhorrornightsorlando #halloweenhorrornights #universalorlando #deatheater #harrypotter #deatheaters #voldemort #hp #foryou #fyp #orlando #booktok ,False,,per_thelastepisode,Passion |  Content Creator🩷,,,,,,False,Halloween Horror Nights - Universal Orlando,"6000 Universal Blvd, Orlando, FL, United States",Orlando
7284251999216897323,2023-09-29T10:18:33,7,US,88900,1334,309,811300,if i could kiss hhn i would #halloween #bladerunner #bladerunner2049 #youlooklonelyicanfixthat #halloweenhorrornightsorlando #halloweenhorrornights #halloweenhorrornights2023 #hhn #hhn32 #hhnorlando #ryangosling #melsdiein #melsdrivein ,False,,gabyislame,gaby,,,,,,False,Universal Studios Florida,"6000 Universal Blvd, Orlando, FL 32819, United States",Orlando
7401608683022454046,2024-08-10T16:22:06,61,US,31700,3833,190,193300,We so miss the Killer Klowns from Outer Space scarezone during HHN 28!! Did you get to experience this amazing zone? #hhn #hhnforever #halloweenhorrornights #universalstudios #universalstudiosflorida #universalorlandoresort #hhnorlando #hhnflorida #horror #halloween #foryou #foryoupage #killerklownsfromouterspace  #hhn28 @Halloween Horror Nights  @Universal Destinations  @John Massari The Original ,False,,freaks_of_hhn,Freaks_of_HHN,,,,,,False,Halloween Horror Nights - Universal Orlando,"6000 Universal Blvd, Orlando, FL, United States",Orlando
7368638547252759850,2024-05-13T20:01:07,28,US,22000,5872,430,164900,What happened here? 🤣 #johncena #hhn #hhn33 #halloweenhorrornightsorlando #halloweenhorrornights #horrornights @Universal Destinations ,False,,magicalhijinx,Magical Hijinx (Demi),,,,,,False,Universal Orlando Resort,"6000 Universal Blvd, Orlando, FL 32819, United States",Orlando
7282994519400844587,2023-09-26T00:58:30,6,US,9283,172,36,101000,"if you not in the express pass line for hhn, WHAT ARE YOU DOINGGGGG??!?!?!?!? #hhn #orlando #halloweenhorrornights (also mr. coach if you see this, you were hilarious) ",False,,hotboybash,bash,,,,,,False,Universal Studios Florida,"6000 Universal Blvd, Orlando, FL 32819, United States",Orlando
7396848043309501742,2024-07-28T20:28:17,17,US,6172,1519,159,133800,WHOS EXCITED!??😍😍😍 #hhn #horrornights #midsummerscream #texaschainsawmassacare ,False,,hayleejoe,hayleejoe,,,,,,False,,,
7370105263988297003,2024-05-17T18:52:45,12,US,7022,1964,126,112000,"Haunted House Announcement: Slaughter Sinema 2 If you’re dying for a b-movie horror marathon, head to the Carey Drive-in. Scream through scenes from creature features, grindhouse gore, spaghetti westerns and more. #HHN #HHN33",False,,halloweenhorrornights,Halloween Horror Nights,,,,,,True,Universal Orlando Resort,"6000 Universal Blvd, Orlando, FL 32819, United States",Orlando
7372203052675124523,2024-05-23T10:33:07,10,US,5304,1210,117,87600,"Haunted House Announcement: Monstruos: The Monsters of Latin America With La Muerte as your guide, you’ll be begging for piedad from these three terrifying legends: Tlahuelpuchi, La Lechuza and El Silbón. #HHN #HHN33",False,,halloweenhorrornights,Halloween Horror Nights,,,,,,True,Universal Orlando Resort,"6000 Universal Blvd, Orlando, FL 32819, United States",Orlando
7409988013536726289,2024-09-02T06:18:13,9,PK,330,3,0,1094,Hn Mann Hnn😊 #foryou #forupage #fypシ゚virall #100kviews #forupage #forupage ,False,,merianokhiduniya,Meri Anokhi duniya,,,,,,False,Karachi,"Sindh, Pakistan",
7396903650548829471,2024-07-29T00:04:12,52,US,59100,17800,255,584700,2024 Halloween Horror Nights Panel Announcements at Midsummer. Who’s excited?! 🖤🎃👻 #halloween #spookyseason #horrorconvention #midsummer #hhn #universalstudios #horrortok #midsummerscream #foryou @universalmonsters @Midsummer Scream ,False,,spookisaab,SpookiSaab,,,,,,False,Long Beach Convention and Entertainment Center,"300 E Ocean Blvd, Long Beach, CA 90802, United States",Long Beach
7395701151103995166,2024-07-25T18:17:51,74,US,45400,14600,292,524400,What are you most excited for? All Ten Houses Have Been Announced For HHN33. Here is my official hype list!  #universalstudios #universalorlando #hhn #hhn33 #halloweenhorrornights ,False,,officialjvtv_,officialjvtv_,,,,,,False,Universal Orlando Resort,"6000 Universal Blvd, Orlando, FL 32819, United States",Orlando
7394087622383095083,2024-07-21T09:56:36,129,US,11900,557,114,215300,Check out the new Ghostbusters section of the Mega Movie Parade at Universal Orlando Resort! Who’s ready for the Ghostbusters Frozen Empire house @Halloween Horror Nights @Universal Destinations #HHN2024 #HHN #UniversalHHN #HalloweenHorrorNights #HHN33 #UniversalStudios #UniversalOrlandoResort #UniversalStudiosFlorida #UniversalOrlando #MegaMovieParade #Ghostbusters #fyp #viral #blowthisup #foryou #foryoupage ,False,,hhnspeculationmatt,HHNSpeculationMatt,,,,,,False,Universal Orlando Resort,"6000 Universal Blvd, Orlando, FL 32819, United States",Orlando
7410248946141941022,2024-09-02T23:10:43,45,US,19,0,0,131,I’ve been Deadpool since 2019 and nothing gives me more joy than making people laugh! Deadpool and Wolverine has giving me new energy to create even happier memories! Thank you everyone for all the love! #disneytiktok #geekstrong #LFG #HHN ,False,,geekstrong,GeekStrong,,,,,,False,Disneyland Park,"Anaheim, CA 92802, United States",Anaheim
7399327918733675806,2024-08-04T12:51:40,6,US,6161,287,58,399700,Checkout this cool Uncle Howdy cosplay by @HauntScene which won first place at the Horror Harvest presented by @Tales Of Terror Haunt !!  #unclehowdy #wwe #cosplay #horrorharvest #talesofterror #talesofterrorhauntedattraction #spooky #horror #seeyouinthefog #foryou #foryoupage ,False,,freaks_of_hhn,Freaks_of_HHN,,,,,,False,Groveland,"Florida, United States",
7405344782685408555,2024-08-20T18:00:00,23,US,7157,1941,90,63300,2PM early entry for HHN Hollywood is the way to go if you wanna make the most out of your day without buying an Express or RIP ticket. I can’t believe we’re just about 2 weeks away from the start of the season. Are you planning on going to HHN this year? 👻🖤 #hhn #hhnhollywood #halloweenhorrornights #halloweenhorrornightshollywood #spookyseason ,False,,stevengoessomewhere,Steven Goes Somewhere,,,,,,False,Universal Studios Hollywood,"100 Universal City Plaza, Universal City, CA 91608, United States",Los Angeles
7410228656485780754,2024-09-02T21:51:59,16,PK,109,0,11,421,#CapCut #🙏🖤😍💯🔥🥀🌹💯😡 #🤔😓😡💯💔🙏💯💯💯💯💯💯💯💯😱jcdh💯fh💯💯nvhnvhjvbv💔vg💯hghgj💙gg💯h #v🙏ncn💯c💯n🙏chjfhc😱jcdhfhnvhn🙏vhjvb🙏v💔vg🙏hghgj💙gghgg🙏g💝💚hjj ,False,,zaidmasti888,zahid..khan0786,,,,,,False,,,
video_id,video_timestamp,video_duration,video_locationcreated,video_diggcount,video_sharecount,video_commentcount,video_playcount,video_description,video_is_ad,video_stickers,author_username,author_name,author_followercount,author_followingcount,author_heartcount,author_videocount,author_diggcount,author_verified,poi_name,poi_address,poi_city
7410142039616032030,2024-09-02T16:15:51,16,US,7297,144,132,98100,This entire play was wild 😭 (via TT/champagnelusti) #football #highschoolfootball #fumble #athlete #touchdown,False,,maxpreps,maxpreps,,,,,,True,,,
7408757748352994590,2024-08-29T22:44:03,11,US,30300,1120,178,246100,Gotta love a big man touchdown pass 💪🏈 (via hudl) #football #throw #pass #oline #quarterback #offensiveline #athlete #highschoolfootball #highlights,False,,maxpreps,maxpreps,,,,,,True,,,
7406451584042814766,2024-08-23T17:34:55,11,US,581500,7776,1418,4900000,Ahhh the sound of pads cracking… missed it 🥲 #imgacademy #cornercanyon #bighit #football #hitstick #trucked #ouch #d1 #highschool,False,,overtime7,OT7,,,,,,True,,,
7403926369610009902,2024-08-16T22:15:48,70,US,125500,21300,1347,882900,These are… something 🙂 (via wildbillvideo/ig) #football #senior #highschoolfootball #intro #dancing #funny ,False,,overtimeszn,Overtimeszn,,,,,,True,,,
7408024673411157279,2024-08-27T23:19:21,19,US,16300,1625,195,135000,"He’s too SHIFTY 😳🔥 (via 305sportss/IG, cenardbennettt/IG) #football #juke #shifty #speed #athlete #highlights #highschoolfootball #highschool #touchdown",False,,maxpreps,maxpreps,,,,,,True,,,
7407190448617426206,2024-08-25T17:22:16,29,US,153600,2826,686,995400,Bro might’ve started a new wave 🤣🏄‍♂️  #football #touchdown #dance #highlights #trend #catch #athlete #highschool #highschoolfootball ,False,,maxpreps,maxpreps,,,,,,True,,,
7386752817475734827,2024-07-01T15:33:41,8,US,836200,22700,1497,5800000,All ik is that #10 boutta go off 👀 @OT7 (via rachelle_stone_johnson/ig)  #football #fridaynightlights #highschoolfootball #d1 #relationshipgoals #relatable #goals #couplegoals #handshake ,False,,overtimeszn,Overtimeszn,,,,,,True,,,
7387815049722694958,2024-07-04T12:15:38,11,US,44200,7180,588,467700,Think imma have to pass on this 😭 @OT7 (via @💲MK🦍47🇮🇹) #football #highschool #d1 #photoshoot #pictureday #funny #wtf ,False,,overtimeszn,Overtimeszn,,,,,,True,,,
7410167690540764447,2024-09-02T17:55:27,28,US,1246,9,15,11700,That was UNBELIEVABLE 😅💨 (nfhsnetwork/IG / jbainsfilms_/IG) #football #highlights #crazyplays #athlete #quarterback #california #highschoolfootball,False,,maxpreps,maxpreps,,,,,,True,,,
7406750541453233438,2024-08-24T12:55:09,25,US,11200,164,63,105700,HOW DID THE QB ESCAPE FOR A TOUCHDOWN 😮🔥  (🎥: sean.dupre/IG) #football #run #athlete #highlight #touchdown #quarterback #highschoolfootball ,False,,maxpreps,maxpreps,,,,,,True,,,
7408330534327209247,2024-08-28T19:06:21,11,US,3671,77,39,34500,They’re ready to BATTLE 😤🏈 (via bentenuta/IG) #football #1on1 #offensiveline #oline #trenches #pregame #compete #drill #athlete #highschool #highschoolfootball ,False,,maxpreps,maxpreps,,,,,,True,,,
7409079287522856222,2024-08-30T19:31:50,9,US,12500,241,98,93700,They’re gonna FEAST on Friday nights 👀🔥 (via TT/tobyshotbf) #football #oline #offensiveline #highschool #highschoolfootball #athlete #block,False,,maxpreps,maxpreps,,,,,,True,,,
7275039851081256234,2023-09-04T14:30:25,15,US,1900000,41400,4057,14200000,You HAVE to Cheer at the Football Game 👏🔥 (Via theprmob_/ig) #studentsection #highschoolsports #football #footballgame #highschoolfootball #schoolspirit #sports #cop #police #studentlife #fnl #fridaynightlights ,False,,maxpreps,maxpreps,,,,,,True,,,
7410201003212967199,2024-09-02T21:00:00,58,US,2725,14,18,21600,MaxPreps Top 25 Football Rankings 🏈 2024 UPDATE #3 📈 📉 #rankings #top25 #maxprepstop25 #highschoolfootball #footballtiktok #maxpreps,False,,maxpreps,maxpreps,,,,,,True,,,
7403068555371105566,2024-08-14T14:47:07,9,US,126800,1495,391,925600,Bro is a DB’s worst nightmare 🫣🔥 #football #speed #touchdown #blurrr #highlight #athlete #highschool #highschoolfootball  (via @z),False,,maxpreps,maxpreps,,,,,,True,,,
7403545843338448158,2024-08-15T21:39:17,20,US,147400,4457,977,1100000,Post media day #football #viral #trending #highschoolfootball #minnesota #d1 #footballszn #fyp #drip ,False,,trill.luvs_ramen,Trill🥷🏽,,,,,,False,,,
7404214152140442910,2024-08-17T16:52:41,63,US,27100,931,190,331700,His celebrations are CRAZY 😭🕺 #football #crashout #funny #athlete #highlight #blurrr #highschool #highschoolfootball (via @305 Sports),False,,maxpreps,maxpreps,,,,,,True,,,
7407948162662501674,2024-08-27T18:22:25,5,US,345400,6410,1187,1800000,Wish my school wasnt poor #highschoolfootball #hs #highschool #football #ot7 #fyp #blowthisup #truck #bestsport #nfl #highschoolsports #foryoupage #viral #easports #sports ,False,,mr.lockdown3,Mr.lockdown,,,,,,False,,,
7396048610238008622,2024-07-26T16:46:04,151,US,397700,16900,3266,3500000,@Yoatzi NEW EP. OUT NOW! 👀 LINK IN BIO. 👀🫵 #fypツ #highschool #football #cheerleader ,False,,alannized,Alannized,,,,,,True,,,
7409012416756976926,2024-08-30T15:12:27,8,US,58000,2619,205,387000,😂😂😂 #iloveathleticwomen_ #fypシ゚viral #trending #highschool #football ,False,,iloveathleticwomen_,®️,,,,,,False,Cypress Springs Panther Band,"7909 Fry Rd, Cypress, United States",Cypress
7380439609907432747,2024-06-14T15:15:13,80,US,194900,4306,408,861500,#daydayfarmer #highschoolfootball #westvirginiafootball #widereceiver #db #nbayoungboy ,False,,cd.m1xes,☯️,,,,,,False,,,
7406484963698150686,2024-08-23T19:44:34,10,US,127600,3668,267,990500,First game of the season🏈 #football #highschool #fypシ ,False,,mcfarlandcheer,mcfarlandcheer,,,,,,False,McFarland,"California, United States",
7390244225217989919,2024-07-11T01:22:18,9,US,375000,12500,1591,3100000,#americanfootbal #highschoolfootball #him #aura ,False,,deshaunlovefootball,:D,,,,,,False,Your Mom's Place,"324 Bridge St, Phoenixville, PA 19460, United States",Phoenixville
7313417242547342634,2023-12-16T23:34:18,10,US,229800,777,2666,2600000,I meannn I’m not a ref or anything but looks good to me 🤷‍♂️ (via dorthybloodsaw/X) #football #championship #highschool #fail #refs #wtf ,False,,overtime7,OT7,,,,,,True,,,
7398188713404173614,2024-08-01T11:10:47,10,US,257700,17100,637,1700000,Apologizing before a tackle is wild 🤣 #ot7 #football #highschoolfootball #bighit #hitstick #ouch #funny #wtf ,False,,overtime7,OT7,,,,,,True,,,
7400453818087001375,2024-08-07T13:40:37,10,US,264900,1757,699,1800000,Bro was spooked 👻 #football #highlight #defense #sports #highschool #athlete #spooked (via ykrell_/IG),False,,maxpreps,maxpreps,,,,,,True,,,
7273640406682832170,2023-08-31T19:59:48,8,US,653400,15300,3271,6100000,A DIFFERENT type of energy 😎💪 (Via motive28._quotes/ig) #motivation #energy #rivalry #rivals #rival #football #highschoolsports #highschoolfootball #whywelovesport #sports #hardworkpaysoff #tuff #fire #viral ,False,,maxpreps,maxpreps,,,,,,True,,,
7302036989958802719,2023-11-16T07:33:07,16,US,361800,1499,673,1900000,VHS vibe >>> #football #highschoolfootball #highschool #vhs #camcorder #retro #playoffs #vibe #sports #sportsedit ,False,,digital.ag_,Digital.ag,,,,,,False,,,
7395314958122175787,2024-07-24T17:19:08,14,US,286100,5962,1320,2100000,What a hit 😅😮‍💨 (via @Leondre Pope) #safety #pov #football #highschoolfootball ,False,,houseofhighlights,House of Highlights,,,,,,True,,,
7408365132746657066,2024-08-28T21:20:28,9,US,17600,491,64,103200,2. 🎥👁️ #sports #a7siii #colorgrade #highschool #highschoolfootball ,False,,jbainsfilms,JBF,,,,,,False,,,
7408719759199538478,2024-08-29T20:16:35,81,US,6930,47,406,66300,Kade McCune first highschool game!!!#foryourpage #tacklefootball🏈 #highschoolfootball #viral #foryoupage #makeviral #football ,False,,goatmma2020,Kade McCune,,,,,,False,,,
7403790416023260458,2024-08-16T13:28:18,11,US,199000,14700,1084,1200000,Philly got FB players water bending now🤦🏾‍♂️. #waterbender #viral #philly #tiktok #football #highschool #highschoolfootball ,False,,telvisions,TelVis1ons,,,,,,False,,,
7407587253351894314,2024-08-26T19:01:54,78,US,139500,22400,1631,773700,Coaches act like this and then go 3-7 💀 #football #highschoolfootball #coach #footballcoach #highschoolfootballcoach #texashighschoolfootball ,False,,joshbensontherapper,Josh Benson,,,,,,False,Texas,United States,
7272874007542762795,2023-08-29T18:25:52,17,US,892700,9745,826,5100000,#relatable #foryoupage #highschoolfootball #fyp ,False,,newerakj,🩸,,,,,,False,,,
7310729820340522282,2023-12-09T17:45:45,64,US,377200,5353,1320,2700000,Best highschool linebacker oat⭐️#football #peakhighlights #footballhighlights #blowup ,False,,nfleditz447,Football,,,,,,False,,,
video_id,video_timestamp,video_duration,video_locationcreated,video_diggcount,video_sharecount,video_commentcount,video_playcount,video_description,video_is_ad,video_stickers,author_username,author_name,author_followercount,author_followingcount,author_heartcount,author_videocount,author_diggcount,author_verified,poi_name,poi_address,poi_city
7409104658356112645,2024-08-30T21:10:13,59,CL,48300,3044,2004,810100,Andrea Bocelli - Vivo por ella #vivoporella #andreabocelli #vivoporellaandreabocelli #letrasdecanciones ,False,,dworldmusic,dworldmusic,,,,,,False,,,
7409172698422725894,2024-08-31T01:34:18,56,PE,481800,14800,126000,14000000,Marta Sánchez vs Karol G - Vivo Por Ella de Andrea Bocelli: ¿En quién suena MEJOR? 📣🤔 #balada #baladas #baladasromanticas #musicaromantica #cancionesdeamor #musicapop #pop #reggaeton #regueton #generourbano #musicaurbana #andreabocelli #martasanchez #karolg #karolgcolombia #karolgfans #karolgmusic #karolgbichota #labichota #bichota #vivoporella,False,,leizerdunayevich,Leizer Dunayevich,,,,,,False,,,
7409036636278787333,2024-08-30T16:46:16,107,PE,110300,8143,6187,1900000,"Vivo Por Ella, Andrea Bocelli & Marta Sanchez #90s #90smusic #music #musica #andreabocelli #martasanchez #parati #Viral #shortvideo #videoscortos #videosparaestado #baladas #vivoporella ",False,,yourmusic4ever01,yourmusic4ever,,,,,,False,,,
7409141347262795014,2024-08-30T23:32:38,60,PE,134400,9003,1702,2400000,♥️🎶 vivo por ella 🎧🎼 #karolg #andreabocelli #vivoporella #fypシ #parati #xyzbca #lyrics_songs #♥️ #fyp #letrasdecanciones #hermosa #cancion ,False,,jj.ruizf,🎶🫀jj.ruizf👨🏻‍💻🎼,,,,,,False,,,
7409419327784373509,2024-08-31T17:31:21,22,MX,31500,886,299,3400000,#CapCutAmor #CapCut #vivoporella #karolg #mama #amor ,False,,paucreative10,PauCreative- Plantillas,,,,,,False,,,
7409818319928282373,2024-09-01T19:19:40,80,CO,5759,437,62,66600,Vivo por ella ✨️🪐❤️‍🩹 #andreabocelli #karolg  #Amor  #teamo  #parati  #escucha  #tuyyo  #porsiempre  #hazloviral  #Viral  #foryou ,False,,enrolando_69,enrola2 🎧,,,,,,False,,,
7409505448971357445,2024-08-31T23:05:36,260,NI,29700,3206,1102,380200,#Andrea_Bocelli_y_Marta_Sanchez  #vivo_por_ella #tiktoknicaragua ,False,,musica_y_chistes,Música y Chistes,,,,,,False,,,
7409119863534374150,2024-08-30T22:09:14,26,CO,90100,3320,542,5400000,#CapCut #karolg #vivoporella #viral ,False,,liss.leal,𝕂𝕒𝕝𝕚𝕤𝕚𝕒... 𝕆𝕪𝕞,,,,,,False,,,
7409027376081866026,2024-08-30T16:10:19,61,US,99900,1324,1185,2300000,#fyp #karolg #mamag #vivoporella #andreabocelli ,False,,omgchisme,OMG CHISME😱,,,,,,False,,,
7409408193379486982,2024-08-31T16:48:08,25,PE,194200,7484,368,5200000,#CapCut #vivoporellaandreabocelli #karolg #mamá #paratiiiiiiiiiiiiiiiiiiiiiiiiiiiiiii  Te amo mamiii❤️,False,,mariaangeles1996,Mariangels🤍☺😚💫,,,,,,False,,,
7409164879451458822,2024-08-31T01:03:56,43,GT,155400,42000,1075,3200000,#karolg #andreabocelli #vivoporella @Karol G #hija ,False,,_xely4,Xely_4,,,,,,False,,,
7409014759170919685,2024-08-30T15:21:29,60,GT,120600,9970,2979,1700000,Vivo por Ella - Andrea Bocelli & Karol G 🎵🎶🎶 #lyrics #lyricsvideo #statuswhatsapp #musicanueva #karolg #dedicar #vivoporella #andreabocelli #letras ,False,,musicacovers6,Musica y Covers,,,,,,False,,,
video_id,video_timestamp,video_duration,video_locationcreated,video_diggcount,video_sharecount,video_commentcount,video_playcount,video_description,video_is_ad,video_stickers,author_username,author_name,author_followercount,author_followingcount,author_heartcount,author_videocount,author_diggcount,author_verified,poi_name,poi_address,poi_city
7196421242499419435,2023-02-04T16:50:02,16,US,2668,117,46,107700,Best starter fishing kayak🤝 #fyp #fishing #fishtok #bassfishing #fishingtiktoks #kayak #basspro #fish #bass #fishingkayak #foryou #viral #blowthisup ,False,,rippin_lips_tv_,Rippin Lips TV,,,,,,False,,,
7349582426446007598,2024-03-23T11:34:03,105,US,121000,3083,497,1700000,The best kayak fishing setup! 😆🎣 #kayakfishing #howtofish #fishing #bassfishing #fishingtips #beginnerfishing #kayaking #fishingvideo #fishing101 #saltwaterfishing ,False,,sightfish,sightfish,,,,,,False,,,
7242689968605383979,2023-06-09T10:16:29,55,US,2017,44,12,63300,1 Kayak Fishing Accessory I REGRET Not Buying Sooner #kayakfishing #kayakbassfishing #kayakfishing,False,,wendellfishing,Daren Wendell,,,,,,False,,,
7390018000050507050,2024-07-10T10:44:22,103,US,56100,4779,282,681300,Take me back to those prices! Total jon boat build cost in 2018 🤯 #jonboat #bassfishing #fishingboat #restoration #tinyboatnation #kayakfishing ,False,,brigadeboats,ADUBJONES,,,,,,False,,,
7358496199936314670,2024-04-16T12:03:36,21,US,78000,1809,576,1100000,"Instant regret! Fishing is supposed to be calming, right? #kayakbassfishing #bassfishing #fishing ",False,,chrismitchellfishing,Chris Mitchell,,,,,,False,,,
7371991682469891370,2024-05-22T20:52:51,54,US,496400,1747,1643,5100000,1st encounter with Game Warden #bassfishing #fishing #kayakfishing #lakefishing ,False,,nwtrailseries,NwTrailSeries,,,,,,False,Buck Lake County Park,"6959 Buck Lake Rd NE, Kitsap, Washington 98340-9705, USA",Hansville
7400861285606362411,2024-08-08T16:01:43,88,US,16700,1262,52,236500,14ft jon boat interior build out cost #diyproject #jonboat #fishingboat #bassfishing #kayakfishing ,False,,brigadeboats,ADUBJONES,,,,,,False,,,
7325647007899553066,2024-01-18T22:32:02,18,US,135800,2076,718,5600000,I definitely wasn't expecting that bite! I was cruising to my spot and must have set that buzzbait on his head. 😆 #kayakfishing #bassfishing,False,,weslie.gray,Weslie Gray Fishing,,,,,,False,,,
7395037481323728133,2024-07-23T23:22:20,7,CA,14200,582,121,381300,WHOPPER PLOPPER Topwater Bass Fishing #bassfishing #topwater #topwaterbass #viral #kayakfishing #manitobabass #bassfishingcanada #bassfishinglife #fyp ,False,,freshwaterfishingadrian,Freshwater Fishing with Adrian,,,,,,False,,,
7365601895181765931,2024-05-05T15:37:20,10,US,98100,15400,800,2500000,Does this count as fishing from the roadway? 😂 #kayakfishing #bassfishing #fyp ,False,,onemorecastllc,Garin Butler,,,,,,False,Texas,United States,
7331153887849696554,2024-02-02T18:41:48,19,US,13300,1506,293,1400000,"This Hobie Lynx is a super-stable, light weight pedal kayak!     #girlgonefishing #strictlysailandkayak #strictlysailteam #kayak #kayaking #fishing #hobie #hobielynx #kayakfishing #fishing #kayakbassfishing @strictly_sail_and_kayak ",False,,melissa_girlgonefishing,Melissa_Kegg,,,,,,False,,,
7380865313505594666,2024-06-15T18:47:09,8,US,160200,7971,1047,1500000,#fishing #fishtok #fisherman #fisher #fish #kayakfishing #largemouthbass #largemouth #tackle #bankfishing #bassfishing #bigbass ,False,,gavinbigbassbrown,gavinbigbassbrown,,,,,,False,Saint Simons Island,"Glynn County, Georgia, United States",
7386446222657064234,2024-06-30T19:43:54,58,US,2048,72,24,32600,Regret Spending $3000 on a Fishing Kayak? #kayakfishing #bassfishing #fishing #kayakbassfishing ,False,,nwtrailseries,NwTrailSeries,,,,,,False,Kitsap County,"Washington, United States",
7397456560336702763,2024-07-30T11:49:43,14,US,55100,1149,765,1300000,How to lose your entire fishing setup in 15 seconds… #kayak #kayakfishing #fishing #fish #kayakbassfishing #bassfishing ,False,,stlfishing,Brian Welch,,,,,,False,Lake of the Ozarks,"Missouri, USA",Camdenton
7340275742741204266,2024-02-27T08:40:00,5,US,6717,331,331,95300,We definitely didn’t pick the cheap hobby 😩 There’s always that one other thing we need. On top of that new combo we had our eyes on. Oh and btw we also need 4 colors of that lure that works so well. 2 each actually 😵  #kayakbassfishing #fishinggear #fishingkayak   #fishingvideos,False,,ilyakkin,ILyakkin - Kayak Fishing,,,,,,False,Missouri,United States,
7394052047382891807,2024-07-21T07:39:16,49,US,1543,674,56,35100,This yak identifies as a bass boat. Rad. #kayakfishing #bassfishing #aaanglers @Bonafide LLC ,False,,aaanglers,Aggressively Average Anglers,,,,,,False,,,
7394892059116653855,2024-07-23T13:58:14,54,US,41300,73,132,350300,It always super cool crossing paths with you guys out on the lake and sharing tips and stories with likeminded people! This randomly happens from time to time but now that I’m recording a lot for my YouTube channel I was able to get this on video. If you ever see me on the water please paddle over and say hello!  • • • #fishing #fishingcommunity #bassfishing #kayakfishing #community #outdoors,False,,fishlikemike,fishlikemike,,,,,,False,,,
7374550431655021867,2024-05-29T18:22:09,59,US,44300,339,206,882800,Bass fishing with a Frog has a really funny quirk lol #bassfishing #kayakfishing #lakefishing #fishing #fishingtiktoks #baitcaster #topwaterfishing ,False,,nwtrailseries,NwTrailSeries,,,,,,False,Washington,United States,
7352645829322100010,2024-03-31T17:41:22,52,US,840,93,29,28500,Cheap & easy DIY for your @Lifetime Products kayak! #kayak #kayakfishing #diy #fyp #fishing #bassfishing #project #cheap #foryou #viral ,False,,derrickaronhalt,Derrick Aronhalt,,,,,,False,,,
7394242467685502239,2024-07-21T19:57:27,42,US,2651,156,60,51000,7.70 lb bass on Jerkbait.  #bassfishing #kayakfishing #kayakbassfishing #hobiefishing #freshwaterfishing #florida #bigbass ,False,,soflotaylor,Seth Taylor,,,,,,False,,,
7335852882501160198,2024-02-15T10:35:52,9,MX,74500,921,364,1900000,Pesca en kayak! @Specia Line  patrocinador oficial ! #oldtown #fishing #kayak #pescaenkayak #bassfishing #kayakfishing #bigfish #Pesca ,False,,elkayakeromx,El kayakero Mx,,,,,,False,"La Presa De La Boca, Santiago Nuevo León México","Santiago, N.L., México",Santiago
7380748649803910442,2024-06-15T11:14:28,46,US,2441,92,29,24900,Giant FL bass smashes the Tiny Klash! #drt #tinyklash #swimbait #glidebait #swimbaitfishing #fishing #bassfishing #largemouthbass #bigbass #floridafishing #cast2catch #sightfishing #kayakfishing @SwimbaitUnderground @SWIMBAIT CULTURE @SwimbaitUniverse ,False,,unclelarryoutdoors,Uncle Larry Outdoors,,,,,,False,Florida,United States,
7341897792714984734,2024-03-02T17:33:45,54,US,6898,59,61,176500,"My baitcaster story, so far...  #bassfishing #kayakfishing #fishing #fishingtiktoks ",False,,nwtrailseries,NwTrailSeries,,,,,,False,Kitsap County,"Washington, United States",
7341897677317229867,2024-03-02T17:33:15,36,US,1675,144,33,42800,"If You Want to Fish But You’re on a Tight Budget, This is FOR YOU! 💸#fishing #budget #kayak #bassfishing #fyp ",False,,ckfoutdoors,ckfoutdoors,,,,,,False,,,
7366709542635179306,2024-05-08T15:15:40,63,US,5570,29,11,117900,Kayak Fishing! 🫣🎣 #fishing #fishingtips #bassfishing #fishinglures #fishingvideos #howtofish #beginnerfisherman #saltwaterfishing ,False,,sightfish,sightfish,,,,,,False,,,
7185965189827923246,2023-01-07T12:35:19,56,US,89,3,5,4614,Never pass up a lilly pad patch👊🏽🎣 . . . #bassfishing #kayakbassfishing #powerfishing #fishingtiktoks #bassfishinglife ,False,,socobassin,SOCObassin,,,,,,False,,,
7316607949382634795,2023-12-25T13:55:42,32,CA,19900,308,120,483500,Kayak Changed the Game #fishing #fish #kayakfishing #fisherman #bassfishing #largemouthbass #riverfishing,False,,stef_fishh,Stef Fish,,,,,,False,,,
7375268715870440735,2024-05-31T16:53:39,46,US,726,44,23,18600,What Fishing is like in the Upper Peninsula of Michigan #kayakbassfishing #foryou #kayakfishing #walleyefishing #outdoors #michigan #upperpeninsulafishing #bassfishing #pikefishing,False,,wandering_yooper,Wandering_yooper,,,,,,False,,,
7228397597009104174,2023-05-01T21:54:35,30,US,84400,8940,608,1300000,You think this guy is gonna dump his boat? 🤣🤣🙌  • #kayak #kayaking #kayakfishing #fishing #nature #canoe #fyp #foryoupage #bassfishing #fishtok ,False,,ecofishingshop,Eco Fishing Shop,,,,,,False,,,
7373748864505040174,2024-05-27T14:31:39,29,US,720,18,23,17800,Cant beat a good kayak adventure. #fy #fypage #foryou #fish #fishing #bass #kayaking #kayakingadventures #lakelife #summervibes #summer #wisconsin ,False,,bencarlson09,Ben Carlson,,,,,,False,Wisconsin,United States,
video_id,video_timestamp,video_duration,video_locationcreated,video_diggcount,video_sharecount,video_commentcount,video_playcount,video_description,video_is_ad,video_stickers,author_username,author_name,author_followercount,author_followingcount,author_heartcount,author_videocount,author_diggcount,author_verified,poi_name,poi_address,poi_city
7409851307265101074,2024-09-01T21:27:38,18,SA,29400,4077,176,307800,Погнали что ли?❤️ #foryou #3сентября #осень ,False,,_gonemusic,_gonemusic,,,,,,False,,,
7409569312807095585,2024-09-01T03:13:32,12,KZ,66900,40000,382,689400,#рек #осень #люблю ❤️,False,,ameliya.gilfanova,ameliya_gilfanova,,,,,,False,,,
7408663309538299144,2024-08-29T16:37:31,18,KZ,7697,1367,42,271200,#осень ,False,,_galina.174,»•𝔾𝕒𝕝𝕚𝕟𝕒ᥫ᭡፝ •«,,,,,,False,,,
7408915520575065377,2024-08-30T08:56:17,17,PL,114300,46900,955,2900000,#tiktok #toptiktok #осень ,False,,believe_in_miracles_,believe_in_miracles_,,,,,,False,,,
7409396035975482629,2024-08-31T16:00:59,10,KZ,2860,1802,30,95700,#осень #первыйденьосени🍂🍁🍂🍁 🍁,False,,_tatiana_7878,𝙏𝙖𝙩𝙞𝙖𝙣𝙖,,,,,,False,,,
7409667708360396038,2024-09-01T09:35:09,12,BY,24200,1658,132,172200,#тренд #осень #лето2024 #1сентября ,False,,tani_trofimova0,tani_trofimova,,,,,,False,,,
7397082462087580946,2024-07-29T11:37:54,11,SA,378400,24500,4288,2000000,🫶🏻🍂 #осень #учеба #лето #fall #autumn #gossipgirl #harrypotter ,False,,pixyamericansx,ника ★🧛🏻‍♀️,,,,,,False,,,
7408279113817017606,2024-08-28T15:46:44,9,BY,4295,205,5,26800,🍂 #song #песни #fyp #spotify #нервы #осень #мильковский ,False,,askstarr,убежище,,,,,,False,,,
7397074069767589126,2024-07-29T11:05:21,10,UA,56700,8518,476,369100,#recommendations #elbruso #autumn #aesthetic #vibe #foryou #viral #осень #hsiax1 ,False,,hsiax1,hsiax1,,,,,,False,,,
7405354915414985991,2024-08-20T18:39:16,19,KG,11400,1314,46,120800,Всего 1990 ✨ в наличии inst- jana.boutiques  #fyp#рек#хочуврек#осень ,False,,jana.boutiques,JANA МАГАЗИН ОДЕЖДЫ 🤍,,,,,,False,,,
7409591081345551647,2024-09-01T04:38:32,10,BY,190200,128900,816,1300000,С 1 сентября #осень ,False,,sorry.meggn,.,,,,,,False,,,
7408783610905513258,2024-08-30T00:24:23,16,BY,16000,9850,117,699600,#хорошегонастроения #здравствуйосень #вотилетопрошло #пожелание #хорошегодня #видеоназаказ #последнийденьлета ,False,,nata180777,Наталья Живага,,,,,,False,,,
7350604816931933442,2024-03-26T05:40:58,21,AE,127300,4713,269,739600,will I come back here again?#forest#vibe#autumn#depress#recommendations#лес#вайб#осень#золотыекресты#атмосфера#рекомендации#рек#fyp#fypシ  ,False,,sp3e__df,китька,,,,,,False,,,
7410143876939353350,2024-09-02T16:22:58,11,BY,245,5,1,1067,тгк с фонами в профиле #fyp #ttwixieq #щитпост #щп #spotify #школа #рек #spotifymusic #ВэтотДень #осень #autumn #CapCut #осеньбьетсявокно ,False,,ttwixieq,выход есть,,,,,,False,,,
7402718370904247558,2024-08-13T16:08:11,19,BY,5644,403,53,31000,🔜🍁 #рек #рекомендации #реки #хочуврек #хочуврекомендации #осень #скороосень #autumn #autumnvibes ,False,,vetmia333,vetmia333,,,,,,False,,,
7407430871852027141,2024-08-26T08:55:03,15,KZ,3339,820,104,61000,#осень #скоро  #статусысосмыслом  #мысливслух  #мыслиожизни  #рекомендации  #врееек  #рек  #fyp  #хочууууврекииии  #врекомендации ,False,,natali...sergeeva,♍️🌸🦋NATALl🌸🌼✌️🇰🇿,,,,,,False,,,
7402207626433465606,2024-08-12T07:06:13,21,UA,73300,280,418,580600,"Что-то не так, только вот не пойму что.. #макияж #помада #косметика #тренды #осень #краснаяпомада #redlips ",False,,ryosha.smirnova,Рёша🐾,,,,,,False,,,
7410022190868925729,2024-09-02T08:30:47,14,PL,4163,1945,63,122700,Рамштайн объявили концерт в Варшаве этой осенью #Рамштайн #концерт #Варшава #осень ,False,,warszawa_go,Куда сходить? | Варшава,,,,,,False,Central Warsaw,"Warsaw, Poland",Warsaw
7398283259357957381,2024-08-01T17:17:40,7,BY,17000,1329,63,90600,что-то я уже мысленно там.. #fall #autumn #осень #wefeelloveinoctober #pumkinspice  ,False,,antitopiaa,антитопия (мия),,,,,,False,,,
7385940919851322630,2024-06-29T11:03:01,16,PL,115300,13800,1540,876200,Грусть #грусть #осень #серость,False,,dooms_kr,Doomer aesthetic,,,,,,False,,,
7410138807934258437,2024-09-02T16:03:22,17,UA,429,1226,29,15500,#3 #сентябрь #3сентября #утро #доброе #доброеутро #хорошегодня #вторник #women_15 #осень  #хорошегонастроения #всемдобра #рек ,False,,women_15,⚜️ Наталья ⚜️,,,,,,False,,,
7398440434676075822,2024-08-02T03:27:45,11,KZ,25100,514,63,413400,#wildberries #вайлдберриз #валберис #находкинавалдбериз #одежда #осень #одежданаосень #кофта #теплаяодежда #теплаякофта #cute #кофтанаосень #школа #осенняяэстетика #осеняяодежда  теплые кофточки на осень с wildberries🌟 артикулы на вещи в тгк ссылка в описании профиля 💌,False,,wbb.shkaa,🎀•°WB°•🎀,,,,,,False,,,
7410102703277329681,2024-09-02T13:43:24,11,KZ,303,3,5,2287,Это свитер Коралины 🥹🎃,False,,dimoradivictoria,Victoria Kram,,,,,,False,,,
7409619311826046214,2024-09-01T06:27:24,19,BY,877,77,29,37400,#пинск #осень #жемчужный #рек #🖤 ,False,,yana289780,Яна❤️‍🔥,,,,,,False,,,
7410019136828493062,2024-09-02T08:18:57,21,KZ,1095,4739,54,34600,#вечер #добрыйвечер #пожелания #пожелание #пожеланиядрузьям #пожеланияотдуши #длявас #длядуши #хорошеговечера #осень #пожеланияхорошеговечера #теплаиуютавашемудому #теплаиуюта #хранивасбог #видеооткрытка,False,,pouoksi70,Оксана,,,,,,False,,,
7398079833441422598,2024-08-01T04:08:15,17,UA,63700,4483,399,384200,хочу вернутся туда😭😭#fyp #rge #on #pyf #foryou #лида #lida #2023 #вайб #осень #зима #осень2023 #зима2023 ,False,,mentkiy02,4:30♏️,,,,,,False,,,
7410113208280812805,2024-09-02T14:24:01,18,KZ,472,30,1,1834,#тт #fyp#ттпустиврек #recommendations #psicologia #тиктоктоп #rec #ночьныерекомендации #verial #rg #осень #ночьныерекомендации ,False,,911_09kz,DANIK,,,,,,False,,,
7410162166847900935,2024-09-02T17:33:59,13,UZ,73,2,1,700,а что дальше...,False,,fazikwn,fazikwn🚶🏻,,,,,,False,,,
7410133204176309509,2024-09-02T15:41:38,15,KZ,113,123,8,1722,#доброеутро#позитивчикдлянастроения#осень#видеооткрытка#видеопожелания#svetlana_almati ,False,,svetlana_almati,Светуля🔥🔥🔥,,,,,,False,,,
7408105329965288722,2024-08-28T04:32:15,20,KZ,8515,5250,234,385100,Скоро осень….#рекомендации #рек #хочуврек #смыслжизни #fyp #осень ,False,,natallezz,natallezz,,,,,,False,,,
7406192168152452357,2024-08-23T00:48:17,16,BY,16200,4033,80,348400,#адальше #осень  #негрусти #лучшеевпереди #доброеутречко #чеloveк @Jah Khalib ,False,,so_here_it_is,f,,,,,,False,,,
7386031335711755525,2024-06-29T16:53:54,11,UA,41400,1113,63,271200,#осеньбьетсявокно ,False,,lastnoob01,нуб,,,,,,False,,,
7403784630622489861,2024-08-16T13:05:47,57,UA,70300,1654,1638,1500000,А какие у вас кроссовки?🤩 #топ3 #кроссовок #для #школы #осень#2024,False,,noream98,noream,,,,,,False,,,
7398259024073886982,2024-08-01T15:43:35,22,UA,23900,1992,42,164300,#fypシ #fyp #rec #recomendation #осень ,False,,kirwlg,kissa,,,,,,False,,,
video_id,video_timestamp,video_duration,video_locationcreated,video_diggcount,video_sharecount,video_commentcount,video_playcount,video_description,video_is_ad,video_stickers,author_username,author_name,author_followercount,author_followingcount,author_heartcount,author_videocount,author_diggcount,author_verified,poi_name,poi_address,poi_city
7402711465850948895,2024-08-13T15:41:37,20,US,14000,712,168,284100,MC'24 HAS US THUNDERSTRUCK ⚡️💌🩵🤩💥🇺🇸 #dzclemson #deltazeta #bamarush #bamarushtok #bamarushweek #bamarushtiktok #bamarushseason3 #clemsonrush #clemsonrushtok #clemsonrecuitment #clemsonsorority #clemson #clemsontigers #clemsonuniversity #sorority #sororitycheck #sororityrecruitment #sororityhouse #sororitylife #sororityrush #sororityworkweek #sororitydance #thunderstruck #DCC #dallascowboyscheerleaders #dallascowboys ,False,,deltazetaclemson,DZCLEMSON,,,,,,False,,,
7407518479319829791,2024-08-26T14:35:17,15,US,2798,231,26,18600,After my 30 minute walk today i decided there really is something in these hills ◡̈ #clemson ,False,,olivia.clingan,liv,,,,,,False,Clemson University,"Old Stadium Road, Clemson Heights, Pickens County, South Carolina, US-SC, 29631, United States",Clemson
7401937356745346335,2024-08-11T13:37:36,13,US,7306,304,185,167400,Ready to PICK THE BEST 🍓 #campzeta #clemsonzeta #clemsonzta #clemsonrush #rushtok #zetataualpha #zta,False,,clemsonzeta,clemsonzeta,,,,,,False,,,
7409422753834749230,2024-08-31T17:44:36,15,US,41100,1283,758,642600,Clemson lost to Georgia by 30 to open up the 2024 season 😅 #collegefootball #cfb #football #clemson #georgiafootball ,False,,bleacherreport,bleacherreport,,,,,,True,,,
7409401981782986015,2024-08-31T16:24:03,32,US,532,64,95,30200,Clemson has now lost the season opener in back-to-back seasons 😳 #clemsonfootball #collegefootball #daboswinney ,False,,yahoosports,Yahoo Sports,,,,,,True,,,
7410125897237335339,2024-09-02T15:13:09,171,US,1266,36,55,26500,Reality has hit Clemson and it isn’t the transfer portal. Joel Klatt connects the dots on teams who have gone through similar scenarios 👀⬇️ #CFBonFOX #CFB #CFP #collegefootball #Clemson #ACC #Texas #DaboSwinney ,False,,joelklattshow,The Joel Klatt Show,,,,,,True,,,
7409733070552648990,2024-09-01T13:48:53,13,US,2871,35,69,58500,Dabo takes the blame after Clemson’s 34-3 loss 😬 (via @Yahoo Sports) #cfb #collegefootball #clemson #daboswinney ,False,,bleacherreport,bleacherreport,,,,,,True,,,
7403780419033861422,2024-08-16T12:49:29,15,US,53100,365,100,464800,,False,,azyahdailey,🌀Aźyah Dailey🌀,,,,,,False,,,
7404460037336272159,2024-08-18T08:47:13,59,US,514300,6804,1179,4400000,Long week. Hard to believe we have 2 college freshman. #clemson #collegemovein #collegedorm #college #dorm #collegestudentlife,False,,gahawknails,Georgia Hawkins,,,,,,False,,,
7360020662955625770,2024-04-20T14:39:28,8,US,48500,199,130,926400,but hey it was worth it #clemson #clemsontigers #clemsonuniversity #collegeadmissions #collegeacceptance #collegelife #collegegotmelike ,False,,itsabbypapetti,abby,,,,,,False,,,
7400784502122925358,2024-08-08T11:03:44,15,US,5364,519,125,136700,COLOR ME DDD!!!🩵💖💛 #clemson #clemsonrush #clemsontridelta #tridelta #rushtok #rush #sorority #deltadeltadelta #spiritweek #flips #dance #cheer ,False,,clemsontridelta,Clemson Tri Delta,,,,,,False,Clemson,"South Carolina, United States",
7410163459025063214,2024-09-02T17:38:54,26,US,147,2,20,1940,the way i actually want to be a professor is what makes this funny #storytime #fyp #college #historytime #clemson ,False,,angiepantuosco,angie,,,,,,False,,,
7400410928988130603,2024-08-07T10:54:07,6,US,3102,298,112,84200,WE ARE SO BACK!!! 🩵💛🩵 #clemson #clemsonrush #clemsontridelta #tridelta #rushtok #rush #sorority #deltadeltadelta #masters #recruitment ,False,,clemsontridelta,Clemson Tri Delta,,,,,,False,Clemson,"South Carolina, United States",
7401647567093730602,2024-08-10T18:52:55,10,US,2535,228,9,47600,Only kidding lol😂 #fyp #clemson ,False,,azyahdailey,🌀Aźyah Dailey🌀,,,,,,False,,,
7351068051988598046,2024-03-27T11:39:29,16,US,2067,87,27,59100,dream school 💜🧡 #clemson #collegetour #clemsonuniversity ,False,,laurenhallee,Lauren Halle 🌞🍒🫧,,,,,,False,,,
7305553059835432235,2023-11-25T18:57:13,42,US,315300,1314,2863,1700000,Its boring in here #fyp #foryou #lululemon #southcarolina #sc #clemson #usc #gotigers #rivals #ieep #wrangler #cluelessjeep #usa #flags #driver #icecreamhair #foryoupage #fits #christmas #november #thanskgivingbreak #trending #girls ,False,,randibrooks08,Randi,,,,,,False,Fort Mill,"South Carolina, United States",
7410228094767844650,2024-09-02T21:49:42,21,US,2525,118,48,15200,Different breed #clemson #clemsonfb #cfb #collegefootball #aura #fyp ,False,,dabosburner20,dabosburner20,,,,,,False,,,
7401906265993104670,2024-08-11T11:37:03,22,US,34800,1461,300,417600,TEXT US WHEN YOU GO DZ 💋🎀💥💕✨ #dzclemson #deltazeta #bamarush #bamarushtok #clemsonrush #clemsonsorority #clemsonrecuitment #sororitycheck #sororityworkweek #sororitygirls #dance #kylandarnell #sorority #jennyfromtheblock ,False,,deltazetaclemson,DZCLEMSON,,,,,,False,,,
7405762156035149086,2024-08-21T20:59:44,13,US,105,0,8,1145,What a great first day👏🏻👏🏻👏🏻 #clemson #fdoc ,False,,ashleyfaithdavis,ASHLEY,,,,,,False,Clemson,"South Carolina, United States",
7282028608657607982,2023-09-23T10:30:25,24,US,490100,6543,1806,4500000,HAPPY GAME DAY TIGERS!!! 💜🧡#clemson #gotigers #clemsonfb #beatfsu #rallycats ,False,,gracekramer_,Grace Kramer,,,,,,False,,,
7340288669456076074,2024-02-27T09:29:10,36,US,26000,199,68,239400,Yes we goto Clemson #clemson #tigers @carol grim ,False,,rjmack0,Rj Mack,,,,,,False,Clemson University,"Old Stadium Road, Clemson Heights, Pickens County, South Carolina, US-SC, 29631, United States",Clemson
7402725868289756459,2024-08-13T16:37:17,14,US,2189,119,39,34300,freshman year dorm!!!@izzy.rayburn #movein #rush #dormtour #dormify #roommate #dorm #dormlife #clemson ,False,,payrae05,prae 🤠,,,,,,False,Clemson University,"Old Stadium Road, Clemson Heights, Pickens County, South Carolina, US-SC, 29631, United States",Clemson
7405616568538844447,2024-08-21T11:34:58,13,US,286,2,0,2643,Can’t use the og carnival sound like in our instagram post but this will do #clemson #volleyball ,False,,clemsonwcvolleyball,Clemson Womens Club Volleyball,,,,,,False,,,
7353272011042344234,2024-04-02T10:11:08,7,US,9405,241,52,63400,soo pretty #aesthetic #grwm #vlog #inspo #preppy #clemson #dayinmylife #springbreak #fyp #college ,False,,keepingupwkate,Kate Taylor,,,,,,False,,,
7405663302929419563,2024-08-21T14:36:04,12,US,1365,27,0,18300,Wide variety 😂 #fyp ,False,,azyahdailey,🌀Aźyah Dailey🌀,,,,,,False,,,
7406347922108976414,2024-08-23T10:52:57,12,US,3446,373,34,39200,they are PERFECTION #rollerrabbit #clemson #clemsonuniversity #rollerrabbitpajamas #rollerrabbitontheroad #vlog #pajamas #pjsets ,False,,ansleyrwelch,ansley 💝🛍️🪩🩵😇,,,,,,False,,,
7371804499230395691,2024-05-22T08:46:37,88,US,37500,430,234,675400,the long awaited part 2: clemson baseball walk up song rankings according to a bat girl 2024 :) #fyp #clemson #clemsonbaseball #acc #collegebaseball #baseball ,False,,lillywallace7,lilly,,,,,,False,Clemson University,"Old Stadium Road, Clemson Heights, Pickens County, South Carolina, US-SC, 29631, United States",Clemson
7333441856727993646,2024-02-08T22:40:13,10,US,118000,293,167,1800000,Clemson be so fr we gonna keep this charade up every year?? Ifykyk 😭😭 #clemson #trackmeet #pitt #ifykyk #clemsontrack #wtf #track #d1athete #bffr ,False,,mackenziesullivannn,Kenzie :),,,,,,False,Clemson University,"Old Stadium Road, Clemson Heights, Pickens County, South Carolina, US-SC, 29631, United States",Clemson
7408977489709567275,2024-08-30T12:56:43,8,US,509,11,24,11000,In honor of college football season starting!! 🏈  @renttherunway #rtrpartner #fyp #gameday #outfitinspo #clemsonfootball ,False,,payrae05,prae 🤠,,,,,,False,Clemson University,"Old Stadium Road, Clemson Heights, Pickens County, South Carolina, US-SC, 29631, United States",Clemson
7304021163456515374,2023-11-21T15:52:47,9,US,42800,128,86,326400,Her first NCA is this april and i couldnt be more excited #cheertok #clemson #clemsoncheer #clemsonfootball #ryancea #ryan #cheer #seniorelite #tglc  #superiiorcheer ,False,,superiiorcheer,Superiiorcheer💜💜,,,,,,False,,,
7364054896217312555,2024-05-01T11:34:21,89,US,34000,494,229,341500,i literally love talking about this because its so special #clemsontigers #clemsonuniversity #clemson #clemsonuniv #clemsonring #clemsonringceremony #collegering #collegelife #collegegrad ,False,,itsabbypapetti,abby,,,,,,False,,,
7342311546292407595,2024-03-03T20:19:12,42,US,64600,1413,186,413900,idk why shes scared behind a net😹 #fyp #softball #baseball ,False,,thedionbrown,Dion Brown,,,,,,False,,,
7335978522776816942,2024-02-15T18:43:53,11,US,28100,130,775,248800,"@Clemson University pick me, chose me. ",False,,emilydzubilo,em,,,,,,False,,,
7390800588147035434,2024-07-12T13:21:05,11,US,170,6,3,4902,twin @Har #fyp #foryou ,False,,thedionbrown,Dion Brown,,,,,,False,Clemson University,"109 Clemson St, Clemson, United States",Clemson
video_id,video_timestamp,video_duration,video_locationcreated,video_diggcount,video_sharecount,video_commentcount,video_playcount,video_description,video_is_ad,video_stickers,author_username,author_name,author_followercount,author_followingcount,author_heartcount,author_videocount,author_diggcount,author_verified,poi_name,poi_address,poi_city
7141956881362357550,2022-09-10T23:20:19,17,US,1558,160,59,46800,What a salmon run looks like in Michigan . . . . . . . . #fishin #fishing #fishinglife #fishinglife #fishingtiktoks #fishingrod #fishingtips #fishingpassion #fishinggear #fishingtime #fishingchallenge #fishingfun #fishingtiktok #follow #following #like #wildlife #followformorevideo #foryoupage ,False,,michigan_fishingg,Roger See,,,,,,False,,,
7409797517447138590,2024-09-01T17:58:57,9,US,3648,92,522,41700,Yea im asking again🤷🏽‍♂️ @Smokinbassfishing  #fishinglife #bassfishing #bassfishing #michiganfishing #pond #bass #bass #smokinbassfishing #river #fishtok #bassfishinglife ,False,,smokinbassfishing,Smokinbassfishing,,,,,,False,Michigan,United States,
7405022670095404319,2024-08-19T21:10:07,7,US,57700,4924,447,1000000,Time to level up tho🤝🏽 @Smokinbassfishing  #hellcat #srt #shimano #shimanoslxd #bassfishing #smokinbassfishing #fyppppppppppppppppppppppp #fishtok #smokinbassfishing #michiganfishing #reels #michigan #lures #fishinglife ,False,,smokinbassfishing,Smokinbassfishing,,,,,,False,Michigan,United States,
7410389231362657579,2024-09-03T08:15:02,11,US,8,0,1,237,Caught a pike on  live bluegill. Or is it a 🐈 🎣? 😂#funnymoments #flintmichigan #michiganfishing  ,False,,xavierrobinson72,XavayeKason,,,,,,False,Flint,"Michigan, United States",
7380821875649236254,2024-06-15T15:58:52,8,US,30600,3695,505,457900,Have you seen this?🤷🏽‍♂️ #fishin #fishtok #michigan #bassfishing #fishingtips #smokinbassfishing #frog #fishingtips😎🔥✌️🎣🎣🎣 ,False,,smokinbassfishing,Smokinbassfishing,,,,,,False,Michigan,United States,
7249472535056698667,2023-06-27T16:56:10,10,US,2589,110,468,72600,Replying to @That_97_formula_z   Cast your line into the Fisherman's Paradise: Lake St. Clair awaits your angling adventures! Ranked #2 best bass lake in the United States.  #bass #fishing #bassfishing #lake #michigan #greatlakes #stclairlake #tacklebox #pbfish ,False,,lurejunkies,Lure Junkies,,,,,,False,United States,North America,
7377120665146543403,2024-06-05T16:35:57,100,US,2698,18,45,40200,So blessed to live in the mitten state🙌 #michigan #fishing #fyp #foryou #bassfishing,False,,bassbros_yt,Joey Bass,,,,,,False,,,
7410085316301770015,2024-09-02T12:35:47,5,US,117,0,2,1310,real#fyp #fishing #bass #fall ,False,,michiganfishing3,Michigan fishing,,,,,,False,,,
7410391307304062239,2024-09-03T08:23:07,52,US,21,0,0,224,#michiganfishing #kayakfishing #pikefishing #pikehunter #puremichigan ,False,,pike_hunter721,Pike_Hunter,,,,,,False,Michigan,United States,
7384845599926930718,2024-06-26T12:13:10,17,US,7119,316,45,1100000,mouth - eye coordination is off #michiganfishing #kayakfishing #topwaterfishing #pikefishing ,False,,pike_hunter721,Pike_Hunter,,,,,,False,Michigan,United States,
7382581865087028522,2024-06-20T09:48:21,6,US,859,17,751,142400,What did we catch in Lake Michigan? #fyp #foryou #foryoupage #salmon #fishing #fishinglife #michigan ,False,,davesfishingcharters,Captain David,,,,,,False,,,
7320088660928498987,2024-01-03T23:03:06,26,US,14500,258,73,211100,Da fish of 10000 casts! #daoutdoorhour #yooper #michigan #fishing #musky #muskyfishing @yoopershirts ,False,,da.outdoor.hour,Da Outdoor Hour,,,,,,False,,,
7293194764621532459,2023-10-23T12:40:50,10,US,1332,73,51,21500,Lil more fish whistle magic  #fishing #trout #troutfishing #michigan #fall #riverfishing #puremichigan #sendit #fullsend #tiktok #tiktokusa ,False,,mitt_shitt,MITT,,,,,,False,Michigan,United States,
7336391747175517486,2024-02-16T21:27:10,61,US,3820,140,333,100200,#michigan #michigander #kalkaska #kalkaskamichigan #fishing #lake ,False,,visit_michigan,visit_michigan,,,,,,False,,,
7383714362524994858,2024-06-23T11:02:58,41,US,2017,197,118,27300,MORNING TOPWATER BITE🔥 Had one of the best topwater mornings ever up north! We caught 47 smallmouth bass all on topwater it was isnane 🎣 #topwater #topwaterfishing #topwaterexplosions #smallmouth #smallmouthbass #michiganfishing #michigancheck #michiganders ,False,,extreme.outdoorsmen,Extreme.Outdoorsmen,,,,,,False,Michigan,United States,
7252882876952349994,2023-07-06T21:29:56,53,US,48700,850,218,1200000,Lake Superior is loaded with fish… #lakesuperior #michigan #yellowperch #underwater #upperpeninsulamichigan #gopro #greatlakes #fish ,False,,ifishli,IFISHLI,,,,,,False,Grand Marais,"Alger County, Michigan, United States",
7410264939371220254,2024-09-03T00:12:49,87,US,13,0,0,246,"30.75"" Musky (September 2, 2024) not sure what would have caused this wound, doesn't look to be very old. hopefully it recovers. #musky #muskyfishing #michigan #puremichigan #fishing ",False,,co0446,user5798997051888,,,,,,False,,,
7390371532670766378,2024-07-11T09:36:10,86,US,69,6,0,2757,Salmon fishing in one of the 5 great lakes of North America (Lake Michigan). #FreshWaterSalmon #KingSalmonFishing #CharterFishing #TrollingFishing #LakeMichiganFishing,False,,calebfollettfit,Caleb Follett,,,,,,False,,,
7203722969644862763,2023-02-24T09:04:28,46,US,144800,1876,457,1800000,Most EXPLOSIVE Magnet Fishing Find EVER!!!!! 🧲 Found by: @muck_n_nails  #magnetfishing #magnet #fishing #michiganstatepolice #michigan #Detroit #police #cops #policeofficer #policeoftiktok #copsoftiktok #strongmagnet ,False,,michiganmagnetman,MichiganMagnetMan,,,,,,False,Mount Clemens,"Macomb County, Michigan, United States",
7399676589073616159,2024-08-05T11:24:46,10,US,97,4,4,2310,5.3 #funny #fyp #fishing #bass #xybca #trend #fishtok #like #water ,False,,michiganfishing3,Michigan fishing,,,,,,False,,,
7409910996841614638,2024-09-02T01:19:15,8,US,25,3,0,322,😹#fyp #real #qoutes #Michigan #fishing ,False,,hunters_main2,✝️ Cazador 👑,,,,,,False,,,
7370093024056970539,2024-05-17T18:05:13,15,US,301,2,2,9258,#fyp #floorloot #fishing ,False,,michiganfishing3,Michigan fishing,,,,,,False,,,
7391887027651775775,2024-07-15T11:37:18,5,US,140,4,8,11400,Bro wanted a taste of the senko#fishing #fyp #xybca #viral #bass #turtle #fishtok ,False,,michiganfishing3,Michigan fishing,,,,,,False,,,
7402696076253334826,2024-08-13T14:41:41,8,US,76,1,2,775,#fishing #pikefishing #kayak #michigan ,False,,straightupmichiga,Straightupmichiganfishing,,,,,,False,Michigan,United States,
7410270827477847326,2024-09-03T00:35:48,89,US,6,0,0,241,"30.50"" Musky (September 2, 2024) repeat catch (verified by PIT tag) caught on 7/9/23- 22"" then, grew 8.50"" in just over a year. #musky #muskyfishing #michigan #puremichigan #fishing ",False,,co0446,user5798997051888,,,,,,False,,,
7409827289514413343,2024-09-01T19:54:28,10,US,47,15,0,2205,The salmon are starting to stack up in front of the Little Manistee Weir. #fishing #salmonfishing #fishhawkelectronics #fishinglife #lakemichiganfishing #kingsalmon #lakemichigan #cohofishing #cohosalmon ,False,,fishhawkelectronics,Fish Hawk Electronics,,,,,,False,,,
7328840415287807274,2024-01-27T13:04:23,42,US,5976,1477,120,292500,#icefishing #eskimo #fishingtiktoks #michigan,False,,mateo_the_great,matthewpikaart,,,,,,False,,,
7410385185235143967,2024-09-03T07:59:24,26,US,25,0,2,178,Slayyyy#sassyoutdoorchick #intimidatorllfrankfortmichigan #intimidatorsportfishingcharters #fish #fishing #fishtok #,False,,sassyoutdoorchick,Sassy outdoor chick,,,,,,False,Frankfort,"Michigan, United States",
7392392923159088414,2024-07-16T20:20:21,7,US,130,2,5,5133,Jackpot#fishing #fyp #bass #biggin #trending #water ,False,,michiganfishing3,Michigan fishing,,,,,,False,,,
7410236743611370795,2024-09-02T22:23:16,8,US,36,4,1,308,#fishingtok #boattok #michigan #sunset #fyp #goodvibes #boatvibes #mercurymarine #fypシ゚viral #hopecore ,False,,lincoln_rice,Lincoln,,,,,,False,Michigan,United States,
7270867766318533931,2023-08-24T08:40:32,13,US,322,3,6,14600,I couldn't believe that we kept finding these Magnet Fishing in this Michigan River! #magnetfishing #fishing #chair #river #michigan #treasure #treasurehunt #fishingvideos #fish #fisherman #nature #enviroment #strongmagnet ,False,,michiganmagnetman,MichiganMagnetMan,,,,,,False,,,
7383727963302284586,2024-06-23T11:55:42,68,US,244,29,16,12600,Little explanation of what we were using/doing to get our Walleye on Lake Erie. ##viral##fypシ##foryou##michigancheck##michigancreators##michigan##michiganfishslayer##michiganmade##fishing##fishingtiktoks##fishinglife##walleyefishing##walleye##walleyetournaments##teamworkmakesthedreamwork##explaining##thishowwedoit@@Walter Askew215,False,,michiganfishslayer1011,william zehel,,,,,,False,Michigan,United States,
7169958149708074286,2022-11-25T09:20:21,58,US,7536,1224,123,295100,"Pretty neat little facts about walleye. The more you know, the better fisherman you will be. Happy fishing🍻🎣🏊🏻‍♂️🤿🏹🐟#lakehuron #lakemichigan  #lakeerie #everythingunderwater #freshwater #walleye #sleepyfish #puremichigan #adventure #fish #spearfishing #greatlakes #michigan #fishtok #meateater #fyp #michigancheck #fishtok #spearfishing #walleyefishing ",False,,purelymispearfishing,Jonathan Durtka,,,,,,False,,,
video_id,video_timestamp,video_duration,video_locationcreated,video_diggcount,video_sharecount,video_commentcount,video_playcount,video_description,video_is_ad,video_stickers,author_username,author_name,author_followercount,author_followingcount,author_heartcount,author_videocount,author_diggcount,author_verified,poi_name,poi_address,poi_city
7398327500729896235,2024-08-01T20:09:20,21,US,102200,1622,492,1100000,Good repeonse gang @Duke Dennis  #dukedennis #dukedennisedit #fashion #streetinterview #fyp #viral ,False,,deeswishclips,latenightarchivess,,,,,,False,,,
7410153057004145962,2024-09-02T16:58:33,20,US,1647,35,8,9104,rs #dukedennis #fyp #quotes #relatable ,False,,feelsrelatablee,relatable,,,,,,False,,,
7341049461285604654,2024-02-29T10:41:59,20,US,116000,1932,588,1000000,😂 #dukedennis #dukedennisedit #dukedennisedit ,False,,dukedennis2x,Duke Dennis,,,,,,False,,,
7228744257912311082,2023-05-02T20:19:52,10,US,3500000,44800,12000,24900000,Dance kinda tuff 😂💯 #dukedennis #fyp ,False,,dukedennis,Duke Dennis,,,,,,True,,,
7381680285017984299,2024-06-17T23:29:39,47,US,41900,156,142,448800,#fyp #real #dukedennis #viral #fypシ #foryou #amp,False,,therealclipplugg,The Clip 🔌,,,,,,False,,,
7330820870203575598,2024-02-01T21:09:13,81,US,630600,19700,2645,5200000,Duke Dennis gives content creators a step by step guide on how to blow up #DukeDennis #360withspeedy #speedymorman ,False,,speedymorman,speedy,,,,,,True,,,
7403518728098417966,2024-08-15T19:53:57,32,US,20300,1845,626,224800,Duke Dennis Over Jesus Christ Is Crazy 😂🤦‍♂️ #dukedennis #amp #funny #reactions #foryou @Duke Dennis @Nizzy ,False,,dukedennisvault,Daily Duke Dennis Clips 🔌,,,,,,False,,,
7383547981766610218,2024-06-23T00:17:16,15,US,53000,8441,1814,3500000,Duke Denis Cut His Dreads😱.  W or L? #viral #explore #explore #fyp #dukedennis ,False,,batmanxclips,batmanxclips,,,,,,False,,,
7396812167204457771,2024-07-28T18:09:04,58,US,60000,4766,787,809300,"Nah this is actually tuff , duke cooked with this 🔥 #dukedennis #fyp ",False,,realadinfinesserplug,Plug Finesser 🔌,,,,,,False,,,
7340906988928322848,2024-02-29T01:28:42,60,DE,2600000,79300,22900,13000000,Thats a blessing Fr #duke#dukedennis#fyp ,False,,_cchub,ClipCultureHub,,,,,,False,,,
7387105976991665451,2024-07-02T14:24:07,8,US,1100000,34500,1589,5300000,It be the most obvious questions too😭#foryoupage #fy #funny #fypage #fypシ゚viral #dukedennis #amp #comedia ,False,,dirtpickle0,dirtpickle0,,,,,,False,,,
7354151284695502112,2024-04-04T19:03:06,79,DE,190000,7989,1145,1400000,Type shi 😂 #duke#dukedennis#typeshi#fyp ,False,,_cchub,ClipCultureHub,,,,,,False,,,
7354900865762790698,2024-04-06T19:32:11,15,US,1200000,13800,6849,13100000,Nothing changed 😂 #dukedennis #dukedennisedit #fyp ,False,,dukedennis2x,Duke Dennis,,,,,,False,,,
7209875616487722283,2023-03-12T23:59:55,12,US,3100000,42300,14200,20800000,This tuff🔥 #dukedennis #fyp ,False,,dukedennis,Duke Dennis,,,,,,True,,,
7358096182826126624,2024-04-15T10:11:21,28,DE,326500,6199,857,2800000,I need a Duke Remix right now 😮‍💨🤣 #dukedennis #typeshit #remix #ai ,False,,mandarineclips,Mandarine,,,,,,False,,,
7355802628221127968,2024-04-09T05:51:09,11,GB,2500000,31800,3386,18800000,Duke is the rizz🫣 looking back 3 times is crazy😂👀 #dukedennis #dukerizz #dukeloveatfirstsight #loveatfirstsight #dukepickup #dukedennisrizz ,False,,tyniclips,TyniClips,,,,,,False,,,
7331845663669423406,2024-02-04T15:26:09,15,US,1800000,17800,27700,12800000,😂😂😂 #dukedennis #dukedennisedit #fyp #popeyes ,False,,dukedennis2x,Duke Dennis,,,,,,False,,,
7357145014293744942,2024-04-12T20:40:29,8,US,21200,225,140,402900,AMP x Kingsplay ⚡️ My viral jackets out now only 100 left #clothingbrand #viral #fypシ #motivation #foryou #success #entrepreneur #dukedennis #amp #dukedennisedit ,False,,kingsplayco,Kings Play,,,,,,False,,,
7402958585531043078,2024-08-14T07:40:18,34,ZM,462400,16100,2043,3200000,they’re so cute🫣 #dukedennis #gio #foryoupage #fyp ,False,,ampgirlbee,BEE,,,,,,False,,,
7365274966239005984,2024-05-04T18:28:41,7,GB,130400,21500,414,1700000,If you know you know 😉 #fyp #couples #dukedennis ,False,,celiaa979,celiaa979,,,,,,False,,,
7342637982148463915,2024-03-04T17:26:00,15,US,171900,979,258,2300000,How are we supposed to compete with this guy😔 #quotes #relatable #dukedennis #rizz ,False,,strictlyrelatable,strictlyrelatable,,,,,,False,,,
7400090401035521322,2024-08-06T14:10:18,30,US,10600,568,63,178100,✨ACNE FACE MAPPING FT DUKE DENNIS✨ #dukedennis #facemapping #skincare #skincareroutine #fypage ,False,,saucecare,Keyzee★,,,,,,False,,,
7298886673344007466,2023-11-07T19:48:10,15,US,1300000,27700,10500,7100000,Duke Dennis used to cook on Musical.ly 😭 #dukedennis #amp #fyp #foryou #foryoupage #fypシ ,False,,2__t0n3,2__T0N3,,,,,,False,Atlanta,"Georgia, United States",
7301967844927982890,2023-11-16T03:04:52,7,US,838900,5240,2897,5300000,Dukeeeee #kansascity #dukedennis #draftweekend2023 #fyp #streamer ,False,,sunnnytee,sunnny | LifeStyle,,,,,,False,Kansas City,"Missouri, United States",
7396824151526362373,2024-07-28T18:55:34,55,JM,620600,31500,4355,5100000,Bro should do music fr💯 Dm For Promo $$  #rapping #dukedennis #fyp #viral  @Kai Cenat @ampexclusive @Duke Dennis ,False,,grandwizardchatnxggaa,Chatnxgga🤧,,,,,,False,,,
7295702685964160289,2023-10-30T06:53:58,14,IT,224900,2110,298,3900000,Duke has W rizz🔥 #amp #dukedennis #funny,False,,ampeverythings0,Ampeverythings0,,,,,,False,,,
7287381023795465478,2023-10-07T20:40:18,7,CA,1400000,106400,11400,7700000,#motivation #quoteoftheday #seekology #fyp #jesus #dukedennis ,False,,seekology,𝔰𝔢𝔦𝔟𝔢𝔰,,,,,,False,,,
7383501958734220575,2024-06-22T21:18:57,6,US,787300,24800,0,5500000,yea #foryourpage #dukedennis #fyp #foryou  ,False,,theelitest21,𝔪𝔞𝔯𝔦𝔰𝔞,,,,,,False,,,
7392340112215969066,2024-07-16T16:55:15,11,US,1800000,19700,1425,10800000,Ray always making duke laugh 🤣 #clips #clipfarming #clipsdetwitch #duke #dukedennis #ray #rayasianboy #rayasianboyclips #rayclips ,False,,clips.by.aray,clips by aray,,,,,,False,,,
7297342574082182442,2023-11-03T16:56:28,12,US,1700000,44000,12900,8300000,Real #dukedennis #amp #RushFighter ,False,,rushfighter0,ℝ𝕦𝕤𝕙𝔽𝕚𝕘𝕙𝕥𝕖𝕣弱者,,,,,,False,,,
7381675092629114158,2024-06-17T23:09:30,15,US,140000,3191,432,1700000,😭😭😭😭  #kaicenat #dukedennis #kimkardashian #kaicenatclips #viral #kimk ,False,,zenosclipz0,ZenosClipz0,,,,,,False,,,
7350906548924828960,2024-03-27T01:12:23,79,DE,697500,13700,3079,4900000,Duke couldnt take it 😔 she cooked his goat 😭 #dukedennis #reacts #to #kai #get #friendzone #by #tyla ,False,,mandarineclips,Mandarine,,,,,,False,,,
7337950815509974318,2024-02-21T02:18:15,36,US,585100,7799,1788,3900000,Crazy glaze 😂 #kaicenat #dukedennis #kaiandduke #amp #funny #viral #fyp ,False,,nomclips,Nom,,,,,,False,,,
7396830122122218784,2024-07-28T19:18:48,19,GB,696700,13700,4377,6000000,tell me @Duke Dennis aint won already (Twitch - AkzOnTop ) #dukedennis #amp #trending #viral #fyp ,False,,akzot_,AkzOnTop,,,,,,False,,,
7367869934967262497,2024-05-11T18:18:28,34,SE,157500,8201,1085,2100000,Dunking at 30 is crazy😳#dukedennis#dunk#airtrampoline ,False,,clubofclipz,ClubOfClipz,,,,,,False,,,
video_id,video_timestamp,video_duration,video_locationcreated,video_diggcount,video_sharecount,video_commentcount,video_playcount,video_description,video_is_ad,video_stickers,author_username,author_name,author_followercount,author_followingcount,author_heartcount,author_videocount,author_diggcount,author_verified,poi_name,poi_address,poi_city
7401175727212629278,2024-08-09T12:22:00,65,US,3000000,82900,12400,15700000,wait they reached for what || ITS DONE!!! YIPPEEE!!! I LOVE HOW IT CAME OUT || #typography #aftereffects #webothreachedforthegun ,False,,venushoyo,violet!!,,,,,,False,,,
7344438655680875818,2024-03-09T13:53:11,34,US,2400000,13300,1413,12400000,"I dont care, I love it || #fyp #fypシ #viral #tarayummy #jakewebber9edit #taraandjake #johnnieguilbert #jakeandjohnnie #idontcareiloveit #tarayummyisamindset #edit #editor #fypシ゚viral #taraandjakeedit #tarayummyedit @Tarayummy @Jake Webber",False,,mills.editsss,millsedits,,,,,,False,,,
7393848456365870341,2024-07-20T18:28:22,35,GH,845200,8470,8014,7500000,The amount of love being shown to this Dance Challenge is crazy.. thank y’all for loving it 🤭💜 Dc:Myself #demzybaye #lidellemovement @Endurancegrand @Lisa Quama ,False,,demzy_baye,Demzy BaYe,,,,,,False,,,
7341456603121470762,2024-03-01T13:01:43,8,US,2900000,10800,4804,21200000,i love it 🩷 #fyp ,False,,lailasmithmusic,Laila!,,,,,,False,,,
7404773430207302928,2024-08-19T05:02:53,24,PH,876300,47800,4017,3000000,i just love it when he smirks like that #jungwon #enhypen #enhypenedit ,False,,luvmyg,ri,,,,,,False,,,
7381950644183207174,2024-06-18T16:58:43,9,TR,3100000,119000,10200,15200000,00:00 #real #iloveit #fyp #tvgirl #fypage ,False,,real_vibe7,tyler,,,,,,False,,,
7370045702363188523,2024-05-17T15:01:38,40,US,754100,63000,9695,8900000,"""i love it, i love it, i love it"" 🎶 @Camila Cabello is back at #verified to discuss her new hit song ""I luv it"" featuring #playboicarti 🫶 #genius #camilacabello #iluvit   #camilacabelloiluvit #cxoxo #viralmuisc #music ",False,,genius,Genius,,,,,,True,,,
7384877739792207147,2024-06-26T14:17:26,9,US,1000000,111200,6091,5300000,New song out by @Kali Uchis !! I love it 😍💞#hellokitty #sanrio #girlythings #hellokittykaliuchis ,False,,hellothisiskitty322,Hello This is kitty ྀིྀི,,,,,,False,Sanrio Hello Kitty Town,Puteri Harbour Family Theme Park,Johor Bahru
7364191613641526574,2024-05-01T20:24:43,120,US,54000,21800,1552,2600000,Lo amé!!! 🥰#fyp #fypシ #czrgf #creadoradecontenido #latina #tiktok #rebekitaoficial #latinos #hispanos #viral #xybca #loveit #tiktokmakemebuyit #tiktokshop #traductor #translador #traductorinteligente #noveltydigital #🥰 ,True,,rebekitaoficial,✌🏽🤪❤️ REBE OFICIAL ❤️🤪✌🏽,,,,,,False,,,
7322889415796346130,2024-01-11T12:11:03,14,AM,142900,3514,1544,930300,miku love it #miku #mikuhatsune #aiart ,False,,nameless20013191,nameless20013191,,,,,,False,,,
7401113850549964064,2024-08-09T08:21:49,30,DE,1100000,232500,8516,11500000,🩵 #genderreveal #boyorgirl #fürdichforyou #fyyppppp #fürdichpage #itsaboy #loveit #party #genderrevealparty #goviralll #sevlove1 ,False,,sev.love1,sev.love1,,,,,,False,,,
7296617838180093202,2023-11-01T18:03:53,36,JP,2795,194,58,110000,Loveitの文字素材です。ご使用の際はコメントお願いいたします◝✩ #文字素材 #alightmotion #文字pv #文字素材配布 ,False,,nene_nennee,ɴᴇɴᴇ,,,,,,False,,,
7320628210125786369,2024-01-05T09:56:26,9,IL,3400000,10800,6215,15000000,🔛🔝#iloveit #fyp ,False,,yuvalharel16,Yuval,,,,,,False,,,
7400123215865007390,2024-08-06T16:17:46,6,US,1100000,46800,2010,6700000,love it,False,,camfant,cam 🦸🏼,,,,,,False,,,
7388656343860858158,2024-07-06T18:40:21,22,US,3100000,118200,9684,27800000,Teaching yall cs yall love it so much #foryou #viral #wingstop ,False,,_teemalii,Ur wife,,,,,,False,,,
7403396538552044832,2024-08-15T11:59:47,11,GB,1700000,26400,1639,7500000,I Love it thoughhhhh #girlythings #fyp #viraal #relatable #girlmath ,False,,kkisaacs24,Katie i <3,,,,,,False,,,
7183812840531283242,2023-01-01T17:23:00,30,US,59,6,0,3150,#HabariGani ♥️🖤💚🤲🏾 #Imani #Day7 #SevenPrinciples #Kwanzaa #FirstFruits #KwanzaaHistory #HonorYourAncestors #HappyNewYear #HappyCalendarNewYear #Faith my#JustifiedSistah . SONG🎵 :  #LoveIt #Magasco #Shanl ,False,,justifiedsistah,justifiedsistah,,,,,,False,,,
7383581144442277126,2024-06-23T02:25:55,97,ID,10000000,73400,119000,118500000,3 days effort to made this 😭  hope u guys love it ✨ ada yang kurang ga nih guys ?,False,,vilmeijuga,VILMEI✨,,,,,,True,,,
7410401848877665569,2024-09-03T09:03:59,16,DE,7356,95,61,47400,𝙔𝙤𝙪 𝙟𝙪𝙨𝙩 𝙡𝙤𝙫𝙚 𝙩𝙤 𝙨𝙚𝙚 𝙞𝙩! 🥰 @manuelneuer joining the celebrations after @esmuellert's record breaking goal in his 710th game for FC Bayern. ❤️🤍 #FCBayern #MiaSanMia ,False,,fcbayern,FC Bayern,,,,,,True,,,
7396547398576786720,2024-07-28T01:02:16,15,KR,936900,8821,969,11900000,I love it 🙂‍↔️ #trend #dance #viral ,False,,youronlyjen,Youronlyjen,,,,,,False,,,
7335807342367313185,2024-02-15T07:39:18,28,FI,1200000,7633,4599,6000000,mrcrew kiittää ja kuittaa🙏🏼 #tj0 #penkkarit #iloveit #maanantairipulicomeback #mrworldwide #penkkarit2024 ,False,,maanantai_ripuli,Maanantai ripuli,,,,,,False,,,
7387574269770763553,2024-07-03T20:41:26,12,IT,896300,10700,1909,6700000,i love it #anna #artie5ive #nickiminaj ,False,,uolaf,Olaf,,,,,,False,,,
7383008587813145902,2024-06-21T13:24:08,7,US,719400,46000,1036,9000000,they love it I swear 😎 #thirdwheel #parents #funny #relatable,False,,nolnolnolynn,Nolyn Bartholomew,,,,,,False,Nashville,"54 Music Sq E, Nashville-Davidson, United States",
7390843444383452449,2024-07-12T16:07:20,13,PL,674500,29700,764,3700000,i love it   #foryou #sunset #wladyslawowo #dc #dlaciebie ,False,,ponskaa,julaa🫶🏼,,,,,,False,Władysławowo plaża,"Władysławowo, Władysławowo, Puck, Pomerania, Poland",Wladyslawowo
7376312888086039850,2024-06-03T12:21:24,33,US,4600000,561400,26200,82200000,Toddler must have !! Its getting warmer outside & the babies love bubbles! Its even fun for the older kids !! Love it #bubblegun #toddlermomsoftiktok #momsoftiktok #tiktokshopfinds #rocketbubblegun #toysforkids,False,,charltte6,charltte6,,,,,,False,,,
7397230396288584965,2024-07-29T21:11:59,14,CA,1300000,108900,1800,13700000,"So I had this vision to create a plain solitaire engagement ring and then fully encrust the prongs with diamonds. So I did it and I absolutely love it. Do you? 💍 To book an appointment, call 647.972.RING or book online at diamondboi.com #engagementrings #engagementringshopping #engagementringstyles #engagementringideas #engagement #diamondring #diamonboi #customengagementring #customjewellery #engagementringinspo #solitairering ",False,,_diamondboi,diamondboi,,,,,,False,Canada,North America,
7399716090948980000,2024-08-05T13:57:49,8,BG,715500,22100,1447,3400000,I wanna try it  I love this song so fucking much you guys dont get it.  #fyp #fy #fypツ #charlixcx #billieeilish ,False,,victoriyaam,Victoria ✨,,,,,,False,,,
7334033158624611617,2024-02-10T12:54:38,61,GB,1900000,84500,10400,11800000,I LOVE IT‼️🔥💃🕺 #iloveit #charlixcx #popmusic #dancemusic #dancingfruit #dancingfruitsandvegetables #anxietyrelief #babysensory #fyp ,False,,party_peas1,Party_Peas1,,,,,,False,,,
7375598209420381486,2024-06-01T14:08:02,15,US,1300000,7035,2957,28200000,"POV: When I created The ""Glue"" trigger & didn't know everyone would love it! #asmr #asmrglue #asmrlive #yahneofficial #yahneofficialasmr #barbie #relatable #glue",False,,yahneofficial,Yahneofficial,,,,,,False,Los Angeles County,"California, United States",
7393146327443574059,2024-07-18T21:03:45,12,US,726300,84300,5185,4300000,Since yall love it so much,False,,_oogieboogiewitdahoodie_,OOGIE,,,,,,False,,,
7389795509218643243,2024-07-09T20:20:52,11,US,1200000,126100,2978,4800000,#iloveitoverhere ,False,,thatianaaj,tt,,,,,,False,,,
7390388441630051630,2024-07-11T10:41:47,12,US,865300,24800,1241,8300000,HE LOVED IT!! #xycba #fypage #fypシ゚viral #trending #real #bfbday #bfbirthday ,False,,_laylabelton,layla 🕷️,,,,,,False,,,
7410340738770226449,2024-09-03T05:06:58,59,AE,452,11,37,3273,Replying to @qwinrachy0621 Don't go Away #zambiakuchalo🇿🇲 #dontgoaway #trending #zambiantiktok🇿🇲 #jadonshiva1 @Eric♊️ ,False,,jadonshiva1,♑️Jadon Shiva💫,,,,,,False,,,
7410374319160839457,2024-09-03T07:17:22,24,DE,3395,52,18,19500,outfit of the day ✨ navy and brown looks so chic together i love it 🍒 #ootd #outfitoftheday #outfit #summeroutfit #falloutfits #fall #navy #outfitinspo #outfitideas #fashiontiktok #oldmoney #oldmoneyoutfits ,False,,lisa.rdna,Yelyzaveta,,,,,,False,,,
7383099638347205921,2024-06-21T19:17:35,15,DE,4300000,270100,15300,37500000,I love it. #r34 #gtr #skyline #fakesound #hättegernsonenauspuff #nissan #r34gtr #r34skyline ,False,,kheio,R34GTR_Ger,,,,,,False,,,
video_id,video_timestamp,video_duration,video_locationcreated,video_diggcount,video_sharecount,video_commentcount,video_playcount,video_description,video_is_ad,video_stickers,author_username,author_name,author_followercount,author_followingcount,author_heartcount,author_videocount,author_diggcount,author_verified,poi_name,poi_address,poi_city
7339252199404391686,2024-02-24T14:26:56,11,CL,129700,1112,826,1700000,4K #fypシ #mujeres #maquillaje ,False,,camvantonia._,XULITA,,,,,,False,,,
7194865909285129514,2023-01-31T12:14:34,56,US,61100,5095,289,2800000,"4K - El Alfa, Darell, Noriel #spedup #speedsongs #elalfa #dembow #spanishmusic #fyp #parati ",False,,speddhispanic,<3,,,,,,False,,,
7362296819239488774,2024-04-26T17:51:52,50,SV,435900,19900,14800,11800000,Las chicas del rio #elsalvador4k ,False,,shortselsalvador4k,ShortsElSalvador4K,,,,,,False,,,
7407746112758615303,2024-08-27T07:30:00,19,AU,561300,24300,1563,3400000,"embrace it. // Want to edit like me? check my bio // alr tiktok are you listening, ts betta get views || tags: #pogba #paulpogba #edit #cold #4k #ae #aftereffects #fyp #viral #blowthisup ||  @suarez.prods @sanyprod @imkutayy @peters.footyyy @p1iotr_ @m3mph1sftbl @sergioramqs @crxftblll @0mar_aep @audz.aeppp @lfc.ftbl17 @wonaprodz @jp7ftbl @gu1dado @guidxdo @jelvanoftbl @sazaep @lrk.aep @kron1c.ae ||",False,,mxk.aep7,𝐌𝐗𝐊,,,,,,False,,,
6860229473099353349,2020-08-12T18:34:09,15,MX,21400,687,145,755500,Esta canción da vida :P #4k #4kchallenge #parati #caminata #quelapongaen4k,False,,jessie.anz,Jessie Anz,,,,,,False,,,
7273108118777662725,2023-08-30T09:35:03,20,JP,354800,29100,2247,5300000,#animeedit #4kedit #4K #yourname #memoryreboot,False,,ray.amv000,ray,,,,,,False,,,
7201933117962128646,2023-02-19T13:20:14,11,GB,5200000,179300,15300,23700000,Thank you! #fyp #4k #bestquality #rappers #vxrtzs,False,,vxrtzs,vxrtzs,,,,,,False,,,
7401527882465463584,2024-08-10T11:08:29,15,AZ,1200000,63800,16500,12900000,msn visca barca || my 4k comps or presets are in bio ||  #warsaep #neymar #neymarjr #football #aftereffects #fyp #viral #brazil #ae #barcelona ,False,,eh9wxrs,Wars 🇦🇿 (2nd acc),,,,,,False,,,
7343807713186516229,2024-03-07T21:04:40,11,MX,111500,1909,325,1500000,Las mujeres aqui no son televisores 😡🫵🏻 #fyp #viral #baile #solamentebony #caderas #caderasalpiso #4k ,False,,solamentebony,Bony,,,,,,False,,,
7344915237377772821,2024-03-10T21:43:12,17,AU,1600000,57700,4811,10300000,quality+new slow twixtor in my bio! 💫 || #fyp #viral #edit #trending #quality #4k #livelaughedit #wyvzs #centralcee ,False,,live.laughedit,𝙇𝙇𝙀💫,,,,,,False,,,
7372627838014328080,2024-05-24T14:01:34,9,GE,868800,64500,4561,11900000,"Toyota Supra MK4 w bodykit, 4k... #effects #4k #toyota #supra #edit #cars #mk4 #super #bodykit ",False,,editwizguy,EditWizGuy,,,,,,False,,,
7410081029777673473,2024-09-02T12:19:12,14,AU,48800,1936,417,388400,This song is addictive 😅 #cristianoronaldo #footballedit #fyp #viral #velocity #portugal #4K,False,,slicx7.axp,Slicx7_ (the real one),,,,,,False,,,
7383286451275975969,2024-06-22T07:25:07,16,AU,1200000,46400,4089,7700000,Euro 2024 🤩 (Check My Bio To Edit Like Me 🔥) #euro2024 #footballedit #aftereffects #4k #euros,False,,jelvanoftbl,jelvanoftbl,,,,,,False,,,
7372094424672750866,2024-05-23T03:31:36,36,AU,7900000,311700,25500,80100000,ib:@Moe 𖣂︎ | song: static by steve lacy | #capcut #english #or #spanish #edit #trend #fyp #foryou #foryoupage #4k #hd #xyzbca #dr1nkz7 ,False,,dr1nkz7,dr1nkz,,,,,,False,,,
7332574916857892129,2024-02-06T14:35:43,12,PL,1700000,42700,5456,15300000,Old trend part.4 🔥 | 🎥@The Pro Video | #4k #quality #car #edit #teamfx⚜️ #swxft #ae #aftereffects #jdm #🔥 #viral #fyp #challenger #dodge #srt #demon #sound,False,,swxft.404,𝐒𝐰𝐱𝐟𝐭,,,,,,False,,,
7388936911999503649,2024-07-07T13:09:00,33,NL,570600,7984,1942,2900000,🕊️ #foryou#edit#aftereffects#lilloaded#60fps#quality#4k,False,,ijsvk,ׄ,,,,,,False,,,
7396551500425645320,2024-07-28T01:17:29,13,PH,1200000,68800,2584,5500000,Pov : A sports car winked at u😉 Clips by: @camilo #4k #trend #edit #r35#fyp ,False,,zenas_h,Zenash,,,,,,False,,,
7269176746057010478,2023-08-19T19:18:34,15,US,38900,9350,183,1300000,space is soo cool #space #galaxy #stars #art #sky #4k #ultrahd #video ,False,,spaceisverybeautiful,I Love Space🥏,,,,,,False,,,
7360350487683632389,2024-04-21T11:59:05,14,EG,653400,31300,3593,4300000,𝟒𝐊 𝐋𝐚𝐦𝐛𝐨𝐫𝐠𝐡𝐢𝐧𝐢 😩✨ | 🎥Heather Ballentine | #4k #quality #car #edit #teamfx⚜️ #urn_edits #ae #aftereffects #jdm #viral #fpy #drift #cartok ,False,,urn_edits,𝐔𝐑𝐍 𝐄𝐃𝐈𝐓𝐒,,,,,,False,,,
7382576943301954848,2024-06-20T09:29:33,21,GB,938500,21000,4202,7900000,2008 Ronaldo☠️🔥 #cr7 #cristianoronaldo #football #manutd #youngronaldo #cold #goat #aftereffects #4K #viral #foryou #absolutecr7 ,False,,absolutecr7,absolutecr7,,,,,,False,,,
7369672915261852960,2024-05-16T14:54:53,12,AT,458300,21500,1672,5500000,#universe #space #planets #blackhole #4k #wallpaper #fy #fyp #fypシ #astroocomet ,False,,astroocomet,ΛstrooComet,,,,,,False,,,
7386423018945301792,2024-06-30T18:37:13,23,JP,684000,34400,3728,5600000,Here comes the A-Train || cc: ''neptune'' @woodlfilms || scp: @411scenes || #theboys #atraintheboys #atrain #primevideo #edit #4k #smooth #ikarisq #ramboafe,False,,ramboafe,Rambo,,,,,,False,,,
7274083595361275142,2023-09-02T00:39:30,46,VE,17800,1890,73,621100,el alfa #4k #musica #audios #musica#pypシ #fypシ #paratiiii #alfa ,False,,cristoferperezpersonali,𝕮𝖗𝖎𝖘𝖙𝖔𝖋𝖊𝖗editfotos,,,,,,False,,,
7375225709490375968,2024-05-31T14:02:34,11,PL,2100000,150200,8794,14700000,Bmw M8 ☠️ | 🎥:@Rocars | #4k #quality #car #edit #bmw #m8 #sound #🔥 ,False,,anonym_2701,Anonym_2701,,,,,,False,,,
7314778670042926341,2023-12-20T15:37:21,64,BR,2300000,42300,38400,12100000,who is your bias? (ib:@Pixel Kitty Media K-pop Editor @𝑳𝒂❣︎𝑳𝒊𝒔𝒂) #sooyaditxy #samditxy #blackpink #blink #edit #quality4k ,False,,sooyaditxy,𝖘𝖆𝖒🇧🇷,,,,,,False,,,
7349277381124689184,2024-03-22T15:49:48,11,PL,3700000,146500,5482,19900000,4K Skyline 🤩 | 🎥@Woyshnis Media | #4k #quality #car #edit #teamfx⚜️ #swxft #ae #aftereffects #jdm #🔥 #viral #fyp #gtr #r34 #nissan #flutter #sound #turbo #smooth ,False,,swxft.404,𝐒𝐰𝐱𝐟𝐭,,,,,,False,,,
7317552001062112554,2023-12-28T02:59:18,67,US,2300000,20800,8046,13200000,𝗞𝗔𝗡𝗬𝗘 𝗪𝗘𝗦𝗧 - 𝗥𝗨𝗡𝗔𝗪𝗔𝗬 #kanyewest #grammys #quotes #runaway #lyrics #HD #ye #edit #4K #4L ,False,,4l4f3,4LIFE,,,,,,False,,,
7326987067148307745,2024-01-22T13:12:01,14,PL,4000000,138300,13300,41000000,This song 😩🎵 | 🎥@dated. | #4k #quality #car #edit #teamfx⚜️ #swxft #ae #aftereffects #jdm #🔥 #viral #fyp #r35 #nissan #gtr #sound ,False,,swxft.404,𝐒𝐰𝐱𝐟𝐭,,,,,,False,,,
7358785849179311365,2024-04-17T06:47:46,14,JP,957700,67300,8103,7600000,RED DEAD REDEMPTION 2 4K#reddeadredemption2#dutch#rdr2edit#rdr2online#rdr2#rockstargames#fy#fyp#viral#foryou#foryoupage#pcgaming#pc#4k#edit#mashoddev,False,,mashoddev,Mashod kurdish,,,,,,False,,,
7405240621805423880,2024-08-20T11:15:44,30,AU,429300,12900,2787,3800000,Old trends with Ronaldo 🤩 #cristianoronaldo #footballedit #oldtrend #fyp #viral #manutd #4K,False,,slicx7.axp,Slicx7_ (the real one),,,,,,False,,,
7353325428167429409,2024-04-02T13:38:18,11,PL,1200000,64900,3700,7600000,M3 😈 | 🎥@Rocars TV  | #4k #quality #car #edit #teamfx⚜️ #🔥 #viral #fyp #m3 #bmw #sound ,False,,anonym_2701,Anonym_2701,,,,,,False,,,
7398827432863665441,2024-08-03T04:29:26,15,SK,727700,28600,1539,5200000,For this life I cannot change🫠 . . . . . . . . #4k #supercars #porsche #gt3 #911 ,False,,boris_baco,boris_baco,,,,,,False,,,
7197412758093171973,2023-02-07T08:59:31,11,KZ,534200,55300,1581,5300000,wait for it! #anime #kimetsunoyaiba #tanjiro #kny #4k,False,,aditonya,ADITONYA,,,,,,False,,,
7353613766753406240,2024-04-03T08:17:16,10,IT,603200,7541,2306,10000000,Pitbull Cruz 💀 #pitbullcruz #rollyromero #boxing #boxeo #boxingedit #4k #topaz #aftereffects #ae ,False,,kyto.fx,Kyto,,,,,,False,,,
7386061098643983649,2024-06-30T12:30:00,27,PL,511800,23600,1743,3700000,Palmer x Rain || high quality euro clips now on my tg in bio || #foryou #viral #palmer #rain #chelsea #4k #cold #edit #aftereffects,False,,aep.palmxr,aep.palmer,,,,,,False,,,
video_id,video_timestamp,video_duration,video_locationcreated,video_diggcount,video_sharecount,video_commentcount,video_playcount,video_description,video_is_ad,video_stickers,author_username,author_name,author_followercount,author_followingcount,author_heartcount,author_videocount,author_diggcount,author_verified,poi_name,poi_address,poi_city
7409663233629506849,2024-09-01T09:17:51,208,DE,7471,108,71,103300,Randy Orton Epic Entrance at Bash in Berlin  #wwe ,False,,bunnymon,Bunnymon,,,,,,False,,,
7410423830293859616,2024-09-03T10:29:26,14,GB,24,0,1,350,Berlin was on fire! #wwe #bashinberlin #Berlin #fans #prowrestling ,False,,pwu_uk,Prowrestlinguniverse,,,,,,False,,,
7409389004551982369,2024-08-31T15:33:39,40,GB,73200,7090,312,370900,Randy Ortons entrance at #bashinberlin is the definiton of aura! #wwe #wrestling #wrestlingtiktok #aura #randyorton #wrestletok ,False,,phillmcconnell,Phill McConnell,,,,,,False,Uber Arena Berlin,"Mercedes Platz 1, 10243 Berlin, Deutschland",Berlin
7408941028943711521,2024-08-30T10:35:15,14,DE,3236,52,27,102000,LIV MORGAN & DOMINIK ARE 🔥 WWE BASH IN BERLIN KICKOFF ❤️ #wwe #wwetiktok #wwefan #livmorgan #dominikmysterio #wrestling #prowrestling #viral #blowthisup #fy #fyp #foryou #fürdich ,False,,hasimyildirimjr,hasimyildirimjr,,,,,,False,,,
7410143189203504416,2024-09-02T16:20:15,26,DE,31,0,5,244,#bashinberlin #uberarena #wwe #wwefan #pro7maxx #berlinberlinwirfahrennachberlin #codyrhodes #kevinowens #deutschlandbestefans #,False,,xxmomxx1,Mela Nie298,,,,,,False,,,
7408978625669729568,2024-08-30T13:01:11,23,DE,4967,583,87,107600,WWE in germany!! 🥹🇩🇪  #wwe #bashinberlin #wwegermany #berlin #uberarena #mercedesbenz #randyorton #RKO #theviper #germany @WWE ,False,,findichsosemilustig_,findichsosemilustig_,,,,,,False,Uber Arena Berlin,"Mercedes Platz 1, 10243 Berlin, Deutschland",Berlin
7403383606988541216,2024-08-15T11:09:36,17,DE,2405,76,65,70000,WE WANT YEETIN🙌🏼 IN WWE BASH IN BERLIN 🇩🇪🔥 #wwe #wwesmackdown #wweraw #bashinberlin #wwebacklash #entrance #wwefan #wwetiktok #wweuniverse #wrestlingtiktok #wrestling #prowrestling #jeyuso #yeet #crowd #berlin #singing #blowthisup #viralvideo #viral #fy #fyp #foryou #fürdich ,False,,hasimyildirimjr,hasimyildirimjr,,,,,,False,,,
7409642555278675206,2024-09-01T07:57:34,47,BR,104,3,1,5966,Gunther vs. Randy Orton – World Heavyweight Title Match: WWE Bash in Berlin 2024 highlights #wwe #wwefan #gunther #randyorton #wrestling #wwenetwork #wwetiktok #foryou #forpage #viral #trending #sabrinacarpenter #bashinberlin ,False,,wwetop2025,WWE TOP,,,,,,False,Los Angeles California Temple,"10777 Santa Monica Blvd, Los Angeles, CA 90025, United States",Los Angeles
7410396433284746528,2024-09-03T08:43:00,82,DE,34,0,1,306,#randyorton #theviper #gunther #bashinberlin #berlin #germany #wrestler #wwe ,False,,wwepower04,wwepower😎,,,,,,False,,,
7409497962759392518,2024-08-31T22:36:27,43,PE,6586,283,28,57200,"Vimos la mejor entrada de Randy Orton en bash in Berlin? El aura que desprende es abismal, the viper.  #bashinberlin #WWE #randyorton #aura #wrestling #entrance #voices #ringsidemaniatv  #voicesinmyhead @randyorton @WWE ",False,,ringsidemaniatv,ringsidemaniatv,,,,,,False,,,
7407089543121259809,2024-08-25T10:50:32,93,DE,1650,41,67,31200,Bash in Berlin Matchcard Schelcht ?! #wwe #wwetalk #bashinberlin #wwedeutschland ,False,,derkelleryt,DerKellerYT,,,,,,False,,,
7408346431418944810,2024-08-28T20:07:54,241,US,460,5,46,4027,Yall ready for Bash in Berlin?! Let me know who you got (and check out my profile for the YouTube video where I go waaaaayyy deeper in depth on this!) #bashinberlin #wwebashinberlin #wwe #wweple #grwm #biancabelair #jadecargill #rhearipley #damianpriest #codyrhodes #cmpunk #randyorton #wrestletok #blackgirlwrestletok ,False,,charismaticcee,C.Marie 💕,,,,,,False,,,
7408271540535545120,2024-08-28T15:17:19,28,DE,104,0,0,2775,The road to Bash in Berlin hast started! #fyp #viral #fürdich #trending #oberhausen #berlin #wwe #wrestling #vip #wrestler ,False,,evote,3\/Ri|\/|,,,,,,False,,,
7293886206566272299,2023-10-25T09:24:04,71,US,704,1,30,7556,#greenscreen #fyp #foryoupage #wwe #wwetiktok #wwefam #wwefamily #wrestling #bashinberlin ,False,,axelguzman1017,Axelguzman1017,,,,,,False,,,
7410418424809082145,2024-09-03T10:08:21,11,GB,52,0,0,620,gunther put the viper OUT...I kind of liked the ending of this incredible match because randy orton didn't tap or get pinned he lost without 'giving up' what did you guys think of this match ? let's chat! #wwe #wwefans #wwenews #wrestling #prowrestling #professionalwrestling #prowrestlingfans #professionalwrestlingnews #wwewrestling #wwecontent #wweraw #rawwwe #wwefight #wwelover #wwecommunity #wrestlers #wrestlingfanpage #wwefan #wwechallenge #wwetiktok #wwesmackdown #wwenxt #wrestle #wrestler #wrestlers #wrestlemania #wrestletok #wrestletok4all #wrestletokfam #wrestleuniverse #wweuniverse  #wrestletokcommunity #summerslam #bashinberlin #wwebashinberlin #randyorton #guntherwwe  #professionalwrestling #wrestlingtiktok #fyp #fypp #fypage #foryoupage #foryourpage #foryou #foryouviral #fypviralシ ,False,,itsthewweguy,it's The WWE guy,,,,,,False,,,
7400936224711626026,2024-08-08T20:52:33,5,US,400,35,51,14000,WWE Bash in Berlin is gonna be crazy. Hopefully I can stay up lol. #fyp #foryou #foryoupage #viral #wwe #wwefan #wwetiktok #bashinberlin #relatable ,False,,flips.corner,Flips.Corner,,,,,,False,,,
7409387941191060768,2024-08-31T15:29:29,111,FR,309,22,5,10100,#foryou #wwe #wwefan #wrestling #wwetiktok #wweedit #wwefight #bashinberlin #gunther ,False,,wwe_tonio,Wwe-tonio,,,,,,False,,,
7410428115014487338,2024-09-03T10:45:54,268,US,0,0,0,10,#goodnovel #reddit #tiktok #pov #booktok ,False,,tim289170,Tim,,,,,,False,,,
7409196877809192235,2024-08-31T03:08:12,10,US,25,0,5,2725,Bash In Berlin Predictions | WWE Bash In Berlin #wwe #bashinberlin #wwebashinberlin #wrestletok #wrestlingtiktok #wwetiktok #wrestling #gunther #randyorton #cmpunk #predictions #foryou #foryoupage #fyp #fypシ゚viral ,False,,thewrestlorian,thewrestlorian,,,,,,False,,,
7410176422439963937,2024-09-02T18:29:23,29,GB,34,0,0,369,Cody Rhodes entrance Bash In Berlin 🇩🇪 #bashinberlin #berlin #wwe #wwefan #wwetiktok #wrestling #codyrhodes #rhodes #americannightmare #wwefight #codyrhodeswwe #wweuniverse #uberarena #entrance ,False,,a.view.of.the.ring,A view of the ring,,,,,,False,,,
7380552818723228970,2024-06-14T22:34:30,221,CA,1189,10,26,13400,This is the direction I see this storyline going in #fyp #wwe #wrestling #narcolepsyboy94 #moneyinthebank #summerslam #bashinberlin #loganpaul #laknight #carmelohayes ,False,,narcolepsyboy94,Malik Kelly,,,,,,False,,,
7403959257516870917,2024-08-17T00:23:24,60,PE,25700,1721,132,379400,"I hear voices in my head they council me, they understand they talk to me #randyorton #wwe #bashinberlin #aura #wrestling  @WWE @randyorton ",False,,ringsidemaniatv,ringsidemaniatv,,,,,,False,,,
7409390262092385569,2024-08-31T15:38:33,93,FR,307,83,8,11300,#foryou #wwe #wwefan #wrestling #wwetiktok #wweedit #wwefight #bashinberlin ,False,,wwe_tonio,Wwe-tonio,,,,,,False,,,
7406893229280415007,2024-08-24T22:08:50,12,US,93,8,6,1549,Jimmy Uso is returning Bash in Berlin be ready because I will probably scearm well what do you think? #jimmyuso #bashinberlin ,False,,codyrhodes261,codyrhodes261,,,,,,False,,,
7405397508634971434,2024-08-20T21:24:33,14,US,41,10,2,3585,WWE Bash In Berlin 2024 Match Card So Far #shorts #wwe #wwebashinberlin #bashinberlin #codyrhodes #fyp,False,,rasaan427,Rasaan427,,,,,,False,Philadelphia,"Philadelphia County, Pennsylvania, United States",
7410096842144238881,2024-09-02T13:20:21,36,TR,68,0,1,640,AWESOMEE! #wwe #wwetok #wwetiktok #wweuniverse #wwefan #wwefandom #wwedeutschland #bashinberlin #wrestling #wrestletok #prowrestling #wwesmackdown #berlin ,False,,wrestleray,Wrestleray,,,,,,False,Berlin,"Berlin, Germany",
7409386207978868000,2024-08-31T15:22:49,20,DE,102,1,6,3139,we love to see them! @Rhea Ripley @Damian Priest  and we also love our gorgeous @SamanthaTheBomb  #wwe #bashinberlin #uberarena #mercedesbenz #wwegermany #rhearipley #rhearipleywwe #damianpriest @WWE ,False,,findichsosemilustig_,findichsosemilustig_,,,,,,False,Uber Arena Berlin,"Mercedes Platz 1, 10243 Berlin, Deutschland",Berlin
7410415732313443617,2024-09-03T09:57:56,137,ES,43,0,0,308,Campeonatos de Mujeres por Parejas de WWE Alba Fyre e Isla Dawn (c) vs. Bianca Belair y Jade Cargill #biancabelair Y #jadecargill #workout #wwefan #parati #wrestling #wrestlingtiktok #pp #wwf #wwe #ww #ww2 #ppv #wwyd #wwetiktok #wrest #blitz #ww1 ,False,,wwe_en_espanol_,WWE En Español,,,,,,False,Europe,"Brittany, France",
video_id,video_timestamp,video_duration,video_locationcreated,video_diggcount,video_sharecount,video_commentcount,video_playcount,video_description,video_is_ad,video_stickers,author_username,author_name,author_followercount,author_followingcount,author_heartcount,author_videocount,author_diggcount,author_verified,poi_name,poi_address,poi_city
7409251467934190854,2024-08-31T06:39:56,36,AZ,7843,515,119,120200,мой тг «хей! это марьяна!» #fypシ゚ ,False,,maryana.lokel,марьяна локель,,,,,,False,,,
7409168808826457350,2024-08-31T01:19:11,17,BY,63000,7141,449,334400,#fyp #elbruso #рек #хочуврек #fypシ #сваты #будько #валюха #митяй #тренд #сентябрь #2сентября ,False,,_lissaaaaaaaa_,elissabesst🍑,,,,,,False,,,
7408649838364986630,2024-08-29T15:45:15,9,BY,25700,4879,714,226100,"да какое 2 сентября, вообще-то 33 августа",False,,qwlinkin,★,,,,,,False,,,
7409706818278001938,2024-09-01T12:06:51,11,SA,91700,10100,2548,378300,+9 и дождь 🥲 #погодабомба #сибирьрулит #2сентября ,False,,bnsstx,nasti🤍,,,,,,False,,,
7409108996810116398,2024-08-30T21:27:02,13,US,322,75,4,7669,#рек #врек #рекомендации #рекпж #2сентября #школа #осень #каникулы ,False,,deepons228,goddbann,,,,,,False,,,
7408456903740738859,2024-08-29T03:16:54,8,LT,76400,11000,907,650400,,False,,s1wwi4,zxhsy,,,,,,False,,,
7409400354695056672,2024-08-31T16:17:39,5,BY,733900,80700,4497,3500000,,False,,y.rinaaa,тгк: житуха обезьяны ринки,,,,,,False,,,
7409925316317056261,2024-09-02T02:14:57,16,KZ,15100,1327,32,102900,Уже устала😔 #2сентября #учебазаграницей #pov #recommendations #makeuptutorial #6утра #липсинг #анекдот #макияж #макияжнакаждыйдень #6am ,False,,bolatovaa1._,bolatovaa1._,,,,,,False,,,
7409750819089714450,2024-09-01T14:57:48,17,KZ,4019,221,31,27100,"нанести всё, что у тебя есть в надежде, что ты станешь красивее ✅✅✅ #2сентября ",False,,sspolinas,sspolinass,,,,,,False,,,
7003008906414804226,2021-09-01T12:51:12,28,RU,1443,4023,32,155100,#2сентября #календарьпраздников,False,,kopilka.znaniy,Kopilka znaniy,,,,,,False,,,
7409880324827630855,2024-09-01T23:20:13,15,SA,2390,193,13,55800,#кавказ #2сентября ,False,,kirgiziuuu,🇦🇿,,,,,,False,Щавель,"2 Комсомольская улица, Уфа, Russia",Ufa
7410032743767215365,2024-09-02T09:11:44,10,KZ,13300,322,28,69900,ig:aaraiilymm,False,,aaraiilymm2,айка🤓,,,,,,False,,,
7409768962365410566,2024-09-01T16:08:07,13,BY,7794,2617,166,30500,#лололошка #2сентября #лофд #школа #анимация так это и будет ,False,,loloshka_93,lo geū,,,,,,False,,,
7409230270856973585,2024-08-31T05:17:39,9,SA,66200,18800,615,396400,TG:damninfluence #damninfluence #fyp #virall #foryou #foryoupage #relatable #xyzbca,False,,damninfluence,DAMNINFLUENCE,,,,,,False,,,
7410033763662482694,2024-09-02T09:15:40,13,KZ,22600,249,74,127500,Кафедрадан бастадык ко сразу😭😂,False,,yes_iamakzer,"Да, я Акзер✨",,,,,,False,,,
7409983569281535238,2024-09-02T06:00:58,25,KZ,147,9,8,3890,#elbruso #2сентября #grwm #outfitoftheday #viralvideo ,False,,_bektleuova.a_,_bektleuovva.a_,,,,,,False,,,
7407868566231387397,2024-08-27T13:13:34,15,AE,767,120,10,6291,#fyp #fypシ #хочуврек #рекомендации #2024 #2сентября ,False,,wellhappens,✨Lidiya✨,,,,,,False,,,
7409971274920889607,2024-09-02T05:13:07,8,SM,1799,225,89,28100,С 2 сентября! 📚🔕#ржд #рек #fyp #поезда ,False,,iwiysss,...Irina..?,,,,,,False,,,
7408629153567722770,2024-08-29T14:24:58,9,BY,259900,102900,770,1600000,,False,,_sssokolovskaya,Дана,,,,,,False,,,
7409902010285247777,2024-09-02T00:44:35,9,BY,869,59,2,7043,а что нет ? #учеба #2сентября #осень #рек #линейка #рекомендации #fyp ,False,,mayakim376,MayaKim,,,,,,False,,,
7409937266094755078,2024-09-02T03:01:19,13,UA,6281,1420,54,46100,Меня мама в психушку чуть не здала #рекомендации #школаа #состав #учитель #2сентября ,False,,_eva329,...,,,,,,False,,,
7409906939238386977,2024-09-02T01:03:48,65,KZ,872,1098,30,29200,#2сентября  #доброеутросвежее #доброеутроновинки #доброеутро2024 #доброеутроновое #жаннасторис #утренниепожелания #открыткисдобрымутром #сдобрымутром #goodmorning #stories #хорошегодня #хорошегонастроения #доброгодня #отличногонастроения #доброеутроновейшее #доброеутро ,False,,zhanna_stories,🌹𝐙ħꪖꪦꪦá🌹,,,,,,False,,,
7409733835740450081,2024-09-01T13:51:45,69,LV,13100,2040,211,170500,"2 сентября  Ничего не начинайте.  Начинать можно только  заканчивать 😁 Не конфликтуйте. Не реагируйте, если вас пытаются спровоцировать.🧟‍♀️🤺 ⠀ Купите себе что-то для души, совсем неполезное. Просто для радости 💃 Контракты ⛔ Покупки ⛔️  Стрижка ⛔ Хорошего вам дня. ⠀ ❤🧡💛💚💙💜💫 ⠀ #нумерологияонлайн #прогноздня #лунныйкалендарь #нумерологическийпрогноз #гумилёванумеролог",False,,gg.numerologi,Юлия Гумилёва,,,,,,False,,,
7409731571957189893,2024-09-01T13:43:03,21,KZ,3264,17400,124,125500,#2сентября #понедельник #утро #доброеутро #сдобрымутром #сдобрымутром_хорошегодня #хорошегодня #удачнойнедели #хорошегопонедельника #осень #длявас #пожелания #пожелание #пожеланиядрузьям #осень2024 #счастливойосени #видеооткрытка,False,,pouoksi70,Оксана,,,,,,False,,,
7003711695717698817,2021-09-03T10:18:23,12,KZ,616100,26600,10900,5700000,,False,,oksana_oxi1,Okcanochka,,,,,,False,,,
7277319516990835970,2023-09-10T17:56:40,10,UA,113100,652,2,1200000,#สปีดสโลว์ #สโลว์สมูท ,False,,ksenia_suvorova_,…,,,,,,False,,,
7407455586419248414,2024-08-26T10:31:18,28,US,394400,147500,1829,3000000,уже скоро #3сентября #якалендарь #сентябрь#popular #rec #esthetics #fyp #fypツ #music #recommendations #top #vibe #жиза #2024#september #якалендарьпереверну ,False,,razoom_official,RazOOm,,,,,,False,,,
7409850949205789958,2024-09-01T21:26:15,10,KZ,168,285,26,10800,#сначаломучебногогода   #2сентябряначалоучёбы  #павлодар   #утро ,False,,marinakalinina777,Марина,,,,,,False,,,
7408971673736695045,2024-08-30T12:34:13,10,BY,67100,13200,387,503100,,False,,qwlinkin,★,,,,,,False,,,
7409770116021505285,2024-09-01T16:12:41,17,UA,802,3043,121,37600,#2 #сентябрь #2сентября #утро #доброе #осень #доброеутро #понедельник #хорошегодня #women_15 #хорошегонастроения #всемдобра #рек ,False,,women_15,⚜️ Наталья ⚜️,,,,,,False,,,
7410007789101141254,2024-09-02T07:34:50,9,BY,1779,45,39,20500,У кого жиза? 😂,False,,vshudeyko__,ВЛАД ШУДЕЙКО,,,,,,True,,,
7409373217195887878,2024-08-31T14:32:23,6,UA,64400,10400,133,430500,,False,,_byyybliiik_,𝐁𝐘𝐁𝐋𝐈𝐊,,,,,,False,,,
7409983219124210949,2024-09-02T05:59:35,8,BY,12600,94,432,156700,"😭😭😭ДОСНЯЛ, а вы? ПОМОГИТЕ ДОБИТЬ 3 млн😈 жду всех в тг: никитушкины#nikitylllkatg ",False,,ne.nikitylllka_,🩸НИКИТУЛКА🩸,,,,,,False,,,
7409976511815519493,2024-09-02T05:33:33,8,KZ,6218,1125,197,63600,@Akerke @Werty_st  осы екуі #мектеп#2сентября#школы#мектептранд2024#рекомендации #ре_к_о_м_и_н_д_а_ц_и_и ,False,,9.d.nk,9 “D” NK,,,,,,False,,,
7407913823547444487,2024-08-27T16:09:08,12,KZ,213200,17600,916,1400000,#рекомендации #медицинский #мед #колледж ,False,,aaggtea,nastya,,,,,,False,,,
video_id,video_timestamp,video_duration,video_locationcreated,video_diggcount,video_sharecount,video_commentcount,video_playcount,video_description,video_is_ad,video_stickers,author_username,author_name,author_followercount,author_followingcount,author_heartcount,author_videocount,author_diggcount,author_verified,poi_name,poi_address,poi_city
7333151849534491936,2024-02-08T03:54:37,19,VN,106100,7411,951,3400000,#ThanhThoiLuotTet #puma #wildanimals #xuhuong #animals #animals #thegioidongvat #dongvathoangda #viraltiktok ,False,,videowildanimals.888,Winld animals,,,,,,False,,,
7357909094302321927,2024-04-14T22:05:19,13,VN,109800,10700,2464,1400000,"Mang trong người sức mạnh kết thúc mọi ngọn cỏ 😀 #guineapigs #animals #chuotlang #dongvat #guineapig #thucung  Địa chỉ: An Phú , An Giang 🚘",False,,bouhuyphat,Bọ Ú Huy Phát,,,,,,False,An Phú District,"An Giang Province, Vietnam",
7391085384605732128,2024-07-13T07:46:19,6,VN,194100,8870,3272,8600000,#animals #fyp #foryou #foryoupage #thegioidongvat ,False,,theanimalworld_03,thegioidongvat_03,,,,,,False,New York,"New York, United States",
7393955987905957151,2024-07-21T01:25:54,12,VN,240300,5526,2214,2600000,Chúc cho người có tình sẽ về bên nhau ❤️#vanvatdeucolinhtinh #dongvat #petsoftiktok #zoo #animals #fyp ,False,,cynthia_zoo,Vạn Vật Đều Có Linh Tính ❤️,,,,,,False,,,
7400784904113458450,2024-08-08T11:05:15,8,VN,139100,19300,3302,2000000,Baby tiger #xuhuong #tiktok #yjpッ #xuhuongtiktok #thegioidongvat ,False,,ch.h.con1,chú hổ con,,,,,,False,,,
7328663912847527175,2024-01-27T01:39:02,55,VN,1524,131,81,301900,khám phá bí ẩn về loài tù lì #xuhuongtiktok #cute #dongvat #thegioidongvat ,False,,dongvat.vuinhon,nhân nhún nhường,,,,,,False,,,
7399496491628334353,2024-08-04T23:46:40,71,VN,402300,32600,3649,6500000,Khi lai các giống cún này sẽ ra sao? #dongvat #haihuoc #dangyeu #chó,False,,bun.review99,Bun Review,,,,,,False,,,
7360645904476540193,2024-04-22T07:05:35,19,VN,327300,10500,2164,4700000,Thật là ngoan xinh yêu 💓 #poodle #chomeo #dailyvlog #hottrend #cho #dongvatdethuong #dongvat #doglover #xuhuongtiktok ,False,,trucminlovemakeup,trucminlovemakeup,,,,,,False,,,
7367969014393474311,2024-05-12T00:42:55,13,VN,480300,66000,6491,12400000,nấu món gì bây giờ 🤣 #haihuoc #meme #hetcuu #dongvat ,False,,muoi.koman,🧂MUỐI-くん🧂,,,,,,False,,,
7335658522106940705,2024-02-14T22:02:28,9,VN,49000,981,1972,5100000,#wildanimals #animalworld #animals #wildlife #thegioidongvat #CapCut ,False,,wild.animals.98,Wild Animals 98,,,,,,False,,,
7324727268150889761,2024-01-16T11:02:52,10,VN,277700,9441,6199,27000000,#animals #animalsworlds #thegioidongvat #thegioidongvat2024 #xuhuong #xuhuongtiktok #xuhuongtiktok2024 #wildlife #dongvathoangda #animalnews #amazinganimals #wildanimals #wildanimal #fyp #trend #thinhhanh #thinhhanhtrend ,False,,animals.world88.wild,🐯Animals World🐯,,,,,,False,,,
7371246445137120520,2024-05-20T20:41:08,10,VN,33000,11100,834,2700000,Khởi động cùng ngày mới  #thiennhien #bird #chimdep #fyp #xuhuong #dongvat #hoangda #thiennhien708 ,False,,thiennhien708,cuтᴇ ᴀɴιмᴀʟs,,,,,,False,,,
7312857734934793505,2023-12-15T11:22:58,9,VN,229300,4794,2534,26000000,#animals #khamphathegioihoangda #dongvat ,False,,kimunnginz1,you1982,,,,,,False,,,
7410234020631416072,2024-09-02T22:12:45,7,VN,753,56,55,9126,Ba chú mèo ở nhà #dongvat #funny #funnyvideos #xyzbca #learnontiktok ,False,,ledanhgiap,Lê Danh 𝐆𝐢á𝐩 🪄,,,,,,False,Hanoi,Vietnam,
7333167479130246433,2024-02-08T04:55:18,21,VN,294900,12700,2173,22800000,#ThanhThoiLuotTet #thegioidongvat #animals #dongvathoangda #xuhuong #viraltiktok #wildanimals #puma #xuhuongtiktok ,False,,videowildanimals.888,Winld animals,,,,,,False,,,
7359538402284408097,2024-04-19T07:27:50,70,VN,437600,17500,5721,3600000,Bộ phim được sản xuất dành riêng cho những chú chó#dongvat #pets #dogsoftiktok #bluey ,False,,animals.laugh0,Animals and Laughs,,,,,,False,,,
7331527960631020832,2024-02-03T18:53:09,16,VN,225700,1383,667,18400000,#thegioidongvat❤️ #dongvathoangda #thinhhành24giờ #viraltiktok #viral #dongvat #thegioidongvat #pumas #animals ,False,,videowildanimals.888,Winld animals,,,,,,False,,,
7387961145547656456,2024-07-04T21:42:37,9,VN,167800,15400,662,941800,Chút vitamin dễ thương cho ngày mới #tiktoktrending #dongvat #dongvatdethuong ,False,,boss.v.hi.sen,Boss và hội sen,,,,,,False,,,
7317261049185520929,2023-12-27T08:10:12,14,VN,1700000,20300,10800,91400000,The leopard's hunt failed#animals #wildanimals #thegioidongvat #panther ,False,,wildanimal04,Animals world,,,,,,False,,,
7333804959391173921,2024-02-09T22:09:55,9,VN,114300,5693,1725,12100000,#puma #ThanhThoiLuotTet #dongvathoangda #viral #viraltiktok #thegioidongvat #wildanimals #xuhuongtiktok ,False,,videowildanimals.888,Winld animals,,,,,,False,,,
7254758338162953490,2023-07-11T22:47:49,45,VN,544900,20700,13300,7300000,ĐỘNG VẬT BÌNH THƯỜNG Ở ÚC :V #theanh28  #theanh28funfact #funfacts #thegioidongvat,False,,theanh28funfact,THEANH28 FUNFACT,,,,,,True,,,
7365412199763938568,2024-05-05T03:21:10,9,VN,141400,27300,8137,3900000,#cat #catsoftiktok #yeudongvat #xuhuongtiktok ,False,,kimhuy1912,Kim Huy,,,,,,False,,,
7389135765642464519,2024-07-08T01:40:42,6,VN,22800,7176,1959,2300000,Đặt tên cho chú cá này là gì được mọi người #dongvat #funny #funnyvideos #learnontiktok ,False,,ledanhgiap,Lê Danh 𝐆𝐢á𝐩 🪄,,,,,,False,Hanoi,Vietnam,
7344573571915681031,2024-03-09T22:36:38,16,VN,499600,53500,4034,6100000,#thegioidongvat #xuhuong #cute #capybara #thegioivuinhon00 #gaubongcapybara ,False,,shopmeimua,Lxinhgai,,,,,,False,,,
7347010179990342955,2024-03-16T13:12:18,9,US,34400,2157,148,12300000,#animals #rabbit #thegioidongvat #animalsoftiktok #xh #fyp #xyzbca ,False,,dongwu_discovery,𝓐𝓷𝓲𝓶𝓪𝓵 𝓦𝓸𝓻𝓵𝓭🐼,,,,,,False,,,
7310811030093925665,2023-12-09T23:01:30,9,VN,130200,13300,1715,21400000,#thegioidongvat #đongvathoangda #wildlife #animals #xuhuong ,False,,wild.animals.36,trquynh90,,,,,,False,,,
7326046946769292546,2024-01-20T00:23:58,5,VN,578600,39300,12000,10000000,Cá ngựa Sinh con #dongvat#funny #longervideos #xyzbca #learnontiktok ,False,,ledanhgiap,Lê Danh 𝐆𝐢á𝐩 🪄,,,,,,False,Hanoi,Vietnam,
7410343827975769345,2024-09-03T05:18:54,62,VN,78,1,10,271,#pet #dongvat #dong #fyp #camdong #vn #vnn #theanh ,False,,danh5kfo,D@nh idol,,,,,,False,,,
7307661374014917895,2023-12-01T11:18:25,11,VN,220300,15800,21900,7600000,"Ai chở bạn đi chơi mà đánh rơi nè, lên lụm về đi😌#dongvatdethuong #cuocsong #haihuoc#bạnthân  #cute #votri #heo #lợn ",False,,v.tri034,vô tri🧠,,,,,,False,,,
7410410312572161313,2024-09-03T09:36:50,67,VN,92,4,2,1323,#xuhuong #thegioidongvat #dongvathoangda #animals #animalworld #fyp ,False,,animalworldnew22,Animal_world_🦁,,,,,,False,Los Angeles,"Los Angeles, United States",
7410403785866087681,2024-09-03T09:11:36,29,BD,55,0,3,754,#trending #foryou #foryoupage #fypviral#viralvideo #viralvideo #pppppppppppppppp #tog#sanyboyrl #bdtiktokofficial @Tik Tok  #wildlife #thegioidongvat #dongvat  #Ejazkhab#capcut ,False,,muhammad.aminul.i4,Muhammad Aminul Islam,,,,,,False,Bangladesh National Museum,"Shahbagh Rd, Dhaka 1000, Bangladesh",Shahbagh
7377208271628668192,2024-06-05T22:16:05,15,VN,31700,7022,337,8700000,#dongvathoang #animals #anime ,False,,wildanimals8888,Wild Animals,,,,,,False,,,
video_id,video_timestamp,video_duration,video_locationcreated,video_diggcount,video_sharecount,video_commentcount,video_playcount,video_description,video_is_ad,video_stickers,author_username,author_name,author_followercount,author_followingcount,author_heartcount,author_videocount,author_diggcount,author_verified,poi_name,poi_address,poi_city
7409073124240575790,2024-08-30T19:07:49,63,US,122200,14400,2568,1800000,grwm for my football game!! #grwmformyfootballgame #footballgame #grwmforfootballtryouts #footballtryouts #football #tryouts #startinglinebacker #footballmaster #tips #footplayertips #fivestarrecruit #grwmhudson #grwm #hudson #viral #famous #fyp #foryou #foryoupage ,False,,grwmhudson,hudson!!,,,,,,False,,,
7410180280285203743,2024-09-02T18:44:16,16,US,96400,930,584,900700,"Woah 😳🔥 (via two_guys_sports, PeeDeeFootball/X) #football #cfb #fnl ",False,,espn,ESPN,,,,,,True,,,
7319475359521459488,2024-01-02T07:22:55,12,GB,311600,10500,4854,8700000,Replying to @(*_*) yeah you might be right 💀 #Meme #game #vrfs #vr #funny #haaland #football #gaming #brexit #fyp #viral ,False,,pixelationyt,Pixelation,,,,,,False,,,
7310824548729883946,2023-12-09T23:53:16,17,US,28400,948,47,423400,words cant even explaim how proud i am. he truly works so hard and theres nothing better than watching his dreams come true and watching my prayers be answered. getting older is sad but im happy to do it with him ❤️ #footballgf #statechamp #football #foryou ,False,,niyaceline,niyatheclg,,,,,,False,Tallahassee,"Tallahassee, United States",
7359985843164974369,2024-04-20T12:24:08,10,DE,245400,6267,1073,3400000,#fy #foryoupage #americanfootball #training #gameday#aalenlegions @Seba_VC @AALEN LEGIONS ,False,,dam19n_vc,Damian,,,,,,False,Freiburg im Breisgau,"Baden-Wuerttemberg Region, Germany",
7334257951173119233,2024-02-11T03:26:49,17,TH,8029,39,17,959200,You need try this game 😁#football #foryou #soccer #challenge #speed #tackle ,False,,paolo_football,paolo_football,,,,,,False,,,
7318438706388552992,2023-12-30T12:20:09,13,GB,1700000,53800,20300,22100000,Why does the sound fit so well 💀 #vr #funny #meme #vrfs #game #gaming #fyp #viral #football ,False,,pixelationyt,Pixelation,,,,,,False,,,
7367060459259841798,2024-05-09T13:57:12,67,BR,652100,5984,1271,9400000,This crazy🔥 #eafc24 #fifa #football #fyp #EA #gaming ,False,,silvadxt,SILVA 444,,,,,,False,,,
7243124707208252673,2023-06-10T14:23:14,13,EE,1600000,39100,16600,38700000,Oops 😝 #football #mancity #inter #championsleague #ucl ,False,,theevaelfie,Eva Elfie,,,,,,False,,,
7394618585856986410,2024-07-22T20:16:52,15,US,551400,20900,2134,3700000,A FOOT catch?!?!? #collegefootball25 #football #gaming ,False,,mysticmac10x,mysticmac10x,,,,,,False,,,
7409975656420740385,2024-09-02T05:30:15,33,GB,53400,2979,168,345500,Got outsung by liverpool fans the entire game as well 😭 || #liverpool #football #foryou #viral #salah ,False,,ynwaprodz,ʏɴᴡᴀᴘʀᴏᴅᴢ,,,,,,False,,,
7276680392449592607,2023-09-09T00:36:49,10,US,750400,26200,3367,4300000,RODEO GAME WENT ABSOLUTELY CRAZY!!! YEEHAW LANCERS CAUSE THAT WAS A RODEO 🐴🤠#carlsbad #lancernationonlynation #fyp #cbadtime #lancersupremacy #alwaysandforever #fyp #purplepower #lancer #cbad #football #loudcrowd #csup #underthelights #gametime #gotime #grindset #statechampszn #ppr #preppigskin #loudcrowd #asb #footballgameetiquette #getloudorsitwithyourmom #classof2024 #classof2025🎓 #classof2026 #classof2027 #asbideas #preppigskin #redjacketarmy #FNL #highschoolfootball ,False,,carlsbadhighschool,THE Carlsbad High School,,,,,,False,San Diego,"California, United States",
7397582344569228575,2024-07-30T19:57:50,60,US,45800,1965,172,517500,AVOID These MISTAKES in College Football 25 🤯👀 . #ncaa25 #collegefootball25 #cfb25 #ncaafootball25 #ncaafootball #gaming ,False,,jay.cerr,Jaycerr,,,,,,False,,,
7391807686653922592,2024-07-15T06:29:13,408,NG,7,0,0,50,,False,,footballgame8289,footballgame,,,,,,False,,,
7378530371819900192,2024-06-09T11:46:22,8,NG,11,0,1,119,,False,,footballgame8289,footballgame,,,,,,False,,,
7374734001786932512,2024-05-30T06:14:30,10,NG,31,0,0,540,,False,,footballgame8289,footballgame,,,,,,False,,,
7410199915852205355,2024-09-02T20:00:20,9,US,125,3,1,1018,& football game szn🫠 ,False,,clementinespieser,clementine,,,,,,False,,,
7307552489677622534,2023-12-01T04:15:54,26,NG,77300,209,101,1400000,Ribery Revanged Figo 😈🪄 | #efootball #efootball2024 #gaming #fypシ #viral #footballgame ,False,,efootballdude1,Efootball Dude,,,,,,False,,,
7396865361200762158,2024-07-28T21:35:31,10,US,210300,26300,988,1600000,#fypage #ncaa25 #football #gamingontiktok #playstation #funny #goviral ,False,,ttvdarealbigtexas,ttvdarealbigtexas,,,,,,False,,,
7373360462978616609,2024-05-26T13:24:28,40,FR,333000,11200,470,5300000,How to do TOXIC skill Moves Tutorial Ep 6 on EA Sport FC24 ⚽🤩 #FC24 #eafc24 #football #Fifa #gaming #gameplay #trick #tutorial #moves #skills ,False,,pixfive5,PixFive,,,,,,False,,,
7410223720058539310,2024-09-02T21:32:44,44,US,85,72,3,2177,Taz Martinez of La Pryor can make plays! He's 6'4 220 pounds and can do it all. #football #footballskills #footballvideo #Football #footballgame #foryou #foryoupage ,False,,robbyctv,RobbyCTV,,,,,,False,,,
7382265266790599942,2024-06-19T13:19:37,61,BR,112900,1281,1655,1900000,Efootball vs EA FC24🤔 #efootball #eafc24 #argentina #football #gaming #fifa #fyp ,False,,silvadxt,SILVA 444,,,,,,False,,,
7376403897558125856,2024-06-03T18:14:34,268,NG,20,0,0,64,,False,,footballgame8289,footballgame,,,,,,False,,,
7357453426319559969,2024-04-13T16:37:03,12,GB,407300,15100,1263,7400000,Amazing Speed 🤩#foryou #gaming #roblox #rf24 #tpsultimatesoccer #tpsstreetsoccer #tpsroblox #robloxsoccer #robloxfootball #soccer #football #fypシ #realfutbol24 #cr7 #cristianoronaldo #ronaldo #messi #blowthisup ,False,,tadstarmanyoutube,YouTube Tadstarman,,,,,,False,,,
7352962191517142278,2024-04-01T14:08:43,72,BR,305000,29300,2877,3500000,Minecraft in football ☠️😳 #football #minecraft #eafc24 #fifa #fyp #gaming ,False,,silvadxt,SILVA 444,,,,,,False,,,
7406325632071732510,2024-08-23T09:26:36,11,US,51000,17500,266,253300,Game day 😤🗣️🏈 #Meme #MemeCut #fyp #football #nfl #ncaa #funny #timetoplaythegame ,False,,hoodycisco,HoodyCisco,,,,,,False,,,
7406033564841659681,2024-08-22T14:32:50,8,ES,114400,10900,549,1600000,i lost the game bc of this goal 😭 #fc24 #script #scriptedgame #fifa #fy #fyppppppppppppppppppppppp #fyp #foryou #thisvideoisonyourfyp #FORYOUPAGE #realfyp #football #viral ,False,,ac_md10,ac🖤❤️,,,,,,False,,,
7343262566791138568,2024-03-06T09:49:15,92,BD,52900,1673,500,1300000,Game play tutorial 🧠 wait for end 👈 #efootball2024mobile #efootball™ #gamingvideos #gameplay #tutorial #foryoupage #viral #bd_pes_official ,False,,bdpesofficial,⚽BD_PES_OFFICIAL⚽,,,,,,False,,,
7323166999427779842,2024-01-12T06:08:13,63,MM,48500,383,244,1200000,match-up📌that is why i'm division 1⚽#4u #views #pes #efootball2023  #efootball2024 #efootbal #gaming #skills #foryoupage #foryou ,False,,efootball.sledit,Shine4N,,,,,,False,,,
7333732489611005216,2024-02-09T17:27:44,14,NL,72700,5727,458,1600000,Sessie Clubs EA FC 24 #Twitch #fifa #clubs #clubpro #clubprofifa #eafc24 #corner #gk #fyp #gaming #futbol #fc24__clips #viral #fürdich #football #fifa #easports #foryou #goviral #easportsfc24 #fypシ゚viral #ultimateteam #xzybcaシ #trending ,False,,fc25clips,FC25,,,,,,False,,,
7391648603904806186,2024-07-14T20:11:51,79,US,51400,1863,292,412400,Everything you need to know about EA’s college football 25 🔥 #gaming #gamer #games #collegefootball #collegefootball25 #easports #esportscenter ,False,,esportscenter,Esportscenter,,,,,,False,,,
7369744484462103841,2024-05-16T19:32:43,5,SE,73600,821,8795,2700000,can u explain why de gea save the ball with he's chest ? 🤔😎#football #foot #football⚽ #footballgame #footbal #foryourpage #degea #goalkeeper #fypage ,False,,phenomino7,phenomenal,,,,,,False,Sweden,Europe,
7314143869585755438,2023-12-18T22:34:01,8,US,574200,7510,1995,3300000,from the sub to the starting eleven  #fyp #football #latino #viral #gameisgame #content ,False,,hewantsalex_,🇲🇽,,,,,,False,,,
7392481573129522462,2024-07-17T02:04:32,23,US,532600,12700,1496,3900000,Got me feelin heavenly every play #ncaa14 #collegefootball #cfb #cfb25 #wedonewithmadden #madden #game ,False,,icey939,Melly ⋆｡𖦹˚.★,,,,,,False,,,
7358152354346142984,2024-04-15T13:49:18,16,AE,32900,305,96,901600,POV: the football game starts in 20 minutes 🏃‍♀️🏃🏃‍♂️ #karenwazen #كارن_وازن #family #عائلتي #grwm #football   From @Hotel Café Royal ❤️ to Stamford Bridge ⚽️,False,,karenwazen,karenwazen,,,,,,True,,,
video_id,video_timestamp,video_duration,video_locationcreated,video_diggcount,video_sharecount,video_commentcount,video_playcount,video_description,video_is_ad,video_stickers,author_username,author_name,author_followercount,author_followingcount,author_heartcount,author_videocount,author_diggcount,author_verified,poi_name,poi_address,poi_city
7408828171212098849,2024-08-30T03:17:20,21,IT,41200,1553,339,206100,#ORORONGENSHIN || The final plot twist of the archon quest? Peak. 🗣️ #genshinimpact #genshinimpact50 #genshinimpactedit #genshinedit #genshin #archonquest #natlan #natlangenshin #natlanedit #traitor #hoyoverse #fyp #foryou #foryoupage ,False,,thisismn_it,ThisIs,,,,,,False,,,
7408631473193946374,2024-08-29T14:34:00,19,ID,260900,26700,1440,961200,NPCs in Natlan are built different #genshinimpact #genshin #hoyocreators #natlan #natlangenshin #fyp ,False,,takumiruu,Takumi,,,,,,False,,,
7392640298612051218,2024-07-17T12:20:03,29,TH,184400,8286,1542,1200000,ใช่แน่ๆ #kinich #genshinimpact #hoyoverse #natlangenshin #genshinnatlan ,False,,cx2_.fehne,Fehne,,,,,,False,,,
7390749854600908064,2024-07-12T10:04:14,9,CH,17200,2030,9511,654900,Poor characters they haven't even come out yet they are blackwashed 😭🙏🏼 #natlan #natlangenshin #genshinimpact #genshin #blackwashing #viral ,False,,yxkiiforreal,Y’🥇,,,,,,False,,,
7396305972181978401,2024-07-27T09:25:14,24,LT,265600,13400,2894,968500,fontaine will be missed 🩵 // #genshinimpact #genshinimpactedit #genshinedit #genshinsummer #hoyocreators #genshinimpactnatlan #natlan #natlangenshin #fontainegenshin #fontainegenshinimpact ,False,,worthase,worthase,,,,,,False,,,
7409880489034665234,2024-09-01T23:20:54,14,PH,81900,7933,462,453900,#genshinimpact #natlangenshin #paimon ,False,,cha_chiin,Cha Chiin,,,,,,False,,,
7408644357739547936,2024-08-29T15:24:01,5,IT,14800,1257,117,83300,the way he hands it to her its so funny please #mavuika #genshinimpact #genshin #natlan #natlangenshin #kinich ,False,,frarieditzz,frarie_,,,,,,False,,,
7408197862699339040,2024-08-28T10:31:22,23,ES,127700,2950,825,818300,SPOILER WARNING !!🙏 #natlan #natlangenshin #capitano #capitanogenshinimpact #hoyoverse #genshin #genshinimpact #honkai #honkaistarrail ,False,,neuvillettesfavv,.𖥔˖ zeph ୭ 🪽ᵎᵎ,,,,,,False,,,
7409333435665337632,2024-08-31T11:58:02,14,DE,49300,2409,424,225200,"first one is vitiligo kachina by Irisson, second one is mualani's Kakau by kaichume _ #natlangenshin #genshinimpactmualani #natlanregion #natlan #genshin #mualani #genshinimpact #zzz #zenlesszonezero #hsr #honkaistarrail #hoyoverse #kachina #genshinmod #melanin #genshinimpactkachina #fyp ",False,,zeraa4ka,zeraa4ka,,,,,,False,,,
7408531017977367840,2024-08-29T08:04:12,16,HU,122400,18800,769,439800,[ #capitano ] he’s so fine😞  ☆    .     •     ✭    ‘    ~    ✵   #capitanogenshinimpact #genshinsummer #hoyocreators #natlangenshinimpact #natlangenshin #natlan #hellonatlan #fatuiharbinger #hoyoverse #honkaistarrail #honkaiimpact3rd  ☆    .     •     ✭    ‘    ~    ✵  @AnaK @i lab ottokevin🍋🧊 @☆          ᛬ 𝐒ilvᧉr ㅤ۫  ੭ @herrscher of sunturine @RELO[존나 피곤해] @Mel 🦭 @Sampo/Otto [HoHomo] ⭐️ (he/it) @Ton @Ven @Chooyoo @Herrscher of GoodBerra:З!!🇹🇷 @А л и м а ! ★﹒🌸 @♪ ,False,,ottoapocalypse69,otto★,,,,,,False,,,
7408558795741285664,2024-08-29T09:52:00,19,BG,14600,1301,134,58100,bro is absolutely mesmerising #genshinimpact #genshin #hoyocreators #fyp #foryou #genshinimpact33 #natlangenshinimpact #natlan ,False,,skzygi,skzygi⁷,,,,,,False,,,
7408120409222073632,2024-08-28T05:30:49,13,ES,28900,7632,829,132700,NATLAN IS HERE WAKE UP 🗣️🗣️🗣️🗣️🔥🔥🔥 {[ #natlan #natlangenshin #genshin #impact #genshinimpact #fyp #mavuika #mavuikagenshin #españa #🇪🇦 ]},False,,th3on3.and.only,ʀʏᴜᴋᴏ,,,,,,False,Natlan,"Ludwig-Richter-Straße 45, 80687, Laim, Deutschland",Munich
7410388442900745490,2024-09-03T08:11:56,11,ID,136,9,0,2315,ga perlu babak belur buat dapetin achievementnya 😭🙏 #genshinimpact #genshintricks #hoyoverse #hoyocreators #natlan ##natlangenshin #blazetonatlan #fyp #foryourpage,False,,lavillearchives,ʟᴀᴠɪʟʟᴇ,,,,,,False,,,
7396956124865432864,2024-07-29T03:27:50,14,NL,150700,18900,1360,832600,#KACHINA NOT MY VIDEO | I'M DEF BUILDING HER (giving xiaos weapon to her 💕💕) . . . #GenshinImpact #genshin #genshinedit #genshinimpacte #kachinagenshin #kachinagenshinimpact #genshinimpactkachina #genshinkachina #natlan #genshinleaks #genshinimpactleaks  #natlangenshin #natlanleaks #xkaeyacc #kaeyaskitten_tm #fyp #fyppppppppppppppppppppppp #fy #foryou #foeyoupage #viral #flopera #blowthisup #hoyocreators ,False,,xkaeya.cc,𝑥𝑘𝑎𝑒𝑦𝑎,,,,,,False,Cock Island,"Municipal District of Castlebar, Mayo, Ireland",Castlebar
7388151637350616321,2024-07-05T10:01:47,17,JO,94200,4927,918,552900,I NEED TO GET HIM HE LOOKS SO GOOD 😻 #natlan #natlangenshin #genshin #genshinimpact #genshinedit #fyp #foryou #xyzbca #viral @Kali @Sofía_ @кяισ ☻︎ @Ari シ @Mani @sukiii🎀 @Siane @ੈ✩tali୨୧🌷🎀 @zaina :3 🇵🇸 @Xyzu!! 🍉 @YELANFT @kokomilk @xInyan🎸🔥 @maya ★ @Mei✭ @lynnie @Ventibardbaratoesemma @cory ✨🍋‍🟩 @.rxGhost @Cana [51%] @kyuvaki @Val|♡|Jiaoqiu Lover<3 ,False,,vickyssedits,Vicky 🧸,,,,,,False,,,
7409682880516934918,2024-09-01T10:34:02,16,BR,34200,1628,390,111300,#genshinimpact #natlangenshin #kinich ,False,,unidune_cos,Paty,,,,,,False,,,
7408029484768808225,2024-08-27T23:38:10,15,LT,19300,3107,348,83500,WHY HE'S SO ADORABLE // #natla #genshinimpact #natlangenshin #natlandragons ,False,,m5aq4,Maq,,,,,,False,,,
7408631236660301088,2024-08-29T14:33:05,6,GB,14100,252,253,162900,and we all pulled🥳🥳 #mualani #genshin #genshinimpact #fyp #viral #hoyo #hoyocreators #natlan #natlangenshin #moots #shark #sharkgirl #surfer #lava #fyppppppppppppppppppppppp #quest ,False,,hydro.4evz,🙀,,,,,,False,Natlan,"Ludwig-Richter-Straße 45, 80687, Laim, Deutschland",Munich
7408104947503451398,2024-08-28T04:30:50,5,ID,14000,477,415,90800,Terlalu colorful kepalaku pusing😭 #genshinimpact #natlan #natlangenshin #exploration #fypシ #hoyocreators #fypdongggggggg #genshinmoments ,False,,elinejeonnn,Cherylᡣ𐭩,,,,,,False,,,
7390626132548226336,2024-07-12T02:04:11,25,DE,357500,31200,5669,1500000,IM SO EXCITED FOR NATLAN NOW || #genshinimpact #genshin #genshinimpactedit #hoyocreators #genshintrailer #natlan #natlanedit #natlangenshin #natlangenshinimpact #murata #murataedit #muratagenshinimpact #readyfornatlan ||,True,,kazuhaqtf,Lucas! <3,,,,,,False,,,
7408050986662530309,2024-08-28T01:13:31,13,US,213400,37800,2627,770600,🗣️KULIKITAKA‼️ #genshin #genshinimpact #natlan #natlangenshin #guelyend,False,,guelyend,GuelYend,,,,,,False,,,
7410383514962529541,2024-09-03T07:52:54,16,BR,710,4,0,7205,Wait for Natlan characters adults #genshinimpact #genshin #natlangenshin #edit,False,,darlingshukusei,Darling Shukusei,,,,,,False,,,
7404213616037170474,2024-08-17T16:50:29,33,US,12200,230,26,122600,#NATLAN || this isn’t really an edit but whatever || #natlan#kinichgenshin#natlangenshin#natlanedit#genshintrailer#animation#genshin#genshinimpact#genshinimpactedit#hoyoverse#edit#editfyp#fy#fyp#foryou#foryoupage#fy#fypage#fypシ゚viral#foru ,False,,ballsfromspencers,♡Sunny ♡,,,,,,False,,,
7410329232536030497,2024-09-03T04:22:21,26,RO,277,29,6,1793,why are enemies so.. 😭 #genshinimpact #genshin #genshinimpact33 #natlan #natlangenshin #games #fyp #viral ,False,,apr.rya,𝐒𝐨𝐥'𝐬 𝐖𝐢𝐟𝐞,,,,,,False,,,
7408039271220694279,2024-08-28T00:15:55,8,AU,44300,4093,3015,171800,non spoilers this isnt the archon quest. We get to name him like how we named Wanderer #genshinimpact #genshin #natlan #natlangenshin #genshinimpact50 #genshin50 #yeetdoggo ,False,,yeetdoggo101,Leaf !! ♾️🌈,,,,,,False,,,
7410357300591906081,2024-09-03T06:11:11,6,GB,512,55,8,5171,THIS HAPPENED WHILST I WAS DOING THE ARCHON QUEST IM SOBBING || #genshinimpact #genshin #hoyoverse #hoyocreators #mualani #mualanigenshin #natlangenshin #natlan #funny #silly #fyp #fyppppppppppppppppppppppp #fypage #foryou #xyzbca #genshinimpact33 ,False,,irlfurinaz,｡⋆୨୧˚ monika  🌊,,,,,,False,,,
7392861485816614190,2024-07-18T02:38:31,11,US,175700,8283,1313,1200000,bro is NOT ben 10 ib: @L #genshinimpact #genshin #natlan #natlangenshin #kinich #kinichgenshin #genshinimpactedit #kinichedit #kinichgenshinimpact #nutdust #nutdusst ,False,,nutdusst,stardust!,,,,,,False,,,
7410103325154233632,2024-09-02T13:45:31,11,DE,1031,297,3,9091,Retraumatizing Natlan because Zhongli will have order. . #hoyocreators #natlan #genshinimpactmeme #genshinimpact #genshinmemes #natlangenshin #blazetonatlan #hellonatlan #fyp ,False,,proudcrackhead,proudcrackhead,,,,,,False,,,
7403892735809228037,2024-08-16T20:05:18,19,ID,135500,4235,1379,1000000,-dk what happened but the traveler couldn't resonate with the statue of the seven in Natlan. but it looks like the traveler will still get pyro powers at the end of the story. . . tags; #GenshinImpact #natlangenshin #natlanregion #travelergenshinimpact #theseven #fypage #masukberandafyp #tiktok #fyp #fypシ #foryou ,False,,__vv.ll,xiixii__,,,,,,False,,,
7403864059457686826,2024-08-16T18:14:02,12,US,479000,33100,2132,2300000,THEYRE SO GOOFY #genshin #genshinimpact #fyp #viral #trending #edit #foryou #natlan #natlangenshin #kinich #ajaw #genshinedit #kinichgenshin ,False,,towerofkel,jay,,,,,,False,,,
7410384829667118368,2024-09-03T07:58:02,55,IT,46,1,1,320,"I want to specify that the quests are really short, it takes a few minutes to complete them ^^ #genshinimpact #genshin #hoyocreators #genshinguide #natlan #natlangenshin #natlangenshinimpact #genshinplayer #hoyocreator #weeb #fy #foryoupage #foryoy ",False,,ryan_wuxian,ℛ𝓎𝒶𝓃⛧,,,,,,False,,,
video_id,video_timestamp,video_duration,video_locationcreated,video_diggcount,video_sharecount,video_commentcount,video_playcount,video_description,video_is_ad,video_stickers,author_username,author_name,author_followercount,author_followingcount,author_heartcount,author_videocount,author_diggcount,author_verified,poi_name,poi_address,poi_city
7409745248919899422,2024-09-01T14:36:09,61,US,7381,1642,89,149500,Kickflips in Black Ops 6 #fyp #blackops6 #bo6 #calloffduty #cod ,False,,jayswasd,JaysWASD,,,,,,False,,,
7408360478637919530,2024-08-28T21:02:24,25,US,75600,7041,1480,1400000,A Player Just Hit The First Nuke In Call of Duty Black Ops 6 at CODNEXT Revealing The Nuke Animation Multiplayer Gameplay @callofduty #BlackOps6 #CallofDuty #Gaming #ZEFF #ZEFFGaming ,False,,zeff_gaming,ZEFF,,,,,,False,,,
7410092859660979462,2024-09-02T14:25:00,22,CA,6508,907,444,122000,Upgrade your PS4 to #ps5 if you wana play #blackops6,False,,opensurpriseyt,opensurprise,,,,,,False,,,
7409858224612035883,2024-09-01T21:54:23,60,US,2121,159,134,78500,"This is what a nuke looks like on BO6, I think it has a really cool animation #bo6 #blackops6 #bo6beta #blackops6beta #blackops #callofduty #cod #codclips ",False,,contested,Nolan,,,,,,False,,,
7407576322702150944,2024-08-26T18:19:35,17,GB,239100,17500,2822,3300000,Even before release 🥲 #codetbot #callofduty #cod #blackops #blackops6 ,False,,tbotszn,TBot,,,,,,False,,,
7408230647963110661,2024-08-28T12:38:38,26,CA,69200,8162,1586,851600,First look at Black Ops 6 Vault Edition operators 🔥 #fyp #blackops6 #bo6 #blackops #warzone3 #mw3 #warzone #modernwarfare3 #cod #callofduty ,False,,bghost23,B23,,,,,,False,,,
7406715770299780384,2024-08-24T10:40:09,13,GB,56100,21700,1385,1800000,Imagine 👀 #codetbot #callofduty #cod #blackops #blackops6 #IKnowThisIsBO4 ,False,,tbotszn,TBot,,,,,,False,,,
7373852141741444369,2024-05-27T21:13:22,24,RO,389000,31200,3718,2600000,The truth LIES #callofduty#BlackOps6 ##cod #blackops #callofdutyedit #codedit #videogameedit #aftereffects #edit #foryou #viral,False,,its5vlp,HMOOD,,,,,,False,,,
7409045201106291999,2024-08-30T17:19:36,7,US,17000,2977,206,274600,W or L? #gamingontiktok #whattoplay #blackops6 #callofduty ,False,,spectrexgaming,SpectreX Gaming,,,,,,True,,,
7406383660607229190,2024-08-23T13:11:19,30,CO,27200,3536,279,383500,Tariler de cod balck ops 6 zombis #vira #cod #zombie #codzombies#fyp #blackops ,False,,danilo16x,Danilo16X,,,,,,False,,,
7376775407649000747,2024-06-04T18:16:11,10,US,73300,4758,993,648700,i just heard it was going to be round based#callofduty #thetruthlies #blackopszombies #codz #codzombies #callofdutyzombies #bo6 #blackops #blackops6 #foryou #foryoupage #fyp ,False,,thebojangle,thebojangle1,,,,,,False,,,
7400042397113224480,2024-08-06T11:04:02,21,GB,2877,1780,225,212500,Black Ops 6 Omni Movement gameplay #cod #callofduty #warzone #BlackOps6 #BO6 #fyp ,False,,futbritzio_swarmano,futbritzio_swarmano,,,,,,False,,,
7376853773198576902,2024-06-04T23:20:16,61,BR,72100,1743,352,927200,Mareux -  Killer (Slowed & Reverb) #fy #foryoupage #slowedsounds #ultraslowed #reverb #bo6 #blackops6 ,False,,kanedaa0,𝕶𝖆𝖓𝖊𝖉𝖆,,,,,,False,,,
7409405676021222699,2024-08-31T16:38:19,14,US,4,0,0,727,Best build,False,,blackops6_,BlackOps6,,,,,,False,,,
7400415428922658078,2024-08-07T11:11:38,16,US,50800,18000,3543,1200000,Better look at bo6 backwards sliding 🔥 #gaming #fypage #callofduty #blackops6 #cod #bo6 #warzone #blackops ,False,,sinfulwz,Sin,,,,,,False,,,
7379202439666224416,2024-06-11T07:14:22,19,DE,913,83,18,11100,Treyarch needs to save cod again🙏😭 #treyarch #callofduty #edit #gaming #bo6 #blackops6 ,False,,_nxrq_q,𝙉𝙓𝙍𝙌,,,,,,False,God Loves You!,"560 Grubbs Mill Rd, West Chester, PA 19380, USA",West Chester
7409199007286807851,2024-08-31T03:16:32,13,US,338500,71400,863,2200000,Diddy party activated #blackops #beta #blackops6beta #blackops6 #funny #diddyparty ,False,,thbrownman,Brown Man,,,,,,False,,,
7408238132056952069,2024-08-28T13:07:41,26,CA,69400,22900,1589,610100,Black Ops 6 Dark Matter is back 🔥 first look at all mastery camos 👀 #fyp #blackops6 #bo6 #blackops #bo3 #warzone3 #mw3 #warzone #modernwarfare3 #warzoneclips #mw #cod #callofduty ,False,,bghost23,B23,,,,,,False,,,
7400506176254889262,2024-08-07T17:03:42,48,US,37700,4316,599,793800,Yall think this will be OP??? #fyp #viral #cod #blackops6 #bo6 #callofduty #KF3 ,False,,kf3cod,KF3Cod,,,,,,False,,,
7408234693608475937,2024-08-28T12:54:20,7,GB,3435,760,82,124100,Black ops 6 SANDHOUSE MAP! Yes NEW Black Ops 6 Multiplayer Map Sandhouse is a DESTORYED Nuketown MAP in Black Ops 6! #cod #callofduty #BlackOps6 #fyp #viral ,False,,futbritzio_swarmano,futbritzio_swarmano,,,,,,False,,,
7408613118294625579,2024-08-29T13:22:46,35,US,16000,11000,489,350700,S/O @xfinity yall the goats for this one 🫡🔥 #blackops6 #callofdutywarzone #fyp #videogames #viral #callofdutyclips #codsquadup #blackops6beta #videogames #xbox #playstation #pcgamer #gaming #gamers ,False,,thedolphinplays3,thedolphinplays,,,,,,False,,,
7410058371367243040,2024-09-02T10:51:09,71,FR,2369,946,75,30700,3 Skin Monster Energy sur Black Ops 6 #callofduty #cod #warzone ,False,,agguati,Agguati,,,,,,False,,,
7408249833347222815,2024-08-28T13:53:24,37,US,143600,27700,2404,1600000,"You've seen the Multiplayer Mastery Camos, now check out what's in store for the most dedicated zombie slayers: #CODNext | #BlackOps6 ",False,,callofduty,Call of Duty,,,,,,True,,,
7377751513831132458,2024-06-07T09:24:01,16,US,205500,77800,1424,1000000,Who’s excited for Black Ops 6⁉️#callofduty #codmemes #blackops6 #gaming #gamingmemes #funny #bih #jigsaw @NYSL SLIMEZY ,False,,subliners,NYSL,,,,,,True,,,
7408263373713935621,2024-08-28T14:45:37,12,CA,4110,1390,80,137400,Omnidirectional movement is broken in Black Ops 6🔥😮‍💨 #blackops6 #callofduty #warzone #bo6 #gaming #blackops6warzone ,False,,devilslayerr_,DevilSlayerr_,,,,,,False,,,
7408251571068308778,2024-08-28T13:59:54,35,US,5333,861,180,59300,BO6 Nuke #bo6 #bo6zombies #bo6teasers #blackops #blackops6 #callofduty #warzone #fyp #viral ,False,,kroyom,Scufster,,,,,,False,,,
7408241342251404562,2024-08-28T13:20:07,26,AU,18000,4129,176,302400,BO6 Mastery Camo’s #fyp #darkmatter #darkmatterbo6 #blackops6 #callofduty #cod #viral #twitch #streamer ,False,,itsjimmyg__,James,,,,,,False,,,
7400123245816696110,2024-08-06T16:17:46,60,US,10400,2107,227,190200,OMNIMOVEMENT IN BLACK OPS 6 😈🔥 #bo6 #blackops6 #austinsixx6 #callofduty #callofdutyblackops6 ,False,,austinsixx6,AustinSixx6,,,,,,False,,,
7410185710017203486,2024-09-02T19:05:19,11,US,312,11,27,10300,I might be him #bo6 #blackops6 ,False,,brycexd_,BrycexD_,,,,,,False,,,
7371865282656095520,2024-05-22T12:42:25,65,GB,124200,15500,1217,1400000,Official Call of Duty Black Ops 6 Teaser Trailer 1! #blackops6 #bo6 #callofduty #callofdutyblackops6 #blackops6teaser #trailer #teaser #treyarch #activision #gaming #videogames #cod #blackops ,False,,dalekjd,MrDalekJD,,,,,,False,,,
7371853696033967403,2024-05-22T11:57:29,41,US,194800,31200,2003,1600000,Interesting rollout 👀 #gaming #cod #blackops #codblackops #blackops6 #callofduty #gamingnews ,False,,brgaming,B/R Gaming,,,,,,True,,,
7379616712943078699,2024-06-12T10:02:03,42,US,47100,5613,755,808100,*BLACK OPS 6 FINISHING MOVE* FASTEST WAY TO GET THE SECRET WOODS FINISHING MOVE! #BLACKOPS6 #MODERNWARFARE3 #EASTEREGG #WOODS ,False,,imapurpleclips,ImAPurple,,,,,,False,,,
7408252451633024262,2024-08-28T14:03:12,16,CA,8938,3550,1448,327000,3rd person is back in Black Ops 6 Zombies 🔥 #fyp #blackops6 #bo6 #blackops #blackopszombies #bo6zombies #warzone3 #mw3 #warzone #modernwarfare3 #mwz #warzoneclips #cod #callofduty ,False,,bghost23,B23,,,,,,False,,,
video_id,video_timestamp,video_duration,video_locationcreated,video_diggcount,video_sharecount,video_commentcount,video_playcount,video_description,video_is_ad,video_stickers,author_username,author_name,author_followercount,author_followingcount,author_heartcount,author_videocount,author_diggcount,author_verified,poi_name,poi_address,poi_city
7329073235453136134,2024-01-28T04:07:23,17,ID,1400000,21600,2022,14400000,#CapCut life goes on #template #videography #lanscape #cinematic ,False,,aminohara92,aminohara 92,,,,,,False,,,
7400644390458379538,2024-08-08T02:00:00,16,PK,579200,10800,5026,10400000,#CapCut #new #trending #template #video #viral #tiktokteam #viral #video #EDITOR99 #MUNTAZIR #FORYOUPAGE #FORYOU #VIRALVIDEO #fypシ #VIRAL @TikTok @⚡ᴱᵈⁱᵗᵒᴿ_999⚡ @TikTok Türkiye @TiktokPakistanOfficial ,False,,editors99,🌹𝓔𝓭𝓲𝓽𝓸𝓻99🌹,,,,,,False,,,
7201468996196027675,2023-02-18T07:17:46,22,PK,1200000,29400,2924,40100000,#CapCut New template tutorial trending video #WeLoveToSmile #growth #ad #cr7 #capcut_edit #rider #bts #makeitviral #spot #fup #toofaanimasala#attitude,False,,editors99,🌹𝓔𝓭𝓲𝓽𝓸𝓻99🌹,,,,,,False,,,
7343508633960926469,2024-03-07T01:44:04,21,ID,2200000,38800,2726,18300000,#CapCut #templatecapcut #pinterest #fyp #fypシ #aestheticvideos ,False,,rainbow_salt2910,ClassyStuff01,,,,,,False,,,
7409615766133198086,2024-09-01T06:13:38,18,ID,146500,16200,475,1500000,#CapCut #justtemplate #templatecapcut #pinterestvideos #pinterest #fypシ #fyp #aestheticvideos ,False,,rainbow_salt2910,ClassyStuff01,,,,,,False,,,
7359549320976141573,2024-04-19T08:10:08,10,ID,298000,8056,651,8300000,pengen vidio kalian Hd? cobain ni template  #CapCut #slowmo #trendingvideo #templatecapcut #wanzen #foryou #fyp ,False,,wanzenn,WanZen,,,,,,False,,,
7309131798708096261,2023-12-05T10:24:25,8,ID,636500,8054,1264,13800000,#CapCut New Template 😈 | #speedramp #velocity #trendingvideo #templatecapcut #fyp ,False,,sz_template,Template-Capcut,,,,,,False,,,
7401010165782269217,2024-08-09T01:39:35,10,DE,364800,7789,1762,7000000,Transition Template - let him Cook #fyp #CapCut #trendingvideo #templates #templatecapcut #newtemplates💙 #NewTemplate #New #capcutvelocity #rek  #capcut_edit #capcutedit #capcuttemplatesideas #newtemplate #CapCutVorlage #like? #like #fypシ #viral #trend #capcutdeutsch #foryou #foryourpage #foryoupage #fyy #follow #2024 #capcutediting #findingtemplatesforyou #cupcut #cuptcutedit #cupcuttrendsvorlagen #cupcut_edit #cupcuteditvideo #cupcuteditor capcut cupcuttrends 2024 Viral fyp lets go em old but Gold tiktok Trends neu New #transition  #lethimcook ,False,,cap.cut.trends.vorlagen,Cup Cut Trends,,,,,,False,,,
7395469085422767366,2024-07-25T03:17:14,21,ID,227800,12900,510,1800000,#CapCut #templatecapcut #template #pinterestvideo #pinterest #fypシ #fyp #aestheticvideos ,False,,rainbow_salt2910,ClassyStuff01,,,,,,False,,,
7309873945610652934,2023-12-07T10:24:19,12,ID,629400,6232,2535,9400000,#CapCut New Template 💀 | #slowmo #velocity #trendingvideo #templatecapcut #fyp #wow #amazing #template #phonk ,False,,sz_template,Template-Capcut,,,,,,False,,,
7407815628867833120,2024-08-27T09:48:07,22,NL,155200,4931,114,4600000,Summer Dump 2024 #CapCut #template #fypシ #fyp #goviral #viral #photodump #capcuttemplate #videodump #recap #summer ,False,,editzzz_..capcut,Mark,,,,,,False,,,
7326964524404182277,2024-01-22T11:44:29,17,PK,259500,3216,3098,8600000,#CapCut …sub city name batao🥰🙈..New Trending Template Video 1 don't under review my video plz tiktok team & #fyp #foryou #foryoupage #viral #video #trending #f#fypシ #growmyaccount#fyp> viral #videoviral #1million #viralvideo #viraltiktok #virall #viewsproblem #dontunderreview #viral_videos #viral_tik_tok #viralvideo #growmyaccount #foryou #foryoupage #learnontiktok #mask. #Asfam👑 @TikTok @TiktokPakistanOfficial ,False,,asim._.malik07,🔥👑 AsiM_Malik 💵👅,,,,,,False,,,
7391435431214107909,2024-07-14T06:24:33,15,ID,233900,6607,920,6300000,#CapCut This song 🤍 | #slowmo #velocity #trendingvideo #templatecapcut #fyp #sz_template ,False,,sz_template,Template-Capcut,,,,,,False,,,
7408805046550383889,2024-08-30T01:47:35,16,PH,113100,9477,354,3400000,#CapCut #templatecapcut #welcomeseptemberfy #templatecapcuttrend #welcomeseptember #fyppppppppppppp #fypfypfypfypfypfypfypfypfypfypfyp #templateforyou #foruuuuuuuuuuuuuuuuuuuuuuuuuuuuuuuuuu #fypp #estetik ,False,,videosnotbrandedcontents,ᵛⁱᵈᵉᵒTEMPLATESⁿᵒᵗᵇʳᵃⁿᵈᵉᵈ,,,,,,False,,,
7243828539173129478,2023-06-12T11:54:25,18,PK,190000,9157,1240,11500000,#CapCut template #edit #editvideo #editor #edits #editforyoupage #foryoupage #fyp ,False,,_alee127,Account for sale,,,,,,False,,,
7302028424741227781,2023-11-16T06:59:41,7,ID,1200000,8850,947,18000000,#CapCut memories >>> #slowmo #velocity #trendingvideo #templatecapcut #fyp #viral #trending #sztemplate ,False,,sz_template,Template-Capcut,,,,,,False,,,
7405227891245501697,2024-08-20T10:26:23,12,PH,11500,1679,46,1100000,#CapCut Hey there! Don't forget to use this template to share your favorite moments from August! ✨ #augustdump #dump #recap #memories #edit #aesthetic #capcutverse #travel #capcuttemplate #templatecapcut #fyp #trend ,False,,capcutverse,CapCutverse,,,,,,False,,,
7332097813616053510,2024-02-05T07:44:17,14,ID,368600,4305,1082,8000000,#CapCut Menyala abangkuu 🤩🔥🌾🥵 | #slowmo #velocity #capcutvelocity  #jj #jedagjedug  #trending #trendingvideo #templatecapcut #zee_template ,False,,irf_template,irrrfffan,,,,,,False,,,
7387644383518117152,2024-07-04T01:13:31,18,DE,199600,3514,5234,3400000,Who will you Love Forever Template #fyp #CapCut #trendingvideo #templates #templatecapcut #newtemplates💙 #NewTemplate #New #capcutvelocity #rek  #capcut_edit #capcutedit #capcuttemplatesideas #newtemplate #CapCutVorlage #like? #like #fypシ #viral #trend #capcutdeutsch #foryou #foryourpage #foryoupage #fyy #follow #2024 #capcutediting #findingtemplatesforyou #cupcut #cuptcutedit #cupcuttrendsvorlagen #cupcut_edit #cupcuteditvideo #cupcuteditor ,False,,cap.cut.trends.vorlagen,Cup Cut Trends,,,,,,False,,,
7382521869993348353,2024-06-20T05:55:27,16,US,260800,4863,540,8800000,Want this Template just click capcut button to use it #capcut #trending #fyptiktok #newtemplate #viral #fyp ,False,,dream_sync_,MR JB,,,,,,False,,,
7407788223209950496,2024-08-27T08:01:48,17,FR,279500,5929,455,3200000,use this template 😍 @𝕵𝖔𝖊𝖑  #trend #capcuttemplate #capcuttrend #trending #viral ,False,,hazyuru,hazyuru,,,,,,False,,,
7317322708595887365,2023-12-27T12:09:23,20,PK,641400,5232,3136,12900000,#CapCut USE THIS TRENDING TEMPLATE🔥🥵#1millionaudition #fypシ゚viral #music #500kviews #capcuttutorial #fypcapcut #capcutedit #foryou #foryoupage #fyp #capcut_edit #capcuttemplate #trendingvideo #sonufam @TikTok @CapCut ,False,,sonu_prince_007,🎭| S O N U   P R I N C E |🦅,,,,,,False,,,
7331663767576562950,2024-02-04T03:39:58,39,ID,1200000,30000,1335,9400000,#CapCut #templatecapcut#pinterest #aestheticvideos #fyp #fypシ ,False,,rainbow_salt2910,ClassyStuff01,,,,,,False,,,
7313879946286402821,2023-12-18T05:29:40,14,ID,735300,10900,2006,19100000,#CapCut Mengkece ☝️😎 | #slowmo #velocity #trendingvideo #templatecapcut #fyp #sztemplate ,False,,sz_template,Template-Capcut,,,,,,False,,,
7257924741841849606,2023-07-20T11:34:51,11,ID,20500,1885,28,3100000,it's moment to memories your day #CapCut #templatecapcut #estetik #fyp #foto #video #moment to #memories ,False,,as_sr10,a.13 | 🍉,,,,,,False,,,
7406430464099077381,2024-08-23T16:12:58,27,SO,77800,3584,1188,1700000,new template wakan isticmal 👆 🎟 ✨️  #template🔥👆 #somalitemplate #CapCut #fouryoupage #virul #newtrend #newtemplate #viraltemplate #fyp #capcuttemplate #templatetrending #fypシ゚viral #viralvideo ,False,,_zupeir,Set templates 🎟🔥,,,,,,False,,,
7410287740253703441,2024-09-03T01:41:16,12,PK,341,4,10,4498,#CapCut FULL TRENDING LINE'S 🤍🫶🔥  VIEWS PROBLEM 😞  🥀💔☠️ #trending #template #video #1millionaudition #myvideo #speedvideo #allforyou #unfreezemyacount #viral #standwithkashmir #foryou #viralvideo #100k #fyp #grow #fypシ゚viral #fypage #editor99 #muntazir @🐚Elina_리나대장님🤍 @TikTok @TiktokPakistanOfficial @TikTok Australia @TikTok Türkiye ,False,,editors99,🌹𝓔𝓭𝓲𝓽𝓸𝓻99🌹,,,,,,False,,,
7287246248678116641,2023-10-07T11:57:21,15,GR,190100,3405,214,1700000,#CapCut #videography #viral #aesthetic #cinmatography #cinematic #template ,False,,clementinediary,Clementine Films,,,,,,False,,,
7341362570806217989,2024-03-01T06:56:15,14,PK,486800,4475,7437,7800000,#CapCut #foryou #foryoupage #trending #viralvideo #fypシ #viral #templatecapcut #viralvideo #foryoupage ,False,,c_a_p_c_u_t_queen_11,𝓠𝓾𝓮𝓮𝓷ꨄ,,,,,,False,,,
7387208473924128005,2024-07-02T21:01:48,8,ID,103400,25700,263,1400000,closing tugas video (individu) #capcut #templatecapcut #tugas #tugasvideo #closing #closingvideo #pink #coquette #aesthetic #2024,False,,craftssie,ִֶָ࣪☾.,,,,,,False,,,
7404917839259241733,2024-08-19T14:23:13,11,BR,362800,9836,353,7300000,#CapCut #trending #template #viral #fyp #velocity #edit #foryou #aesthetic ,False,,liiberandomodelos,CAPCUT,,,,,,False,,,
7381545123441626401,2024-06-17T14:45:10,6,DE,326600,10800,1411,17900000,New Template Fotoshoots #fyp #CapCut #trendingvideo #templates #templatecapcut #newtemplates💙 #NewTemplate #New #capcutvelocity #rek  #capcut_edit #capcutedit #capcuttemplatesideas #newtemplate #CapCutVorlage #like? #like #fypシ #viral #trend #capcutdeutsch #foryou #foryourpage #foryoupage #fyy #follow #2024 #capcutediting #findingtemplatesforyou #cupcut #cuptcutedit #cupcuttrendsvorlagen #cupcut_edit #cupcuteditvideo #cupcuteditor ,False,,cap.cut.trends.vorlagen,Cup Cut Trends,,,,,,False,,,
video_id,video_timestamp,video_duration,video_locationcreated,video_diggcount,video_sharecount,video_commentcount,video_playcount,video_description,video_is_ad,video_stickers,author_username,author_name,author_followercount,author_followingcount,author_heartcount,author_videocount,author_diggcount,author_verified,poi_name,poi_address,poi_city
7139195418176523566,2022-09-03T12:44:27,27,US,233200,4014,1701,3400000,Rolling into Labor Day weekend with a little @Cyndi Lauper the best ever 🎵🎸 #laborday #littlelegend #weekending #tinydancer #fyp #fu #relatable,False,,citygirlgonemom,citygirlgonemom,,,,,,True,,,
7138481827076967722,2022-09-01T14:35:23,38,US,24300,4136,264,275900,It’s a Pinche Puro party. Let the fun begin #tejanotiktok #tejanomusic #tejanoandproud #tejanonation #tejano #texas #over30 #laborday #labordayweekend ,False,,louis_alexander90,Louis Hinojosa,,,,,,False,,,
7139263321936612651,2022-09-03T17:07:57,27,US,47700,1909,1975,288100,This rooster is my everything 😍 #carlos #carlostherooster #sleepytime #siesta #pigtails #helovesthem #hensdont #measyhair #naptime #confidence #love #foryou #fyp #fy #farm #farmlife #ilovehim #chickensoftiktok #sweetanimals #animallove #iloveanimals #laborday #longwrekend #teamcarlos #carlosforpresident ,False,,carlostherooster,Susie,,,,,,False,,,
7139191692925668651,2022-09-03T12:29:59,7,US,5330,98,27,331300,We always give our best tho 😅 @samanthaswanson1 #laborday #labordayweekend #funny ,False,,coreyb,coreybrooks,,,,,,True,,,
7137078984831012142,2022-08-28T19:51:36,125,US,8141,48,134,154800,Great day for a trim! 🤠🐴 #farrier #rodeotok #saveahorserideacowboy #quarterhorse #mustang #farriersontiktok #horses #horsesoftiktok #horsegirl #countryboy #laborday #farmlife #fyp #fypシ #asmr,False,,modernfarrier,modernfarrier,,,,,,False,,,
7139221420940381486,2022-09-03T14:25:21,46,US,24200,361,226,519600,This spin on a piña colada makes the perfect Labor Day cocktail! What will you be sipping on this weekend? #cocktail #labordayweekend #laborday #marriedlife ,False,,therealdadsofnewyork,Richard & Carlos,,,,,,False,Orlando,"Florida, United States",
7138510721813499182,2022-09-01T16:27:29,5,US,23900,226,76,173700,Why do i have hw due on monday someone pls explain😄 #laborday #labordayweekend #longweekend #collegestudent #college #marketing #letsjustbehonest #bereal,False,,nicolegamboa,Nicole Gamboa,,,,,,False,,,
7138596083680431406,2022-09-01T21:58:43,43,US,48300,5559,250,1800000,I can literally eat pounds of this spinach dip. Don’t tell Applebees I got them beat! #food #spinachartichokedip #appetizers #recipes #partyfood #laborday #ideas,False,,fo0d4th0t,Christina,,,,,,False,Texas,United States,
7130389289111768363,2022-08-10T19:12:10,59,US,4545,1281,75,121800,This dessert is so refreshing that it will be a hit for everyone young and old.  Only 6 ingredients as well. How awesome is that!  Something I will definitely be serving for the Labor Day weekend.  #fyp #fypシ #dessert #dessertrecipe #lemon #easydessert #desserttiktok #foodtok #foodtiktok #cooktiktok #cooktok #laborday #recipe,False,,mnm_make_a_meal,MnM_Make_a_Meal,,,,,,False,,,
7133751719229541674,2022-08-19T20:40:06,15,US,5524,79,35,117500,My favorite thing to do🥰 #laboranddelivery #laborday #nurse #laboranddeliverynurse #babyjar #nursern #nclex #nclexrn #nursesoftiktok #nursingstudent ,False,,nursehail,Hailey Welchans,,,,,,False,,,
7136792032122555691,2022-08-28T01:18:06,27,US,18000,376,462,166600,Yes the table got cleaned 🙄 #canecorso #americanbully #italianmastiff #granddog #fyp #viral #grandma #dogtok #dogs #saturday #laborday #MessFreeHero #PartyWithVMAs ,False,,cairo_cas,Chares| Cairo&Cas,,,,,,False,,,
7138455328600952107,2022-09-01T12:52:33,6,US,10300,22,15,133300,Any guesses on the yearbook theme this year? 🐎 #pmhs #themavyearbook #fyp #highschool #yearbook #theme #school #secret #longweekend #laborday ,False,,themavyearbook,The Mav Yearbook,,,,,,False,,,
7139115804154531115,2022-09-03T07:35:48,8,US,7386,711,29,88000,This is your sign to do a Labor Day photoshoot with your babies 😍 @Tim McGraw #laborday #bbq #bbqstainonmywhitetshirt #babyphotoshootideas #timmcgraw ,False,,madisynaubreyjones,𝐌𝐚𝐝𝐢 𝐉𝐨𝐧𝐞𝐬 ⚡️,,,,,,False,Maryland,United States,
7136732286896180526,2022-08-27T21:26:14,36,US,14600,1181,260,300800,Escovitch Snapper 🇯🇲 #escovitchfish #jamaican #jamaicanfood #fish #friedfish #foryou #fyp #xyzbca #cookingtiktok #foodtiktok #dancehall #blackmusic #blacktiktok #laborday #sundaydinner,False,,meallionaire,Meallionaire,,,,,,False,,,
7138537550171409706,2022-09-01T18:11:35,16,US,14700,538,379,87100,#fyp #nyc #newyorkcity #laborday #labordayweekend #jamaicatiktok,False,,loucito135,Louey,,,,,,False,New York,"New York, United States",
7138788498760305966,2022-09-02T10:25:26,33,US,1782,292,48,46700,"Salem Willows, Salem, Ma #fyp #laborday #newhampshire #massachusetts #foodtok #bostontiktok #viraltok #danversma #salemma ",False,,the_roamingfoodie,The Roaming Foodie,,,,,,False,Salem,"Massachusetts, United States",
7139556142996294958,2022-09-04T12:04:15,129,US,114600,628,914,989100,Grandma helps me pick an outfit for a Labor Day BBQ #laborday #fashion #outfitideas #grandma #fyp,False,,excusemygrandma,Excuse My Grandma,,,,,,False,,,
7409315050223144223,2024-08-31T10:46:49,69,US,44800,25900,1077,1300000,Labor Day #history #viral #history9137 #estadosunidos🇺🇸 #laborday ,False,,history9137,history9137,,,,,,False,California,United States,
7410234331949436203,2024-09-02T22:13:54,16,US,15200,204,229,193700,MERCI FREM M TE KONTAN WÈW #parade #laborday #tonymix #easternparkway2024 #easternparkway ,False,,tonymixhaiti1,Tony mix🐊,,,,,,False,,,
7407489952054791455,2024-09-02T08:30:00,34,US,729,31,138,48500,"Labor Day is more than just barbecues, shopping sales and a long weekend. Here’s what to know about the federal holiday. #justcurious",False,,usatoday,USA TODAY,,,,,,True,,,
7410119473841311022,2024-09-02T14:48:14,21,GB,49300,3104,8361,1400000,Kamala Harris marked Labor Day by espousing the benefits of a union - from the 40-hour work week to better wages and vacation time - telling her supporters to 'thank a union member' even if they aren't in one themselves. #kamalaharris #election #politics #kamala #vicepresident #harris2024 #democrats #democrat #trump #vote2024 #harris2024 #timwalz #walz #harriswalz #trump2024 #kamalaharris2024 ,False,,dailymail,Daily Mail,,,,,,True,,,
7410180157719186734,2024-09-02T18:43:41,77,US,2594,342,100,27000,Let me tell you how to keep folks away for Labor Day! #aunteepam #liiissssteeen #comedienne #laborday ,False,,erikapkellom,erikapkellom,,,,,,False,,,
7409797927419366686,2024-09-01T18:00:34,50,US,974,166,19,32600,New York Kiddies/Junior Carnival #laborday #labordayparade #parade #haitiantiktok #caribbean #easternparkway #brooklyn #carnival #kiddiescarnival #juniorcarnival #fyp ,False,,thirstythurss,Tonton Chè,,,,,,False,Eastern Parkway,"Brooklyn, Kings County, New York, United States",
7410113866643885355,2024-09-02T14:26:27,12,GB,65100,2203,2352,1600000,"Several cars in Minnesota Governor Tim Walz's motorcade crashed this afternoon. It happened just after 12:57 pm according to the reporter covering Harris' running mate's travels for the day. A staff member in the press van appears to have a broken arm and is being treated by medics. Everyone else is shaken but appears to be in okay condition, according to the reporter who described being violently thrown forward as the van slammed into the on in front of it and was hit from behind. Governor Walz is campaigning in Milwaukee for Labor Day. #laborday #kamalaharris #election #politics #kamala #vicepresident #harris2024 #democrats #democrat #trump #vote2024 #harris2024 #timwalz #walz #harriswalz #trump2024 #kamalaharris2024 ",False,,dailymail,Daily Mail,,,,,,True,,,
7410149743201914155,2024-09-02T16:45:40,37,US,223,164,16,17200,"Ekip Shabba Ap Souke Eastern Parkway, Brooklyn New York #LaborDay #2024 ",False,,randevoua,Didiparadi,,,,,,False,,,
7409740372680953134,2024-09-01T14:17:07,5,US,5136,16600,32,200500,Why do they go by so fast? #ThreeDayWeekend #LaborDay #LaborDayWeekend #SleepIn #WorkHumor #GottaWorkToLive #CapCut ,False,,dw2685,Derek,,,,,,False,,,
7409422082150321454,2024-08-31T17:41:59,12,US,22800,1230,262,127700,#fyp #nyc #laborday ,False,,wusgoodmyheart,wusgoodmyheart,,,,,,False,Brooklyn,"New York, United States",
7410040748290231594,2024-09-02T09:42:48,13,US,7858,502,14,38200,At practice while everyone else is sleeping #athletictrainer #athletictrainingstudent #sportsmedicine #laborday ,False,,princeton_sportsmed,Princeton Sportsmed,,,,,,False,Panther Stadium,"600 Mabel Ave, Princeton, TX, United States",Princeton
7410216121380490501,2024-09-02T21:03:21,40,CA,1277,51,33,35900,Tonymix Labordayy anpill koze Barikad ❤️🔥🔥#winchristoo #tonymix #laborday #tjozenny #fyp #viral #foryou ,False,,toujours_la1_1,toujours_la1_1🦁,,,,,,False,United States,North America,
7408987500103912746,2024-08-30T13:35:56,6,US,339700,10300,1074,2800000,this trend but i don’t like soda #laborday ,False,,nvrnaveya,naveya,,,,,,False,,,
7410365599102061854,2024-09-03T06:43:45,23,GB,490,8,30,16600,"At a Labor Day rally in Pittsburgh, Joe Biden promised union workers that Kamala Harris is the future at their first joint campaign event. 🎥C-SPAN #biden #kamala #trump #usa #election #breakingnews ",False,,dailymail,Daily Mail,,,,,,True,,,
7409798490202639646,2024-09-01T18:02:44,10,US,50400,108,142,343400,And then other people have never been told that 🤷‍♀️ #ootd #clothes #labordayweekend #whitebottoms #relatable ,False,,lilianajolie_,Lili,,,,,,False,,,
7409996984855104811,2024-09-02T06:53:12,5,US,314,12,1,5228,We had to. 6am version. #labordayweekend #17 #trending #foryoupage #fyp #goviral #trend #foryou,False,,ellabsecretacc,ellaaaaa,,,,,,False,,,
7408189421679349034,2024-08-28T09:58:39,19,US,71700,3012,1754,326900,But i can’t go 😔😭😭😭 who’s ready #laborday #caribbean #caribeantiktok ,False,,saoomitch8,❤️❤️‍🔥Mitchell❤️❤️‍🔥,,,,,,False,,,
7406823683064450350,2024-08-24T17:38:53,16,US,9575,285,146,72900,Labor Day Approaching 🇹🇹🇬🇩🇯🇲🇭🇹🇱🇨🇭🇹🇬🇾 #laborday #westindian #trending #explorepage✨🦋 #fypppppppppppppppppppppppp ,False,,_kimchin,Kimmi💋,,,,,,False,New York,"New York, United States",
video_id,video_timestamp,video_duration,video_locationcreated,video_diggcount,video_sharecount,video_commentcount,video_playcount,video_description,video_is_ad,video_stickers,author_username,author_name,author_followercount,author_followingcount,author_heartcount,author_videocount,author_diggcount,author_verified,poi_name,poi_address,poi_city
7378744491420798209,2024-06-10T01:37:21,6,AU,244000,10200,6241,1700000,y'all scare me . . . . .#dontflop #boost #viral #fyp #appcosplay #cosplay #appcosplay #cosplayer #cosplay #cringetok #cringe #betacharacterai #donttakethisseriously #satire #characteraicosplay #aicosplayer ,False,,beta.character_ai,beta.character.ai,,,,,,False,In Therapy,"44 Enoggera Ter, Brisbane 4059, Australia",Brisbane
7377673403987135776,2024-06-07T04:20:55,14,ES,614600,10600,1481,4600000,Team beta,False,,byteambeta,TeamBeta,,,,,,False,,,
7393532073077738758,2024-07-19T22:00:36,21,MX,106300,3704,1324,586400,TEAM BETA EL MEJOR VVS🫦😻@𝖆𝖕𝖔𝖑𝖔 @llanos🖤 @Álvarito🐍 @Tati @TeamBeta❤️‍🩹  #apolo #llanos #alvarito #tati #teambeta  #paratiiiiiiiiiiiiiiiiiiiiiiiiiiiiiii ,False,,apolo.version__,(𝖆𝖕𝖔𝖑𝖔's version),,,,,,False,,,
7394877612016831776,2024-07-23T13:02:04,96,DZ,129500,2849,1133,2400000,#الشعب_الصيني_ماله_حل😂😂 #viral #tiktok #fyp #fyy #foryou #ترند #تيك_توك #رغيس #reghis #phobia #beta #10k #100k #تصميم_فيديوهات🎶🎤🎬 #فيصل #فيصل_يغني #اتنسيت @Phobia Isaac @roh rani jay @reghisRG @فيصل @Sally Alawady ,False,,live.dz.beta,AŞIK | عاشق ❤️‍🔥,,,,,,False,,,
7122979721524120837,2022-07-21T19:59:19,20,CZ,91900,86,96,654000,Co máme dát jako další? 😂 #foryou #4u #beta,False,,spolekbeta,BETA,,,,,,False,,,
7399222447410548001,2024-08-04T06:02:14,13,GB,133400,7953,337,585600,#fyp #foryoupage #betasquad ,False,,n4ts_vsp,𝐧𝐚𝐭𝐚𝐥𝐢𝐚 🩷,,,,,,False,,,
7410337731194277153,2024-09-03T04:55:29,108,FR,14400,284,270,226700,#moto #beta #famille  #simple ,False,,bravefamily3,Laetitia Sperti,,,,,,False,,,
7391156151661907243,2024-07-13T12:20:53,24,US,35900,6686,771,364500,beta squad is officially over ??!this cant be 😖😢 #fyp #foryou #foryoupage #betasquad #ajshabeel #betasquadover #betasquadquiting #betasquadbreak #ajshabeelbetasquad #betasquadclip ,False,,dauqsatebclips,beta squad clips ™️,,,,,,False,Done Deal,"102 W 38th St, New York, United States",New York
7375992942114229511,2024-06-02T15:39:58,12,SA,455300,12200,1137,2700000,they played so well until the pitch invasion happened | #betasquad #betasquadedit #sharky #sharkyedit #ajshabeel #ajshabeeledit #edit #viral #blowthisup #fyp #foryou #foryoupage ,False,,betasharks_,lareen ༄,,,,,,False,,,
7388126845335604486,2024-07-05T08:25:33,22,BO,616100,5517,7982,16200000,#teambeta #intensamente #intensamente2 #paratiiiiiiiiiiiiiiiiiiiiiiiiiiiiiii #fyp #viral #tati ,False,,lupita_miranda19,L U P E🫦,,,,,,False,,,
7371895485759556907,2024-05-22T14:39:37,39,US,218300,20000,3772,3100000,#genbeta #genalpha #greenscreen #millennialsoftiktok #millennial #millennials ,False,,paunchypeach,𝕡𝕒𝕦𝕟𝕔𝕙𝕪𝕡𝕖𝕒𝕔𝕙,,,,,,False,,,
7379316871994084641,2024-06-11T14:38:23,22,DE,100200,2952,2381,3100000,#ios #ios18beta #ios18 #apple #iphone #tech ,False,,heisenberg_tech,Heisenberg_Tech,,,,,,False,,,
7403952380192197934,2024-08-16T23:56:46,46,US,165200,3884,752,1100000,😭😭 #foryou #xzyabc #descendantstheriseofred #lifeissweeter #betaversion #villains,False,,y0vrll._,D,,,,,,False,,,
7410383189664926977,2024-09-03T07:51:38,18,PK,266,2,24,1386,#bacha #beta #bapu #fyp #tranding #islamic_video #baby #arabicdress #arbi #car #baapbeta #molvi #muhammad #allah #muslim #baby @Tariq Jamil @tariqmasood ,False,,yousaf_n_mahnoor,YOUSAF❤️MAHNOOR,,,,,,False,Karachi,"Sindh, Pakistan",
7404739362740620550,2024-08-19T02:50:41,15,VE,53,2,3,497,,False,,betania.moreno,Beta,,,,,,False,,,
7406982107387448582,2024-08-25T03:53:42,21,AR,22900,1240,242,147500,primer videoo!! 🫶🏼 - ETIQUETEN A LOS CHICOS PARA Q VEAN EL VDEO POR FIS 💘 - #apoyo #edit  #teambeta #paratiiiiiiiiiiiiiiiiiiiiiiiiiiiiiii #fypシ #fouryou #lentejas #parati @TikTok @tiktokglobal ,False,,teeam.betaa,𝐭𝑒𝒶𝐦 вε𝓽ａ🚣🏻‍♀️,,,,,,False,,,
video_id,video_timestamp,video_duration,video_locationcreated,video_diggcount,video_sharecount,video_commentcount,video_playcount,video_description,video_is_ad,video_stickers,author_username,author_name,author_followercount,author_followingcount,author_heartcount,author_videocount,author_diggcount,author_verified,poi_name,poi_address,poi_city
7315573677989301510,2023-12-22T19:02:12,41,AU,5009,53,45,128700,The golden rule of fishing  #bustup #fishing #trevalley #gianttrevally #kayak #topwaterfishing #fishingaustralia #goldcoastfishing #topwater #kayakfishing #splashprawn ,False,,prawndealer,prawndealer,,,,,,False,Gold Coast,"Queensland, Australia",
7326554978452032798,2024-01-21T09:16:28,59,US,33500,1894,228,1200000,Old Town PDL 106 pedal kayak walkthrough and demo at the @strictly_sail_and_kayak Boat Show demo pool.   #girlgonefishing #strictlysailandkayak #strictlysailteam #kayak #kayaking #kayakfishing #bassfishing #fishing #kayakbassfishing #fishinglife #watersports ,False,,melissa_girlgonefishing,Melissa_Kegg,,,,,,False,Strictly Sail Sailboats,"10766 Kenwood Rd, Hamilton, Ohio 45242, USA",Cincinnati
7349582426446007598,2024-03-23T11:34:03,105,US,121000,3083,497,1700000,The best kayak fishing setup! 😆🎣 #kayakfishing #howtofish #fishing #bassfishing #fishingtips #beginnerfishing #kayaking #fishingvideo #fishing101 #saltwaterfishing ,False,,sightfish,sightfish,,,,,,False,,,
7338129277730213163,2024-02-21T13:50:00,49,US,5039,485,100,156700,"We’re kayak anglers, of course we missed a big one while filming this! 😂 #OldTownKayaks #KayakAngler #AnglerLife #KayakFishing ",False,,oldtown_watercraft,Old Town Watercraft,,,,,,False,,,
7243896561741073706,2023-06-12T16:18:27,36,US,6203,358,53,186000,Best Fishing Kayaks 2023 #fishing #kayak #kayakfishing #fyp ,False,,ckfoutdoors,ckfoutdoors,,,,,,False,,,
7246909735012732203,2023-06-20T19:11:13,60,US,21900,731,196,234000,Surprise catch EXPLAINED! 😳 #giant #surprise #girlswhofish #kayakfishing ,False,,midwestfishergal,midwestfishergal,,,,,,False,,,
7248077809493626158,2023-06-23T22:43:54,19,US,17900,343,300,548300,No such thing as a bad day on the water.. Maybe 😂😂 #kayakfishing #fishing #outdoors ,False,,pondboys,PondBoy,,,,,,False,,,
7322170931655249194,2024-01-09T13:43:14,176,US,117600,10100,1868,3100000,No Way THIS REALLY Works!! #fishing #southernsalt #saltwaterfishing #adventure #offshorefishing #giantfish #kayakfishing #sheepshead ,False,,southernsaltkayakfishing,Southern Salt Kayak,,,,,,False,,,
7312232397527862571,2023-12-13T18:56:25,21,US,59,4,3,1627,#kayakfishing #kayakupgrade #livescope #fishing ,False,,xninjafishermanx,xninjafishermanx,,,,,,False,Ohio,United States,
7368249699846982954,2024-05-12T18:52:10,24,US,986500,63700,3027,8500000,Kayakers are the cyclists of the stream fishing world.  #flyfishing #troutfishing #kayaking,False,,triggermanflyfishing,Triggerman Fly Fishing,,,,,,False,,,
7380850825079377168,2024-06-15T18:04:35,17,NZ,43000,270,210,1200000,i will start useing them as bait for my crayfish pot. #kayakfishing #fishing,False,,weeds.fishing.wildlife,In The Weeds,,,,,,False,,,
7371991682469891370,2024-05-22T20:52:51,54,US,496400,1747,1643,5100000,1st encounter with Game Warden #bassfishing #fishing #kayakfishing #lakefishing ,False,,nwtrailseries,NwTrailSeries,,,,,,False,Buck Lake County Park,"6959 Buck Lake Rd NE, Kitsap, Washington 98340-9705, USA",Hansville
7293264316684307754,2023-10-23T17:10:35,34,US,490,52,42,30200,"Every time I go out on my @Old Town Watercraft AP136, I get more and more confidence. Kayak fishing is for big boys too! . . . #fish #fishing #fishingaddict #fishinglife #bassfishing #bassaddict #angler #angling #bigboy #fatguy #kayak #kayaking #kayakfishing #kayakbassfishing #kayaklife #florida #floridafishing #floridalife #outdoors #gopro ",False,,codywallingfishing,Cody Walling Fishing,,,,,,False,Polk County,"Florida, United States",
7374550431655021867,2024-05-29T18:22:09,59,US,44300,339,206,882700,Bass fishing with a Frog has a really funny quirk lol #bassfishing #kayakfishing #lakefishing #fishing #fishingtiktoks #baitcaster #topwaterfishing ,False,,nwtrailseries,NwTrailSeries,,,,,,False,Washington,United States,
7196421242499419435,2023-02-04T16:50:02,16,US,2668,117,46,107700,Best starter fishing kayak🤝 #fyp #fishing #fishtok #bassfishing #fishingtiktoks #kayak #basspro #fish #bass #fishingkayak #foryou #viral #blowthisup ,False,,rippin_lips_tv_,Rippin Lips TV,,,,,,False,,,
7407458075055066399,2024-08-26T10:40:58,84,US,3353,1641,279,162600,#oldtownkayaks  #kayaking #fishing #catfishing Kayaking Catfish Joe on youtube!!  ,False,,kayakcatfishjoe,Kayak Catfish Joe,,,,,,False,Texas,United States,
7386446222657064234,2024-06-30T19:43:54,58,US,2047,72,24,32600,Regret Spending $3000 on a Fishing Kayak? #kayakfishing #bassfishing #fishing #kayakbassfishing ,False,,nwtrailseries,NwTrailSeries,,,,,,False,Kitsap County,"Washington, United States",
7331153887849696554,2024-02-02T18:41:48,19,US,13300,1506,293,1400000,"This Hobie Lynx is a super-stable, light weight pedal kayak!     #girlgonefishing #strictlysailandkayak #strictlysailteam #kayak #kayaking #fishing #hobie #hobielynx #kayakfishing #fishing #kayakbassfishing @strictly_sail_and_kayak ",False,,melissa_girlgonefishing,Melissa_Kegg,,,,,,False,,,
7286098348606541099,2023-10-04T09:43:15,18,US,2532,20,49,101600,"Reasons why kayak fishing is very challenging, which makes it more rewarding #fishtok #fishing #fisherman #inshorefishing #urbanangler #hobiekayak #kayakfishing #kayaking #kayakfishingaddicts #CapCut ",False,,theurbanangler,Manoli,,,,,,False,,,
7109212250271108398,2022-06-14T17:34:25,48,US,5710,52,124,124600,Part 1. Of Fishing On My New Kayak 🎣 #kayak #fishing #fishtok #MakeASplash #lmb #largemouthbass #bassfishinglife #strangerthings,False,,slappinthebass_,Slap,,,,,,False,,,
7398672057627577643,2024-08-02T18:26:23,41,US,12600,4359,307,580700,Fishing 🎣 #kayak #fishinglife #fish #fishing #fypage #kayakfishing #kayaking #fishingtiktoks #fisherman,False,,codyengstrom_,Cody Engstrom,,,,,,False,,,
7397456560336702763,2024-07-30T11:49:43,14,US,55100,1149,765,1300000,How to lose your entire fishing setup in 15 seconds… #kayak #kayakfishing #fishing #fish #kayakbassfishing #bassfishing ,False,,stlfishing,Brian Welch,,,,,,False,Lake of the Ozarks,"Missouri, USA",Camdenton
7341897792714984734,2024-03-02T17:33:45,54,US,6898,59,61,176400,"My baitcaster story, so far...  #bassfishing #kayakfishing #fishing #fishingtiktoks ",False,,nwtrailseries,NwTrailSeries,,,,,,False,Kitsap County,"Washington, United States",
7365259290208308526,2024-05-04T17:27:50,9,US,2371,604,46,163300,Hand assembeled in the USA 🇺🇸 15% off when you order from the link in bio!                                      #kayaking #fishing #kayak #trollingmotors #fishingchallenge #kayakfishing #kayakingadventures ,False,,glidemotors,Glide Fishing Kayak Motors,,,,,,False,United States,North America,
7325647007899553066,2024-01-18T22:32:02,18,US,135800,2076,718,5600000,I definitely wasn't expecting that bite! I was cruising to my spot and must have set that buzzbait on his head. 😆 #kayakfishing #bassfishing,False,,weslie.gray,Weslie Gray Fishing,,,,,,False,,,
7316607949382634795,2023-12-25T13:55:42,32,CA,19900,308,120,483500,Kayak Changed the Game #fishing #fish #kayakfishing #fisherman #bassfishing #largemouthbass #riverfishing,False,,stef_fishh,Stef Fish,,,,,,False,,,
7318122629842423083,2023-12-29T15:53:42,44,US,204,1,15,10400,The day I got my new fishing kayak,False,,rameyoutdoors,RameyOutdoors,,,,,,False,Georgia,United States,
7305811356723252526,2023-11-26T11:39:36,24,US,200,6,3,4514,Suspend Fishing for Catfish in a Kayak #catfishing #kayakfishing #madkatz ,False,,nccatfishing,nccatfishing,,,,,,False,North Carolina,United States,
7333576462332742914,2024-02-09T07:22:17,19,TH,15400,123,125,1500000,ลำบากเลย ทีนี้😅 ##TikToker##TikTokUni##HowtoTikTok##fishing##ตกปลา##fish##ปลา##fishingtackle#อุปกรณ์ตกปลา #kayak #kayakfishing #cr #คายัค ,False,,hook_it,หรั่ง Hook it!,,,,,,False,,,
7358496199936314670,2024-04-16T12:03:36,21,US,78000,1809,576,1100000,"Instant regret! Fishing is supposed to be calming, right? #kayakbassfishing #bassfishing #fishing ",False,,chrismitchellfishing,Chris Mitchell,,,,,,False,,,
7105562156430609710,2022-06-04T21:30:11,10,US,6903,357,235,238300,Kayak goals 🤩 #kayakfishing #kayakbassfishing #hobiefishing #oldtownfishing #oldtownkayaks #hobiekayaks #learnontiktok #bassfishingbasics #bassfishinglife #fishingishard #fishingtiktoker #fishingcontentcreator #fishingcreator #fishingtiktoker,False,,officialfishboss,Fish Boss 🎣Fishing Videos🇵🇭,,,,,,False,,,
7277559471092632875,2023-09-11T09:28:53,12,US,663200,66800,2772,7100000,It simply never gets old 😮‍💨 #fyp #fishtoks #tarponfishing #tarpon #bigfish #kayakfishing ,False,,sommertime_outdoors,Sommertime_Outdoors,,,,,,False,Florida East Coast Canal,"Okeechobee, Florida, United States",Okeechobee
7197199820593876270,2023-02-06T19:11:13,53,US,2172,123,72,85400,Kayak fishing hack!  #fyp #bonafidekayaks #fishing #kayakfishing #lifehack #bassfishing #garmin #lews #fishingtiktoks ,False,,tacmedicoutdoors,TacMedic,,,,,,False,,,
7395037481323728133,2024-07-23T23:22:20,7,CA,14200,581,121,381000,WHOPPER PLOPPER Topwater Bass Fishing #bassfishing #topwater #topwaterbass #viral #kayakfishing #manitobabass #bassfishingcanada #bassfishinglife #fyp ,False,,freshwaterfishingadrian,Freshwater Fishing with Adrian,,,,,,False,,,
7244671557925178667,2023-06-14T18:25:56,10,US,3234,614,30,479500,"On your mark, get set, go! #bixpy #vibekayaks #trollingmotor #electeickayaks #fishingkayaks ",False,,bixpyjet,Bixpy,,,,,,False,,,
video_id,video_timestamp,video_duration,video_locationcreated,video_diggcount,video_sharecount,video_commentcount,video_playcount,video_description,video_is_ad,video_stickers,author_username,author_name,author_followercount,author_followingcount,author_heartcount,author_videocount,author_diggcount,author_verified,poi_name,poi_address,poi_city
7409349061179985194,2024-08-31T12:58:37,11,US,51500,569,437,305300,Cade Klubnick dropped a DIME to Antonio Williams 🎯 (via @CFB on FOX) #clemson #georgia #collegefootball #cfb25 #d1 ,False,,overtimeszn,Overtimeszn,,,,,,True,,,
video_id,video_timestamp,video_duration,video_locationcreated,video_diggcount,video_sharecount,video_commentcount,video_playcount,video_description,video_is_ad,video_stickers,author_username,author_name,author_followercount,author_followingcount,author_heartcount,author_videocount,author_diggcount,author_verified,poi_name,poi_address,poi_city
7407455586419248414,2024-08-26T10:31:18,28,US,390100,145200,1811,2900000,уже скоро #3сентября #якалендарь #сентябрь#popular #rec #esthetics #fyp #fypツ #music #recommendations #top #vibe #жиза #2024#september #якалендарьпереверну ,False,,razoom_official,RazOOm,,,,,,False,,,
7409571870154050847,2024-09-01T03:23:43,15,BY,53900,12700,211,411400,#viral #trending #elbruso #сентябрь ,False,,rena120610,Rena,,,,,,False,Лысый Дед,"Shkotovskiy rayon, Primorsky, Russia",Shkotovskiy rayon
7409168808826457350,2024-08-31T01:19:11,17,BY,63000,7141,449,334400,#fyp #elbruso #рек #хочуврек #fypシ #сваты #будько #валюха #митяй #тренд #сентябрь #2сентября ,False,,_lissaaaaaaaa_,elissabesst🍑,,,,,,False,,,
7410109420056612102,2024-09-02T14:09:14,14,KZ,46900,30900,313,238500,23:09 эх 3 сентября🐆 #fyppppppppppppppppppppppp #бля #мяумяумяу #эхбля #явподвале #хз #3сентября #якалендарь #якалендарьпереверну #сентябрь #recomendation #последнийденьлета #ещкере ,False,,qai_mak,аппарат жизнеобеспечения🦅,,,,,,False,,,
7408453874731846918,2024-08-29T03:04:54,36,BY,876200,242800,9413,6400000,#школа #сентябрь #3сентября ,False,,ycatikot,усатый кот,,,,,,False,,,
7409874892679630081,2024-09-01T22:59:17,9,AM,7055,8315,100,299600,#3сентября #доброеутро #сдобрымутром #юмор #привет #сентябрь #позитив #хорошеенастроение #открытка #видеооткрытка ,False,,carolina_6755,𝐋𝐢𝐧𝐓𝐢𝐤,,,,,,False,,,
7406592140593138949,2024-08-24T02:40:22,16,KZ,29700,4051,2097,888200,Уже сентабрь...☹️ #рекомендации #foryou #рек #сентябрь #лето #fyp #viral #foryoupage ,False,,azotik_islam,azotik islam,,,,,,False,,,
7409999834083527943,2024-09-02T07:03:55,13,KZ,929,2656,81,37300,3 сентября! С добрым утром вторник.  #3 #сентябрь #сдобрымутром #вторник #доброеутро #3сентября #утродоброе #позитив #umniza102 #доброе #утро #доброгоутра #доброеутречко #утречко ,False,,umniza102,✅❉্᭄͜͡УМНИЦА❉্᭄͜͡✅,,,,,,False,Astana,Kazakhstan,
7410022299216268550,2024-09-02T08:31:15,9,KZ,9363,3351,62,54200,#KAROLINA🔥 #kckcayee #қарға#ворона#фон#дождь#сентябрь#қыс#рек#меме#рекомендации #fyppppppppppppppppppppppp #viral#fypage #реккекыршы #активвернись ,False,,kckcaye,𝐊𝐀𝐑𝐎𝐋𝐈𝐍𝐀🔥,,,,,,False,,,
7397685405262286085,2024-07-31T02:37:39,14,UA,30200,2672,113,213700,эх...) #восьмиклассница #р_е_к_о_м_и_н_д_а_ц_и_и #рекк #школа #сентябрь #2024 #2010 ,False,,its.ksuha,🐍,,,,,,False,,,
7409568762258754821,2024-09-01T03:11:19,20,BY,19100,4269,1988,517800,#Сентябрь#дева#моймесяцдр#мояосень♍ ,False,,prosto_olga007,Olga Nails,,,,,,False,,,
7410111009689455877,2024-09-02T14:15:28,31,KZ,18,1,0,1258,#3сентября #осень #шуфутинский #сентябрь ,False,,doyd0we,doyd0we,,,,,,False,,,
7409568008940571909,2024-09-01T03:08:20,16,KZ,34800,1844,1923,1300000,#1сентября #сентябрь #братишка #любовь❤ #школажиза ,False,,mirambek_777,mirambek,,,,,,False,,,
7409178811004112134,2024-08-31T01:57:59,14,UA,248,175,11,2119,ЗАВТРА СЕНТЯБРЬ ОЧНИСЬ #дельфины #1сентября ,False,,vika.ua.kras,Колосальний титан,,,,,,False,,,
7410138807934258437,2024-09-02T16:03:22,17,UA,587,2132,34,22400,#3 #сентябрь #3сентября #утро #доброе #доброеутро #хорошегодня #вторник #women_15 #осень  #хорошегонастроения #всемдобра #рек ,False,,women_15,⚜️ Наталья ⚜️,,,,,,False,,,
7407382057011268870,2024-08-26T05:45:43,17,UA,66000,20000,2374,1500000,🚓🚓 #блогзаброшки #полиция #заброшенныйавтомобиль #машина #сто #abandoned #рекомендации #азан #украина #киев #сентябрь ,False,,soedinenie_s_ruferstvom,Специалист в тематике заброшек,,,,,,False,Kyiv,Ukraine,Shevchenkivs'kyi district
7401727361986743558,2024-08-11T00:02:34,16,KZ,32300,3482,1576,846600,Скоро Сентябрь🥲,False,,dilya_fg,😈💅ЖыНдЫшшКa Dilyaa💅😈,,,,,,False,,,
7409991472679750943,2024-09-02T06:32:21,8,UA,697,84,51,9582,Вспоминаем мемы сентября 2023 вместе),False,,ne.flad1kks,🐰Колян🐰,,,,,,False,,,
7408847093814643973,2024-08-30T04:30:44,12,KZ,7084,1733,323,68700,ойнап айтам буып келемгой😅 #рек #fyp #on #rekomendasi #сентябрь ,False,,username_girl13,айару.🫦,,,,,,False,,,
7403339106211663109,2024-08-15T08:16:54,11,KZ,3225,2092,29,150300,#осень #август #сентябрь #статусы ,False,,_cancer_02.07,♋ЗЛОЙ МОДЕР♋,,,,,,False,,,
7410096401209707781,2024-09-02T13:18:47,10,BY,59,3,10,647,#рекомендации #осень #2024 #сентябрь #,False,,marinamihalzova,🦂 Марина 🦂,,,,,,False,,,
7409528378010635525,2024-09-01T00:34:30,12,KZ,38900,6020,1419,410700,#🤣🤣1 сентябрь,False,,xtmre0,A/R,,,,,,False,,,
7410158244347333906,2024-09-02T17:18:48,21,BY,927,11300,45,40700,"Доброе утро, 3сентября вторник               #доброеутро #днинедели #вторник #3#сентябрь #пожелания ",False,,olgahalyapina,Olga,,,,,,False,,,
7409580524349459717,2024-09-01T03:56:57,9,KZ,5236,581,29,71500,🥹#первыйсентябрь #elbruso #projectcar #CapCut ,False,,bereke_k_,Shadykhankyzy,,,,,,False,,,
7409371797608500486,2024-08-31T14:26:54,18,KZ,1332,128,164,63400,Завтра сентябрь 😂 #muhangalivich #CapCut #лоропиана #сентябрь #loropiana ,False,,aitzhanov012,muhangalivich,,,,,,False,,,
7398120118552661253,2024-08-01T06:44:34,7,KZ,137400,66600,10000,2600000,😉#деньрождения#сентябрь#fyp#viral#elbruso ,False,,shamoevv01,Shamoev01,,,,,,False,,,
7410067943410666757,2024-09-02T11:28:19,6,BY,152,8,2,2502,#ВэтотДень #осень#сентябрь ,False,,strimershairka,Стримерша Ирка💅💅💅,,,,,,False,,,
7402565892199943430,2024-08-13T06:16:28,19,KZ,41400,13300,1876,306800,или больше чем друзья?#друзья #сентябрь #любовь #recommendation ,False,,hyunn_0001,Хён,,,,,,False,,,
7374734766827965701,2024-05-30T06:17:26,11,UA,39500,17600,988,1900000,#дева#сентябрь#дева#знакизодиака @КОРОЛЕВА МАТЬ 👩🏻👧🏻👦🏻 #,False,,queenoffuture28,КОРОЛЕВА МАТЬ 👩🏻👧🏻👦🏻,,,,,,False,Dubrovnik,Croatia,
7406222405464509702,2024-08-23T02:45:37,8,KZ,1326,891,468,105800,#сентябрь #fyp #рек #рекомендации ,False,,sarvina_24,sarvina_024,,,,,,False,,,
7399936564790316293,2024-08-06T04:13:42,7,KZ,214,93,3,21500,#лето #август #сентябрь #fyp ,False,,aigulimtolegenova,Айгүлім,,,,,,False,,,
7405975210387672325,2024-08-22T10:46:19,9,KZ,4352,442,45,42700,#สปีดสโลว์ #สโลว์สมูท #сентябрь #школа#паралель#игра#волейбол#haikyuu#voleybol#fupシ ,False,,s1ranger_sh,,,,,,,False,,,
7409676890404916488,2024-09-01T10:10:44,15,KZ,912,5873,83,44100,С добрым утром. Понедельник. 2 сентября.  #сдобрымутром #доброеутро #понедельник #2 #сентябрь #утродоброе #пожелания #umniza102 #доброеутро #всем_добра_и_позитива ,False,,umniza102,✅❉্᭄͜͡УМНИЦА❉্᭄͜͡✅,,,,,,False,Казахстан,"Almaty, The Republic of Kazakhstan",
video_id,video_timestamp,video_duration,video_locationcreated,video_diggcount,video_sharecount,video_commentcount,video_playcount,video_description,video_is_ad,video_stickers,author_username,author_name,author_followercount,author_followingcount,author_heartcount,author_videocount,author_diggcount,author_verified,poi_name,poi_address,poi_city
7408885814026882336,2024-08-30T07:00:59,11,PT,296700,19800,1740,1600000,MUALANI IS SO CUTE #mualani #genshin #genshinimpact #hoyocreators #irl #online #fyp ,False,,chixoris,Darla 𝜗𝜚˚⟡˖ ࣪,,,,,,False,,,
7408243539567447302,2024-08-28T13:28:37,11,BR,426300,82200,6014,1700000,who will be our next dancer  #xilonen #mualani  #genshin #genshinimpact ,False,,eishamy,Myty,,,,,,False,,,
7408234333636414753,2024-08-28T12:52:56,14,FI,406600,77000,5054,1800000,I LOVE THEM BOTH SM😭‼️#mualani #mualanigenahinimpact #mualanigenshin #genshin #GenshinImpact #kinich #kinichgenshin #kinichgenshinimpact #MWAHHMWAHHHHMWAHHH #ILOVEYOUU #LOVEEEE #❤❤❤ #HEARTUUUU #MUAHH #ilovemypookies #iloveyall #YIPPEEEE #natlan #furisa ,False,,.furisa,☆.Risa. ☆ ~,,,,,,False,,,
7407842833144581408,2024-08-27T11:33:42,74,DE,311900,17700,2033,1300000,THIS IS HER SONG‼️ (IB: @Jubilee !!🚦) || #GenshinImpact #genshin #genshinimpactedit #hoyocreators #natlan #readyfornatlan #mualani #mualaniedit #mualanigenshinimpact ||,False,,kazuhaqtf,Lucas! <3,,,,,,False,,,
7409605844372884768,2024-09-01T05:35:06,9,IT,215100,9736,4555,860800,real. #genshinimpact #genshin #fyp #viral #foryoupage #foryou #gambling #mualani #genshinmualani ,False,,satanapersonale,Sata,,,,,,False,,,
7408925792106745093,2024-08-30T09:36:06,18,ID,54400,2780,3591,461000,yuh.  #genshinimpact #natlanupdate #mualani #aroace #headcanon #foryoupage ,False,,ryuu_miuri,pucarii,,,,,,False,,,
7408529927961677088,2024-08-29T07:59:57,43,NO,311500,13200,4632,1700000,I LOVE HEEEEER SHES MY MAIIIN IM SO HAPPYYYY THE BEST CHARACTER IN GENSHIN IMPACT AFTER FURINA FR 😍😍😍😍 #mualani #natlan #genshinimpact #hoyocreators Mualani solo 1 mill,False,,delulu_ceo,deLULU gURL,,,,,,False,,,
7410257957075635457,2024-09-02T23:45:46,9,PH,12200,698,181,59200,I love in the archon quest how Mualani kept hinting to Kinich that she wants a favor from him and it's so cute skdhjsjsgsjajs  Ship post so don't comment about siblings stuff here and respect our ship☝️#ship #kinilanigenshin #kinlani #natlan #kinichgenshin #mualani #GenshinImpact #genshin #fyp #foryou ,False,,ghosty_hua,Ghosty Hua☆ KinLani Defender✧✧,,,,,,False,,,
7410208842467904814,2024-09-02T20:35:02,12,TH,2433,106,176,31600,MUALANI POWERCREEP MIGHT BE REAL.. #mualani #genshinimpact #hoyocreators,False,,esqpur,esqpur,,,,,,False,,,
7409260903599820064,2024-08-31T07:16:32,15,TN,490600,13000,2030,2400000,even the quality looks better #mualani #genshinimpact #genshinmemes #genshin #fyp ,False,,cvfmilky,𝒎𝒊𝒍𝒌𝒚 ˖˚☄️⊹,,,,,,False,,,
7408045271373958433,2024-08-28T00:39:25,13,GB,215600,13000,3208,1500000,level 80 till the shop resets 😞 #genshinimpact #hoyocreators #mualani #hellonatlan,False,,hydreau,bethany (𝑡𝑤𝑜𝑛𝑠 𝑣𝑒𝑟'),,,,,,False,,,
7410149227461922053,2024-09-02T16:43:47,18,BR,499,10,37,6063,"Bro -Pls don’t hate, I’m just kidding, love you all (and my life)😭😭 #sigmamale #genshin #mualani ",False,,tsuk1_3,Dottie n capi Wife🦈/🌈🌴/🧀🐁,,,,,,False,,,
7408249033535409416,2024-08-28T13:49:56,12,MY,338100,29700,2267,1500000,Looks like Furina got a new competition 🥹 #genshinimpact #hoyocreators #mualani #natlan #genshinmemes #furina #hellonatlan ,False,,neddyoo,♡ ned ♡,,,,,,False,,,
7408258683223723297,2024-08-28T14:27:24,9,CZ,21500,1610,295,175400,She didn't let Kachina get away with that win... #genshinimpact #genshin #mualani #natlan ,False,,16xsebiq,🐬Sebi🐬,,,,,,False,,,
7410336586941893895,2024-09-03T04:53:03,53,SG,1909,84,23,13200,✈️MUALANI is the best AIRPLANE in GENSHIN IMPACT?? #genshin #genshinimpact #genshinimpactedit #mualani #hellonatlan #hoyocreators #natlan,False,,kettletoro,kettletoro,,,,,,False,,,
7408509705523334433,2024-08-29T06:41:30,14,IT,508100,69700,3056,1900000,THAT WAS THE FIRST THING THAT CAME TO MIND WHEN I SAW HIM.. I WON MUALANI #genshinimpact #natlan #genshin #hoyoverse #mualanigenshin ,False,,..mikaaela,🫧₊˚,,,,,,False,,,
7408667050895297825,2024-08-29T16:52:04,20,GB,2435,17,40,27200,Replying to @danielle ☁︎ have you seen a Mualani this strong? Doubt it #genshinimpact #Mualani #mualanigenshinimapct #hoyocreators #fyp #Natlan ,False,,iudexneuv,Neu,,,,,,False,,,
7408187531864460552,2024-08-28T09:51:14,13,MY,185500,14600,2472,974900,Replying to @Ayikun casually hitting millions with her baby shark 🦈 #genshinimpact #hoyocreators #mualani #natlan #damage #million #showcase ,False,,neddyoo,♡ ned ♡,,,,,,False,,,
7409333435665337632,2024-08-31T11:58:02,14,DE,49500,2412,425,226200,"first one is vitiligo kachina by Irisson, second one is mualani's Kakau by kaichume _ #natlangenshin #genshinimpactmualani #natlanregion #natlan #genshin #mualani #genshinimpact #zzz #zenlesszonezero #hsr #honkaistarrail #hoyoverse #kachina #genshinmod #melanin #genshinimpactkachina #fyp ",False,,zeraa4ka,zeraa4ka,,,,,,False,,,
7406746714591268128,2024-08-24T12:40:16,21,HU,143300,12100,2198,946300,#genshinimpact #mualani #exploring #foryou ,False,,arilovenicole,arilovenicole,,,,,,False,,,
7410380878209240352,2024-09-03T07:42:40,23,TN,505,23,31,4625,I wonder what's the lore behind this place #mualani #genshin #genshinmemes #genshinimpact #fyp ,False,,cvfmilky,𝒎𝒊𝒍𝒌𝒚 ˖˚☄️⊹,,,,,,False,,,
7409482107451444485,2024-08-31T21:35:00,37,BR,14900,602,476,97200,build your suports!! #Fy #fyp #genshin #viral #genshinimpact #mualani #tutorial #polemica #build #natlan ,False,,yeagle,eagle🦦,,,,,,False,,,
7404960797446688032,2024-08-19T17:09:53,14,FR,118200,7328,5919,441800,THEY’RE ALL COMING HOME 🙏😭!! #genshin #genshinimpact #mualani #kazuha #kinich #raiden #viral #fyp @HOYOVERSE ,False,,shojodam,shojodam .☘︎ ݁˖,,,,,,False,,,
7409712889050713376,2024-09-01T12:30:28,23,CH,137,4,4,2927,Pls wtf i wanted to showcase her skill not nuke😞 #genshinimpact #fyp #arlecchino #mualani #xiangling #kachina ,False,,lynettelovescake,Mualani,,,,,,False,,,
7410410720774442282,2024-09-03T09:38:27,15,TH,645,23,37,9212,I JUST BEAT MY OWN WORLD RECORD BY 1 SECOND #mualani #genshinimpact #hoyocreators,False,,esqpur,esqpur,,,,,,False,,,
7410417293202591019,2024-09-03T10:03:55,15,US,86,10,7,1082,Mualani keeps getting stronger 😭 #genshin #genshinimpact #spiralabyss #mualani #hoyocreators ,False,,dhcwsp,dhcwsp,,,,,,False,,,
7408317020367867169,2024-08-28T18:13:49,10,FR,53400,11400,587,255700,#CapCut @strawberry cream avec nos pdppppp 😔🩷#kinich #kinichgenshinipact #mualani #mualanigenshinimpact ,False,,shymm_0,˚✧₊⁎❝᷀ົཽstrawberry ❝᷀ົཽ⁎⁺˳✧༚,,,,,,False,,,
7410348252668759303,2024-09-03T05:35:59,12,PH,358,22,10,1327,SHE FINALLY CAME HOME!!! #genshin #mualani #genshinimpact #hoyocreators ,False,,yui.pumpkin,Yuii;>,,,,,,False,,,
7408376830270442794,2024-08-28T22:05:51,10,US,3325,155,87,169000,Another reason to pull for C1 Mualani (besides the dmg increase ofc) 😋 #mualani #natlan #genshinimpact #fyp #exploration ,False,,axiicar,axiicar,,,,,,False,,,
7410421753983290642,2024-09-03T10:21:11,15,PH,90,2,3,379,good ending | ib @q fart #mualani #mualaniedit #genshinimpact #genshinimpactedit ,False,,hyutaoo,hyunn ☆★,,,,,,False,,,
7409227206662180128,2024-08-31T05:05:49,63,CH,170,2,8,1457,Thanks for @🇽🇰𝑀  being my emotional support #genshinimpact #summons #wish #wishes #pull #pulls #mualani #qiqi #chasca #xilonen #fyp ,False,,lynettelovescake,Mualani,,,,,,False,,,
video_id,video_timestamp,video_duration,video_locationcreated,video_diggcount,video_sharecount,video_commentcount,video_playcount,video_description,video_is_ad,video_stickers,author_username,author_name,author_followercount,author_followingcount,author_heartcount,author_videocount,author_diggcount,author_verified,poi_name,poi_address,poi_city
7245728383605296427,2023-06-17T14:46:59,15,US,350500,41900,3027,2800000,Might be the best song ever #couples #couplecomedy #couplestiktok #dadrock #aliceinchains ,False,,thedylanporter,Dyl,,,,,,False,,,
7407249719979707678,2024-08-25T21:12:12,63,US,42400,15800,2910,647800,This one is all me. You know where the full version is… #aliceinchains #yachtrock #werocktogether ,False,,mrprofessor318,Nick Harrison,,,,,,True,,,
7395587956448251178,2024-07-25T10:58:30,11,US,397100,7213,11000,5500000,Thanks Dad and AiC for writing Nutshell #fypシ゚ #foryoupage #aliceinchains #aliceinchainsnutshell #aic #nutshell ,False,,jt_jasinski,jt_jasinski,,,,,,False,,,
7256841032938147078,2023-07-17T13:29:32,28,CA,22300,396,198,265500,#fyp #music #musictok #aliceinchains #grunge #90smusic #rockmusic #livemusic #concert #30daysongchallenge ,False,,jpthemusicenjoyer,jpthemusicenjoyer,,,,,,False,,,
7292910280101711135,2023-10-22T18:16:48,58,US,223200,5017,2019,2600000,Layne staley is one of the best singers ever. #live #90s #aliceinchains #concert #aic #foryou #rock #music #guitar #singer #viral #trend #nostalgia #fyp ,False,,80scentral,80s Central,,,,,,False,,,
7368876184643489070,2024-05-14T11:23:17,18,US,382300,19000,1697,3600000,⛓️⛓️⛓️ #thatmexicanot#aliceinchains#baycity#houston#foryou#fyp#foryoupage#thatotedits#mexicanot#edit#concert#texas,False,,thatotedits,thatotedits,,,,,,False,,,
7293625282777402654,2023-10-24T16:31:20,59,US,124600,5305,878,1100000,He was sick during the concert. #fyp #live #concert #aliceinchains #rock #grunge #foryou #singer #guitar #90s #nostalgia #viral #trend ,False,,80scentral,80s Central,,,,,,False,,,
7398290595027979563,2024-08-01T17:46:07,165,US,44500,1511,754,595700,This is definitely worth the watch #foryou #aliceinchains #rehab #rock #grunge #90s #music #singer #band #drummer #drums #trend #viral #trending #nostlagia #fypage #foryoupage #guitarist ,False,,80scentral,80s Central,,,,,,False,,,
7395223211337698603,2024-07-24T11:23:08,14,US,89100,4907,4031,1600000,Replying to @melissamihal #aliceinchains #nutshell #laynestaley ,False,,joshhollandband,Josh Holland Band,,,,,,False,,,
7369075688998964523,2024-05-15T00:17:29,59,US,2103,222,19,22500,Sighh.. i love alice in chains.. #aliceinchainsnutshell #aliceinchains #nutshell #grunge #grungemusic #laynestaleyforever #laynestaleyisalegend ,False,,randompersonidkhelp,kylee,,,,,,False,Boobalicious,"Betam Road, Greater London, UB3 1ST, United Kingdom",Hillingdon
7385243056619916576,2024-06-27T13:55:02,22,FR,60500,2200,350,358400,#aliceinchains #nutshell #music #rock ,False,,rocksclassic,Classic Rock🎸,,,,,,False,,,
7367164671708695854,2024-05-09T20:41:39,12,US,11100,119,104,57200,So glad i got to see this song live fr #aliceinchains #grunge #aic #thembones #music #rock #fyp #fypage ,False,,exoticcouch8675309,Layla Ryan !!,,,,,,False,,,
7393774494705356075,2024-07-20T13:41:23,10,US,74200,4267,421,751900,#nutshell #wii #aliceinthechains #aliceinthechains #fyp #fypage #guitar ,False,,relativecleric,🇺🇲🔧VN👑🍻💙,,,,,,False,,,
7383400930013662497,2024-06-22T14:47:13,290,IE,31800,3073,326,170600,#aliceinchains #maninthebox #grunge #music #live #livemusic ,False,,bm2brad,bm2brad,,,,,,False,,,
7352340805471718699,2024-03-30T21:57:43,161,US,5568,276,80,67800,"ALICE IN CHAINS- Man In The Box Clash Of The Titans Tour '91 Costa Mesa, California #seattle #grunge #laynestaley #aliceinchains #shadowbanned ",False,,thegrungeyitalian,✨️𝓐𝓶𝔂𝓵𝓸𝓾✨️,,,,,,False,Costa Mesa,"California, United States",
7408154894881918241,2024-08-28T07:44:39,95,DE,15900,2274,302,161300,"🔥Metallica - ""Would?"" Cover, by Alice In Chains🔥 @metallica @aliceinchains  #metallica #aliceinchains #would? #cover #jameshetfield #papahet #kirkhammett #roberttrujillo #larsulrich #metallicacover #metal #fy #fyp #foryou #viral #goviral #fürdich #viralvideo #fyppppppppppppppppppppppp ",False,,andre.lost,🇷🇺André,,,,,,False,Metallica,"Via Novalesa, 10139 Torino, Italia",Turin
7183674352758426885,2023-01-01T08:25:27,14,GB,30600,1395,149,677300,"Layne was so impressive, best vocalist ever #aliceinchains #laynestaley #maninthebox #aic ",False,,bleed.the.fre4k,poppy,,,,,,False,,,
7343351748251340078,2024-03-06T15:35:52,350,US,36900,2728,754,489500,"Alice In Chains - Down in a Hole (MTV Unplugged, 1996) #AliceInChains #LayneStaley #DowninaHole #MTVUnplugged #90s #Grunge 🎸🤘",False,,cadinho_93,Cadinho93,,,,,,False,,,
7216831448467246341,2023-03-31T17:51:56,57,GB,39300,1873,418,478800,Layne was too good for this world. LSMS🤎 #aliceinchains #fyp #laynestaley #jerrycantrell #seankinney #mikestarr #mikeinez #nutshell ,False,,yardofblondies,Ruby🎧,,,,,,False,,,
7372000133275209003,2024-05-22T21:25:40,8,US,36500,1468,117,207200,layne would be proud #aliceinchains #laynestaley #dirt #aic #grunge #rock #90s ,False,,andy_elz,andy,,,,,,False,,,
7127845848200793386,2022-08-03T22:42:19,20,US,20900,472,435,351300,"This summer, we’re back. In just one week we’re coming to a U.S. city near you. We can’t wait to get out there and share music with our fans again. Get tickets & VIP now. #aliceinchains #aic #summertour",False,,aliceinchains,aliceinchains,,,,,,True,,,
7356190234918292753,2024-04-10T06:55:17,91,TH,9944,633,98,98600,Would? - Alice In Chains #wouldaliceinchains #aliceinchainswould #aliceinchains #would? #rock #alternative #music #song #fyp #tiktok #longervideos #เพลงฮิต #คลิปเพลง ,False,,soundofmonster,Sound of Monster,,,,,,False,Bangkok,Thailand,
7143719657365622058,2022-09-15T17:20:58,30,US,65500,1437,1021,631600,“Would?” live performance from ’93 on @BBC's “Later with Jools Holland” is now available on our YouTube channel in HD. This was one of our first performances with Mike Inez. Watch at the link in bio. #Dirt30,False,,aliceinchains,aliceinchains,,,,,,True,,,
7397261056793496863,2024-07-29T23:11:08,18,US,5279,208,49,23900,#fyp #aliceinchains #cole #dog #truck #rock #foryoupage ,False,,ant_woods6996,Anthony woods,,,,,,False,Big Dick's Pizzeria,"270 Dahlia St, Pahrump, NV 89048, United States",Pahrump
7410154009043930401,2024-09-02T17:02:15,10,GB,306,5,15,2367,Alice in Chains all the way!!! #aliceinchains #90sgrunge #grunge #grungemakeup #grungefashion #AiC #90s #aliceinchainsforever #softgrunge #bandteeoutfit ,False,,90sjunkhead,Bre,,,,,,False,,,
7210507179646815494,2023-03-14T16:50:31,8,NL,30800,372,534,439000,"Replying to @Tom M  Alice In Chains ~ “Dirt” (1992) Genre: Hard Rock,  Grunge #aliceinchains#hardrock#rock#grunge#dirt#aliceinchainsdirt#dirtaliceinchains#1992#grungerock#music#musictok#album#albums#song#songs#band#artist#ranking#review#albumreview#albumranking#sophiereviewss#rockband#fy#fyp#fypage#fypシ#viral",False,,sophiereviewss,Album Reviews & More,,,,,,False,,,
7391141100674632990,2024-07-13T11:22:39,15,US,106300,4059,5462,1100000,Always a rock girly 🫶🏼 #vocals #vocalist #aliceinchains #laynestaley #rock ,False,,sarahblanco521,.,,,,,,False,,,
7343010660399287594,2024-03-05T17:31:48,59,US,14500,873,205,99500,#aliceinchains #bleedthefreak #heresgranny ,False,,dinalu64,DinaLu,,,,,,False,,,
7307257906100030766,2023-11-30T09:13:15,29,US,113600,6012,1087,932600,It happens sometimes #aliceinchains #nutshell  #aliceinchainsnutshell #tearjerker #grunge #grungeforever #90snostalgia #90smusic #90s #dadrock #CapCut #pov #jackbauer #jackbauermeme meme ,False,,dadvibes.82,Dad Vibes & Stuff,,,,,,False,United States,North America,
7405699715863563562,2024-08-21T16:57:20,37,US,4270,3257,81,100900,Don’t Fear the Reapers Band at Lowes. 💀🤘🏼🎸🎤 #lowes #halloween #halloweendecor #animatronic #spookyseason #spookyszn #halloweentok #spookytok #aic #aliceinchains  #halloweenvibes ,False,,nostalgicoctober,Nostalgic 🎃 October,,,,,,False,Louisiana,United States,
7371168667012205829,2024-05-20T15:39:09,46,BR,2776,190,38,30600,ALICE IN CHAINS - Them Bones (Legendado/Lyrics) Ano: 1992 Album: Dirt #aliceinchains  #rock #grunge  #90s ,False,,midnightaxe,Midnight Axe,,,,,,False,Sao Paulo,Brazil,
7322853273575099690,2024-01-11T09:50:51,54,US,194700,4951,2420,942200,“Man in the Box” Alice In Chains #maninthebox #aliceinchains,False,,reneeflamand,Renée  Flamand,,,,,,False,,,
7392849367847193887,2024-07-18T01:51:36,12,US,10300,524,61,55200,WHAT I SEE ISSS UNREAAAALLLLL #aliceinchains #rottenapple #jarofflies #laynestayley #jerrycantrell #mikestarr #seankinney #grunge #90s #fy #aic ,False,,l1ve.thr0ugh.th1s,m,,,,,,False,,,
7348444650925034785,2024-03-20T09:58:26,5,HR,403800,36900,1351,1800000,I'm not a boy anymore #cowboy #outlaw #western #wildwest #gothicwest #rdr2 #leatherboots #literallyme #real #grunge #aliceinchains ,False,,lynchdemon,Lynch Demon,,,,,,False,,,
video_id,video_timestamp,video_duration,video_locationcreated,video_diggcount,video_sharecount,video_commentcount,video_playcount,video_description,video_is_ad,video_stickers,author_username,author_name,author_followercount,author_followingcount,author_heartcount,author_videocount,author_diggcount,author_verified,poi_name,poi_address,poi_city
7409714630450351406,2024-09-01T12:37:12,89,US,251100,41200,1151,1300000,USC Football’s social team needs a raise 🤯 (via @USC Football ✌️) #college #football #collegefootball #ncaa #ncaafootball #cfb #usc #uscfootball #usctrojansfb #universityofsoutherncalifornia #trojanfootball #trojansfootball #hypevideo ,False,,betr,Betr,,,,,,True,,,
7302917570724646174,2023-11-18T16:30:10,6,US,370600,4894,1305,5000000,we’re happier that @Olivia Rodrigo is cheering for us 🤩 #oliviarodrigo #usc #collegefootball,False,,usc.athletics,USC Athletics,,,,,,True,University of Southern California,"Los Angeles, CA 90007, United States",Los Angeles
7409840696615603486,2024-09-01T20:46:31,13,US,3776,248,74,60800,kyron ware-hudson said gimme dat 🤯✌️‼️ #usc #uscfootball #kyronwarehudson ,False,,usc.athletics,USC Athletics,,,,,,True,,,
7410066043110051118,2024-09-02T11:20:54,14,US,34300,757,748,642800,"Never forget when LSU did this in the White House in 2019 🔥 (via Coach_Henny/X, Jayy_Phillips95/X) #collegefootball #football #cfb #usc #nfl ",False,,bleacherreport,bleacherreport,,,,,,True,,,
7409879581395619118,2024-09-01T23:17:17,16,US,27600,417,399,530400,TROJANS GET THE WIN IN THEIR SEASON OPENER ‼️ #collegefootball #cfb #football #usc ,False,,bleacherreport,bleacherreport,,,,,,True,,,
7409826241731153183,2024-09-01T19:50:25,10,US,1611,56,23,14900,LFG @USC Football ✌️ #uscfootball #usc #ncaafootball ,False,,usc.athletics,USC Athletics,,,,,,True,,,
7409846465863994670,2024-09-01T21:08:48,18,US,863,9,5,10100,DON’T LET THE FORMER 5⭐ GET HOT😤 #fyp #viral #football #footballtiktok #cfb #usc #rivals ,False,,rivalsdotcom,Rivals,,,,,,True,,,
7407868702307274015,2024-08-27T13:14:23,10,US,19800,56,225,150500,Second day of skwel #usc ,False,,isabellastrahan,Isabella Strahan,,,,,,False,,,
7403089358057704746,2024-08-14T16:07:47,89,US,5691,154,71,74500,Replying to @chanty ✩ things you should know about usc! #usc #college #collegelife #universityofsoutherncalifornia  #collegeapplications ,False,,emliseee,elise,,,,,,False,Los Angeles,"Los Angeles, United States",
7295842825051180319,2023-10-30T15:56:33,24,US,995000,3984,3280,9800000,worth the wait… 😆 #usc #collegebasketball #bronny ,False,,usc.athletics,USC Athletics,,,,,,True,,,
7401959304879934766,2024-08-11T15:02:37,15,US,358800,42700,2620,5100000,YEAH! YEAH! GO KAPPA! 💙🩵 • • • #southcarolina #kappakappagamma #kappatok #usckappa #sorority #rushtok #uofscgreeklife #blueandblue #itsablueworld #uofsc #usc #sec #secrush  ,False,,usckkg,Kappa Kappa Gamma USC,,,,,,False,Kappa Kappa Gamma University of South Carolina,"520 Lincoln St, Columbia, SC, United States",Columbia
7408308463081753887,2024-08-28T17:40:44,21,US,3704,382,71,87900,wdym it’s not normal? #USC #WelcomeWeek #BackToSchool,False,,uscedu,usc,,,,,,True,University of Southern California,"Los Angeles, CA 90007, United States",Los Angeles
7189089509869554990,2023-01-15T22:39:08,27,US,19700,357,146,124900,we just wanna rock 😎🎸#collegefootball #uscfootball #usc #cfb #football ,False,,uscfb,USC Football ✌️,,,,,,True,,,
7247570014243392810,2023-06-22T13:53:23,9,US,662600,6790,1761,6100000,when they say they’re not showing up to galen center this season… #usc #sideeye #collegebasketball,False,,usc.athletics,USC Athletics,,,,,,True,University of Southern California,"Los Angeles, CA 90007, United States",Los Angeles
7410096441122688302,2024-09-02T13:18:50,17,US,8574,238,104,79600,DAMN 😳 #collegefootball #cfbonfox #usc #lsu ,False,,cfbonfox,CFB on FOX,,,,,,True,,,
7340191537600433414,2024-02-27T03:12:04,170,PH,4799,53,74,67800,Wondering about the life of a First Year USC Psychology student? Here's a sneak peak! 👀 #TatakUSCPsycSoc #ItsMoreFuninUSCPsyc #ShapingMindsChangingLives #USC ,False,,usc_psycsoc,USC PSYCHOLOGY SOCIETY,,,,,,False,,,
7400971351202385198,2024-08-08T23:08:50,7,US,232200,12300,1069,2300000,Good luck getting past him 🤯💪 (via chrisntrevino/X) #usc #uscfootball #collegefootball #sports ,False,,bleacherreport,bleacherreport,,,,,,True,,,
7409119938792656158,2024-08-30T22:09:34,63,US,540,24,4,11500,"they came, they saw, they slayed 🤭 #FirstWeekOfClass #USC #College #StudentLife #Freshman",False,,uscedu,usc,,,,,,True,University of Southern California,"Los Angeles, CA 90007, United States",Los Angeles
7409880882137320746,2024-09-01T23:22:20,12,US,152,547,7,4193,Fight On USC Trojans! #usc #uscfootball #usctrojans #ncaafootball #uscvslsu @USC Athletics @USC Football ✌️ ,False,,jemthebaker,Baker Raiderette,,,,,,False,Allegiant Stadium,"Paradise, Clark, Nevada 89118, USA",Las Vegas
7410148190281813291,2024-09-02T16:39:38,22,US,36,0,1,470,#greenscreen  USC Defense looks different #uscfootball #collegefootball ,False,,coachreedlive,Carl Reed Jr.,,,,,,False,,,
7409812503703850286,2024-09-01T18:57:00,13,US,53900,315,156,321200,#USC #Football #Fans #CFB #CollegeFootball ,False,,espn,ESPN,,,,,,True,,,
7409910073692114219,2024-09-02T01:15:40,379,US,1670,145,241,19000,USC 27 LSU 20  #fyp #foryoupage #cfb #collegefootball #sports #football #lsu #lsutigers #usc #usctrojans #lasvegas ,False,,lachellesmith_,Lachelle Smith,,,,,,False,,,
7408669625967332639,2024-08-29T17:02:06,32,US,670,45,10,13300,@Duolingo are you proud 🤭 Drop a language we missed and we’ll be back with Part 2! #WelcomeTrojans #Duolingo #Languages #USC,False,,uscedu,usc,,,,,,True,University of Southern California,"Los Angeles, CA 90007, United States",Los Angeles
7410136604775386374,2024-09-02T15:54:49,29,US,173,5,3,2025,The USC locker room was BUZZING after last night’s game 😂🔥 [via Coach_Henny/X],False,,thescore,thescore,,,,,,True,,,
7391220248046767391,2024-07-13T16:29:48,12,US,327500,8995,890,2500000,@_Its.Favor 😛😛 #usc ,False,,jadyn_livings,Jadyn_Livings,,,,,,False,Los Angeles California Temple,"10777 Santa Monica Blvd, Los Angeles, CA 90025, United States",Los Angeles
7353830498772208938,2024-04-03T22:18:29,14,US,237900,3258,645,1100000,the way this isnt even the half 😭 i have to remake this #usc #universityofsoutherncalifornia #gradschool #college #mastersdegree,False,,timaaaah_,Fatimah 🧸🪤,,,,,,False,,,
7292045986393001262,2023-10-20T10:22:53,15,US,550400,2453,2137,6800000,"Man, can’t wait for this new era. #bronny #bronnyjames #slam #usc ",False,,slam,SLAM,,,,,,True,,,
7410170731260054827,2024-09-02T18:07:06,12,US,6719,44,56,188800,#ToyStory #WoodyMarks #Woody #Name #CFB #USC ,False,,espn,ESPN,,,,,,True,,,
7271838161355967775,2023-08-26T23:26:22,11,US,11600,141,48,109500,The #USC freshman celebrated after his 96-yd #touchdown 🔥 (via @USC Athletics) #football #crb #siu ,False,,collegegameday,College GameDay,,,,,,True,,,
7361918105183866154,2024-04-25T17:22:25,10,US,218800,621,1766,1500000,i hate it here #usc ,False,,paui.nc,paulene ᯓᡣ𐭩,,,,,,False,University of Southern California,"Los Angeles, CA 90007, United States",Los Angeles
7361899957562969375,2024-04-25T16:13:33,153,US,389500,26500,23000,4700000,just so upsetting and disappointing #fyp #usc #uscgraduation ,False,,gracieflynn12,gracie,,,,,,False,University of Southern California,"Los Angeles, CA 90007, United States",Los Angeles
7326903948739104043,2024-01-22T07:50:46,6,US,418000,5206,1764,2500000,black uni = best uni #trackandfield #usctrackandfield #usctrack #mediaday #trackgirl ,False,,lauren.j.reed,boogie,,,,,,False,,,
7299580765417770282,2023-11-09T16:41:40,41,US,6311,149,37,233700,"We’re three weeks away from classes ending, and Trojans are reflecting on their mid-semester pros 👍and cons 🙅. 🎥 Mia Nuñez, Tammy Pant",False,,annenbergmedia,Annenberg Media,,,,,,False,University of Southern California,"Los Angeles, CA 90007, United States",Los Angeles
7410159872643271966,2024-09-02T17:25:08,75,US,82,1,12,1020,promising start from USC #USC #collegefootball #LSU ,False,,gabvitale,gabriela vitale,,,,,,False,,,
7223820902792711467,2023-04-19T13:54:57,13,US,419400,57000,1429,3100000,#usc #college #collegetok #collegegotmelike #joebiden #collegememories #collegemidterms #collegefinals #universityofsoutherncalifornia #co2027 #usc2027 ,False,,stephaniedchen,Stephanie Chen,,,,,,False,,,
video_id,video_timestamp,video_duration,video_locationcreated,video_diggcount,video_sharecount,video_commentcount,video_playcount,video_description,video_is_ad,video_stickers,author_username,author_name,author_followercount,author_followingcount,author_heartcount,author_videocount,author_diggcount,author_verified,poi_name,poi_address,poi_city
7409871330184531230,2024-09-01T22:45:18,76,US,589300,19000,4485,2500000,HE REALLY DID IT 🥹🥹♥️♥️♥️♥️ #ddg #halo ,False,,pontiacmadeddg,DDG,,,,,,True,,,
7388697347250769183,2024-07-06T21:19:37,10,US,923800,37100,9785,7600000,"+1,000,000 Aura 🥹😭🔥 Proud father #ddg #fyp #babyhalo ",False,,pontiacmadeddg,DDG,,,,,,True,,,
7404951616446549279,2024-08-19T16:34:27,58,US,1000000,26600,7287,4900000,#ddg #halo | halo is shutting down those allegations!,False,,cxhdailys,- nicole ˚ ༘ ೀ⋆｡˚,,,,,,False,My Happy Place,"Boat Canyon Wellness Center, 610 N Coast Hwy Suite 204, Laguna Beach, CA 92651, United States",Laguna Beach
7404960935556681003,2024-08-19T17:10:27,29,US,506200,19100,1641,3200000,that slap was personal 😭 #hallexddgfam #halle #ddg #halo #hallebailey #pontiacmadeddg #babyhalo #fyp ,False,,hallexddgfam,‘ 𝐝𝐫𝐞𝐚 . ♡︎☆,,,,,,False,,,
7406114704826846494,2024-08-22T19:47:45,14,US,1300000,26400,6828,6400000,puttin my son onto real old school music 💯,False,,pontiacmadeddg,DDG,,,,,,True,,,
7409887193210064171,2024-09-01T23:46:51,59,US,20300,84,50,176800,W bf and W son 🥹 | go stream #hallexddgfam #pontiacmadeddg #hallebailey #babyhalo #ddg #halo #fyp ,False,,hallexddgfam,‘ 𝐝𝐫𝐞𝐚 . ♡︎☆,,,,,,False,,,
7359673485200854315,2024-04-19T16:12:22,59,US,44600,246,58,430300,I just came across this clip. Baby Halo will be able to play video games with Woo Wop one day😊 #ddg #ddgaprilcontent #trending #trendingvideos #viral #fyp #foryoupage #woowop #babies #manifesting ,False,,ddg4lclips,DDG4LClips,,,,,,False,California,United States,
7410101608698170657,2024-09-02T13:38:58,10,KE,14400,1754,64,64200,LAST ONE I SWEAR🫶😂😂😂😂#babyhalo #ddg #halomemes #baby #fypシ゚ #foryoupage #fyppppppppppppppppppppppp #trending ,False,,gaderfyy,.,,,,,,False,,,
7310795444341198122,2023-12-09T22:00:20,10,US,609400,724,1135,5300000,rate our dance skills 😂😂🔥 @theyenvybrooklyn #ddg #fyp #shedontplay “SHE DONT PLAY” 12/15!!!,False,,pontiacmadeddg,DDG,,,,,,True,,,
7357903407333625131,2024-04-14T21:43:25,66,US,875100,33800,4561,9300000,THE TRUTH ABOUT DDG REAL VOICE...💔 (REACTION) #cloutynaz #ddg #pontiacmadeddg #ddgaprilcontent #reaction ,False,,cloutynaz,Clouty Naz,,,,,,False,,,
7358873004614503723,2024-04-17T12:26:18,29,US,237800,2494,730,2100000,This is where it all started!😁 #ddg #ddgaprilcontent #trendingvideo #trending #viral #fyp #foryoupage #babies #woowop #cute #newborn #tiktok ,False,,ddg4lclips,DDG4LClips,,,,,,False,,,
7355976410168675617,2024-04-09T17:05:31,100,GB,1000000,16900,2146,7600000,Why was Halo crying like that 😭 #ddg #pontiacmadeddg #ddgfamily #halo #hallebailey #thelittlemermaid #woowop #rapper #disney #trending #viral #fyp #xyzbca #fypシ #ddgaprilcontent @DDG ,False,,bagtheplug,BagThePlug,,,,,,False,,,
7369379886227541290,2024-05-15T19:57:52,23,US,112200,930,778,1500000,DDG will no longer post content with Halle & Halo #ddg #hallebailey #halo #fypシ゚viral #ddgmaycontent #ddgpontiacmade #vlogs ,False,,ddgwrld3,ddgwrld,,,,,,False,,,
7410256517087137054,2024-09-02T23:40:07,113,US,26,0,0,530,😂😂😂#fypage #viralvideo #twitch #deshaefrost #nadiajocelyn #twitch #ddg#dubfamily #funnyclip🤣🤣 #relatable #real #povs #fyppppppppppppppppppppppp #live ,False,,viralllclips0,Viralllclips,,,,,,False,,,
7410255906430143774,2024-09-02T23:37:49,53,US,49,2,0,822,deshae might be nadia next boyfriend 👀 #deshaefrost #nadiajocelyn #fyp #fyppppppppppppppppppppppp #viral #trending #ddg ,False,,wisedclip,wisedclip,,,,,,False,,,
7401983738059525419,2024-08-11T16:37:25,43,US,116800,2364,411,902700,DDG gives Halo 10k 😂 @DDG @halle  #ddg #pontiacmadeddg #ddgpontiacmade #halle #hallebailey #halo #babyhalo #chloebailey #chloe #woowop #trending #fyp #foryou #love #lovestory #cute #relationship #youtube #snapchat #2021 #2024 #blueface #baby #reallove #crying #music #rap #rnb #actor #acting #movie #tIm #thelittlemermaid #tiktok #littlemermaid ##10k##money ##adorable##givingback#j#job#m#mermaidd#disneyv#viral,False,,shmoneymo5,show me da shmoney,,,,,,False,,,
7333483818340568366,2024-02-09T01:23:48,6,US,1800000,3023,3757,10800000,infinite money glitch 😂 #ddg #fyp #woowop ,False,,pontiacmadeddg,DDG,,,,,,True,,,
7401253011751996718,2024-08-09T17:21:50,26,US,77700,180,245,656900,nah dad ddg different💀 he siad yall hotta gtfo😭 #foryou #viral #fypシ゚viral #ddg #dubfamily #ddgpontiacmade #halo ,False,,clipsmadeddg,ClipsMadeDDG,,,,,,False,,,
video_id,video_timestamp,video_duration,video_locationcreated,video_diggcount,video_sharecount,video_commentcount,video_playcount,video_description,video_is_ad,video_stickers,author_username,author_name,author_followercount,author_followingcount,author_heartcount,author_videocount,author_diggcount,author_verified,poi_name,poi_address,poi_city
7410416936250510622,2024-09-03T10:02:36,8,US,19,2,1,244,❗️FOLLOW STEPS ON PROFILE FOR MORE ❗️#dukedennis #dukedennisfunny #ampdukedennis #dukedennislive #dukedennissneakershoppingkaicenat #dukeandkai #kaicenatfunny #funny #amp #fyp #funny #edit #trend #love #toryourpage #fyppppppppppppppp #capcut #viraltiktok #blowthisup #robloxfyp #robloxmemes #nostalgia #gravityfalls #itendswithus #billcipher #ifondo #itendswithusmovie #blakelively #rushtok #colleenhoover #bookofbill #tgif #novelshort #kingvon #bamarush #happyfriday #theumbrellaacademy #tiktokbacktoschool #rush #lospollostv #itendswithusbook #sorority #fridayvibes #chatgpt #umbrellaacademy #fivehargreeves #tua #mm2fyp #costcoguys #workweek #careshaplease #viernes #курск #d23 #shacarririchardson #bo6 #justinbaldoni #arshadnadeem #lilybloom #breakdancing #borderlands #reflection #Preseason #recruitment #dailyprayer #whitneyhouston #therizzler #breakdance #privatelabeltest #airball #cucumbersalad #loveshackfancy #robloxfy #sororityrecruitment #blueface #friyay #shawnmendes #bamarushtok #bigjustice #yungmiami #jamielee #808 #ohyes #dipper #shanteltessier #starbandz #madness #aidangallagher #leagueoflegend #diegohargreeves #mevale #billford #klaushargreeves #emilie #gravityfallsbill #joemilton #matpat #d23expo #five #rushready #saopaulo #saucysantana #dragonforce #pigtails #caresha #babybill #ilapitts #us803 #nationalbookloversday #riots #nflpreseason #fordpines #moveinday #stanleypines #meperdientusojos #esb #us804 #newenglandpatriots #lutherhargreeves #allisonhargreeves #mabel #wicked #beetlejuice #michaelkeaton #jennaortega #winonaryder #sabrinacarpenter #shortnsweet #september #fall #autumn #halloween #spooktober #oasis #liamgallagher #noelgallagher #definitelymaybe #reunion #freakyfriday #wizardsbeyondwaverlyplace #characterai #prank #prankcall #ai ,False,,jimtenjpuxz,jimtenjpuxz,,,,,,False,,,
7410416752053456174,2024-09-03T10:01:49,8,US,11,3,2,305,❗️FOLLOW STEPS ON PROFILE FOR MORE ❗️#dukedennis #dukedennisfunny #ampdukedennis #dukedennislive #dukedennissneakershoppingkaicenat #dukeandkai #kaicenatfunny #funny #amp #fyp #funny #edit #trend #love #toryourpage #fyppppppppppppppp #capcut #viraltiktok #blowthisup #robloxfyp #robloxmemes #nostalgia #gravityfalls #itendswithus #billcipher #ifondo #itendswithusmovie #blakelively #rushtok #colleenhoover #bookofbill #tgif #novelshort #kingvon #bamarush #happyfriday #theumbrellaacademy #tiktokbacktoschool #rush #lospollostv #itendswithusbook #sorority #fridayvibes #chatgpt #umbrellaacademy #fivehargreeves #tua #mm2fyp #costcoguys #workweek #careshaplease #viernes #курск #d23 #shacarririchardson #bo6 #justinbaldoni #arshadnadeem #lilybloom #breakdancing #borderlands #reflection #Preseason #recruitment #dailyprayer #whitneyhouston #therizzler #breakdance #privatelabeltest #airball #cucumbersalad #loveshackfancy #robloxfy #sororityrecruitment #blueface #friyay #shawnmendes #bamarushtok #bigjustice #yungmiami #jamielee #808 #ohyes #dipper #shanteltessier #starbandz #madness #aidangallagher #leagueoflegend #diegohargreeves #mevale #billford #klaushargreeves #emilie #gravityfallsbill #joemilton #matpat #d23expo #five #rushready #saopaulo #saucysantana #dragonforce #pigtails #caresha #babybill #ilapitts #us803 #nationalbookloversday #riots #nflpreseason #fordpines #moveinday #stanleypines #meperdientusojos #esb #us804 #newenglandpatriots #lutherhargreeves #allisonhargreeves #mabel #wicked #beetlejuice #michaelkeaton #jennaortega #winonaryder #sabrinacarpenter #shortnsweet #september #fall #autumn #halloween #spooktober #oasis #liamgallagher #noelgallagher #definitelymaybe #reunion #freakyfriday #wizardsbeyondwaverlyplace #characterai #prank #prankcall #ai ,False,,jimtenotve2,jimtenotve2,,,,,,False,,,
7410417131470294302,2024-09-03T10:03:23,8,US,20,3,0,224,❗️FOLLOW STEPS ON PROFILE FOR MORE ❗️#dukedennis #dukedennisfunny #ampdukedennis #dukedennislive #dukedennissneakershoppingkaicenat #dukeandkai #kaicenatfunny #funny #amp #fyp #funny #edit #trend #love #toryourpage #fyppppppppppppppp #capcut #viraltiktok #blowthisup #robloxfyp #robloxmemes #nostalgia #gravityfalls #itendswithus #billcipher #ifondo #itendswithusmovie #blakelively #rushtok #colleenhoover #bookofbill #tgif #novelshort #kingvon #bamarush #happyfriday #theumbrellaacademy #tiktokbacktoschool #rush #lospollostv #itendswithusbook #sorority #fridayvibes #chatgpt #umbrellaacademy #fivehargreeves #tua #mm2fyp #costcoguys #workweek #careshaplease #viernes #курск #d23 #shacarririchardson #bo6 #justinbaldoni #arshadnadeem #lilybloom #breakdancing #borderlands #reflection #Preseason #recruitment #dailyprayer #whitneyhouston #therizzler #breakdance #privatelabeltest #airball #cucumbersalad #loveshackfancy #robloxfy #sororityrecruitment #blueface #friyay #shawnmendes #bamarushtok #bigjustice #yungmiami #jamielee #808 #ohyes #dipper #shanteltessier #starbandz #madness #aidangallagher #leagueoflegend #diegohargreeves #mevale #billford #klaushargreeves #emilie #gravityfallsbill #joemilton #matpat #d23expo #five #rushready #saopaulo #saucysantana #dragonforce #pigtails #caresha #babybill #ilapitts #us803 #nationalbookloversday #riots #nflpreseason #fordpines #moveinday #stanleypines #meperdientusojos #esb #us804 #newenglandpatriots #lutherhargreeves #allisonhargreeves #mabel #wicked #beetlejuice #michaelkeaton #jennaortega #winonaryder #sabrinacarpenter #shortnsweet #september #fall #autumn #halloween #spooktober #oasis #liamgallagher #noelgallagher #definitelymaybe #reunion #freakyfriday #wizardsbeyondwaverlyplace #characterai #prank #prankcall #ai ,False,,jimtejbtzb2,jimtejbtzb2,,,,,,False,,,
7410416975714831647,2024-09-03T10:02:45,8,US,21,3,0,257,❗️FOLLOW STEPS ON PROFILE FOR MORE ❗️#dukedennis #dukedennisfunny #ampdukedennis #dukedennislive #dukedennissneakershoppingkaicenat #dukeandkai #kaicenatfunny #funny #amp #fyp #funny #edit #trend #love #toryourpage #fyppppppppppppppp #capcut #viraltiktok #blowthisup #robloxfyp #robloxmemes #nostalgia #gravityfalls #itendswithus #billcipher #ifondo #itendswithusmovie #blakelively #rushtok #colleenhoover #bookofbill #tgif #novelshort #kingvon #bamarush #happyfriday #theumbrellaacademy #tiktokbacktoschool #rush #lospollostv #itendswithusbook #sorority #fridayvibes #chatgpt #umbrellaacademy #fivehargreeves #tua #mm2fyp #costcoguys #workweek #careshaplease #viernes #курск #d23 #shacarririchardson #bo6 #justinbaldoni #arshadnadeem #lilybloom #breakdancing #borderlands #reflection #Preseason #recruitment #dailyprayer #whitneyhouston #therizzler #breakdance #privatelabeltest #airball #cucumbersalad #loveshackfancy #robloxfy #sororityrecruitment #blueface #friyay #shawnmendes #bamarushtok #bigjustice #yungmiami #jamielee #808 #ohyes #dipper #shanteltessier #starbandz #madness #aidangallagher #leagueoflegend #diegohargreeves #mevale #billford #klaushargreeves #emilie #gravityfallsbill #joemilton #matpat #d23expo #five #rushready #saopaulo #saucysantana #dragonforce #pigtails #caresha #babybill #ilapitts #us803 #nationalbookloversday #riots #nflpreseason #fordpines #moveinday #stanleypines #meperdientusojos #esb #us804 #newenglandpatriots #lutherhargreeves #allisonhargreeves #mabel #wicked #beetlejuice #michaelkeaton #jennaortega #winonaryder #sabrinacarpenter #shortnsweet #september #fall #autumn #halloween #spooktober #oasis #liamgallagher #noelgallagher #definitelymaybe #reunion #freakyfriday #wizardsbeyondwaverlyplace #characterai #prank #prankcall #ai ,False,,jimtenjpuxz,jimtenjpuxz,,,,,,False,,,
7410152612231679274,2024-09-02T16:56:48,8,US,12,12,0,428,#dukedennis #dukedennisfunny #ampdukedennis #dukedennislive #dukedennissneakershoppingkaicenat #dukeandkai #kaicenatfunny #funny #amp #fyp #funny #edit #trend #love #foryourpage #fyppppppppppppppppppppppp #capcut #viraltiktok #blowthisup #robloxfyp #robloxmemes #nostalgia #gravityfalls #itendswithus #billcipher #ifondo #itendswithusmovie #blakelively #rushtok #colleenhoover #bookofbill #tgif #novelshort #kingvon #bamarush #happyfriday #theumbrellaacademy #tiktokbacktoschool #rush #lospollostv #itendswithusbook #sorority #icespice #icespicememes #fyp #icespicevsnickiminaj #kaicenat #kaicenatlivestream #kaicenatlive #best #music #moves #games #memes #jokes #arshadnadeem #ilybloom #breakdancing #aftereffects #onlinevideoediting #videotemplate #football #edit #4k #borderlands #reflection #Preseason #recruitment #dailyprayer #whitneyhouston #therizzler #breakdance #privatelabeltest #airball #cucumbersalad #loveshackfancy #robloxfy #sororityrecruitment #blueface #friyay #shawnmendes #bamarushtok #bigjustice #yungmiami #jamielee #808 #ohyes #dipper #shanteltessier #starbandz #madness #aidangallagher #leagueoflegend #diegohargreeves #mevale #billford #klaushargreeves #emilie #gravityfallsbill #joemilton #matpat #d23expo #five #rushready #saopaulo #saucysantana #dragonforce #pigtails #caresha #babybill #ilapitts #US803 #nationalbookloversday #riots #nf|preseason #fordpines #moveinday #stanleypines #meperdientusojos #esb #US804 #fishing #bassfishing #kayakfishing #michiganfishing #kayakbassfishing #basskayakfishing #alaska #topwater #bass #loveit #ohya #mattiegtv #newenglandpatriots #lutherhargreeves #allisonhargreeves #mabel ,False,,g646221,g,,,,,,False,,,
7410416786153262379,2024-09-03T10:01:57,8,US,11,6,0,347,❗️FOLLOW STEPS ON PROFILE FOR MORE ❗️#dukedennis #dukedennisfunny #ampdukedennis #dukedennislive #dukedennissneakershoppingkaicenat #dukeandkai #kaicenatfunny #funny #amp #fyp #funny #edit #trend #love #toryourpage #fyppppppppppppppp #capcut #viraltiktok #blowthisup #robloxfyp #robloxmemes #nostalgia #gravityfalls #itendswithus #billcipher #ifondo #itendswithusmovie #blakelively #rushtok #colleenhoover #bookofbill #tgif #novelshort #kingvon #bamarush #happyfriday #theumbrellaacademy #tiktokbacktoschool #rush #lospollostv #itendswithusbook #sorority #fridayvibes #chatgpt #umbrellaacademy #fivehargreeves #tua #mm2fyp #costcoguys #workweek #careshaplease #viernes #курск #d23 #shacarririchardson #bo6 #justinbaldoni #arshadnadeem #lilybloom #breakdancing #borderlands #reflection #Preseason #recruitment #dailyprayer #whitneyhouston #therizzler #breakdance #privatelabeltest #airball #cucumbersalad #loveshackfancy #robloxfy #sororityrecruitment #blueface #friyay #shawnmendes #bamarushtok #bigjustice #yungmiami #jamielee #808 #ohyes #dipper #shanteltessier #starbandz #madness #aidangallagher #leagueoflegend #diegohargreeves #mevale #billford #klaushargreeves #emilie #gravityfallsbill #joemilton #matpat #d23expo #five #rushready #saopaulo #saucysantana #dragonforce #pigtails #caresha #babybill #ilapitts #us803 #nationalbookloversday #riots #nflpreseason #fordpines #moveinday #stanleypines #meperdientusojos #esb #us804 #newenglandpatriots #lutherhargreeves #allisonhargreeves #mabel #wicked #beetlejuice #michaelkeaton #jennaortega #winonaryder #sabrinacarpenter #shortnsweet #september #fall #autumn #halloween #spooktober #oasis #liamgallagher #noelgallagher #definitelymaybe #reunion #freakyfriday #wizardsbeyondwaverlyplace #characterai #prank #prankcall #ai ,False,,jimtenotve2,jimtenotve2,,,,,,False,,,
7410418957179456798,2024-09-03T10:10:26,8,US,5,4,0,182,❗️FOLLOW STEPS ON PROFILE FOR MORE ❗️#dukedennis #dukedennisfunny #ampdukedennis #dukedennislive #dukedennissneakershoppingkaicenat #dukeandkai #kaicenatfunny #funny #amp #fyp #funny #edit #trend #love #toryourpage #fyppppppppppppppp #capcut #viraltiktok #blowthisup #robloxfyp #robloxmemes #nostalgia #gravityfalls #itendswithus #billcipher #ifondo #itendswithusmovie #blakelively #rushtok #colleenhoover #bookofbill #tgif #novelshort #kingvon #bamarush #happyfriday #theumbrellaacademy #tiktokbacktoschool #rush #lospollostv #itendswithusbook #sorority #fridayvibes #chatgpt #umbrellaacademy #fivehargreeves #tua #mm2fyp #costcoguys #workweek #careshaplease #viernes #курск #d23 #shacarririchardson #bo6 #justinbaldoni #arshadnadeem #lilybloom #breakdancing #borderlands #reflection #Preseason #recruitment #dailyprayer #whitneyhouston #therizzler #breakdance #privatelabeltest #airball #cucumbersalad #loveshackfancy #robloxfy #sororityrecruitment #blueface #friyay #shawnmendes #bamarushtok #bigjustice #yungmiami #jamielee #808 #ohyes #dipper #shanteltessier #starbandz #madness #aidangallagher #leagueoflegend #diegohargreeves #mevale #billford #klaushargreeves #emilie #gravityfallsbill #joemilton #matpat #d23expo #five #rushready #saopaulo #saucysantana #dragonforce #pigtails #caresha #babybill #ilapitts #us803 #nationalbookloversday #riots #nflpreseason #fordpines #moveinday #stanleypines #meperdientusojos #esb #us804 #newenglandpatriots #lutherhargreeves #allisonhargreeves #mabel #wicked #beetlejuice #michaelkeaton #jennaortega #winonaryder #sabrinacarpenter #shortnsweet #september #fall #autumn #halloween #spooktober #oasis #liamgallagher #noelgallagher #definitelymaybe #reunion #freakyfriday #wizardsbeyondwaverlyplace #characterai #prank #prankcall #ai ,False,,wimtefpvefi,wimtefpvefi,,,,,,False,,,
7410418992570993951,2024-09-03T10:10:33,8,US,6,0,0,179,❗️FOLLOW STEPS ON PROFILE FOR MORE ❗️#dukedennis #dukedennisfunny #ampdukedennis #dukedennislive #dukedennissneakershoppingkaicenat #dukeandkai #kaicenatfunny #funny #amp #fyp #funny #edit #trend #love #toryourpage #fyppppppppppppppp #capcut #viraltiktok #blowthisup #robloxfyp #robloxmemes #nostalgia #gravityfalls #itendswithus #billcipher #ifondo #itendswithusmovie #blakelively #rushtok #colleenhoover #bookofbill #tgif #novelshort #kingvon #bamarush #happyfriday #theumbrellaacademy #tiktokbacktoschool #rush #lospollostv #itendswithusbook #sorority #fridayvibes #chatgpt #umbrellaacademy #fivehargreeves #tua #mm2fyp #costcoguys #workweek #careshaplease #viernes #курск #d23 #shacarririchardson #bo6 #justinbaldoni #arshadnadeem #lilybloom #breakdancing #borderlands #reflection #Preseason #recruitment #dailyprayer #whitneyhouston #therizzler #breakdance #privatelabeltest #airball #cucumbersalad #loveshackfancy #robloxfy #sororityrecruitment #blueface #friyay #shawnmendes #bamarushtok #bigjustice #yungmiami #jamielee #808 #ohyes #dipper #shanteltessier #starbandz #madness #aidangallagher #leagueoflegend #diegohargreeves #mevale #billford #klaushargreeves #emilie #gravityfallsbill #joemilton #matpat #d23expo #five #rushready #saopaulo #saucysantana #dragonforce #pigtails #caresha #babybill #ilapitts #us803 #nationalbookloversday #riots #nflpreseason #fordpines #moveinday #stanleypines #meperdientusojos #esb #us804 #newenglandpatriots #lutherhargreeves #allisonhargreeves #mabel #wicked #beetlejuice #michaelkeaton #jennaortega #winonaryder #sabrinacarpenter #shortnsweet #september #fall #autumn #halloween #spooktober #oasis #liamgallagher #noelgallagher #definitelymaybe #reunion #freakyfriday #wizardsbeyondwaverlyplace #characterai #prank #prankcall #ai ,False,,wimtefpvefi,wimtefpvefi,,,,,,False,,,
7410416513108249886,2024-09-03T10:00:59,8,US,16,4,0,180,❗️FOLLOW STEPS ON PROFILE FOR MORE ❗️#dukedennis #dukedennisfunny #ampdukedennis #dukedennislive #dukedennissneakershoppingkaicenat #dukeandkai #kaicenatfunny #funny #amp #fyp #funny #edit #trend #love #toryourpage #fyppppppppppppppp #capcut #viraltiktok #blowthisup #robloxfyp #robloxmemes #nostalgia #gravityfalls #itendswithus #billcipher #ifondo #itendswithusmovie #blakelively #rushtok #colleenhoover #bookofbill #tgif #novelshort #kingvon #bamarush #happyfriday #theumbrellaacademy #tiktokbacktoschool #rush #lospollostv #itendswithusbook #sorority #fridayvibes #chatgpt #umbrellaacademy #fivehargreeves #tua #mm2fyp #costcoguys #workweek #careshaplease #viernes #курск #d23 #shacarririchardson #bo6 #justinbaldoni #arshadnadeem #lilybloom #breakdancing #borderlands #reflection #Preseason #recruitment #dailyprayer #whitneyhouston #therizzler #breakdance #privatelabeltest #airball #cucumbersalad #loveshackfancy #robloxfy #sororityrecruitment #blueface #friyay #shawnmendes #bamarushtok #bigjustice #yungmiami #jamielee #808 #ohyes #dipper #shanteltessier #starbandz #madness #aidangallagher #leagueoflegend #diegohargreeves #mevale #billford #klaushargreeves #emilie #gravityfallsbill #joemilton #matpat #d23expo #five #rushready #saopaulo #saucysantana #dragonforce #pigtails #caresha #babybill #ilapitts #us803 #nationalbookloversday #riots #nflpreseason #fordpines #moveinday #stanleypines #meperdientusojos #esb #us804 #newenglandpatriots #lutherhargreeves #allisonhargreeves #mabel #wicked #beetlejuice #michaelkeaton #jennaortega #winonaryder #sabrinacarpenter #shortnsweet #september #fall #autumn #halloween #spooktober #oasis #liamgallagher #noelgallagher #definitelymaybe #reunion #freakyfriday #wizardsbeyondwaverlyplace #characterai #prank #prankcall #ai ,False,,jimteeai9gq,jimteeai9gq,,,,,,False,,,
7410281032575929630,2024-09-03T01:15:24,8,US,8,6,0,348,#dukedennis #dukedennisfunny #ampdukedennis #dukedennislive #dukedennissneakershoppingkaicenat #dukeandkai #kaicenatfunny #funny #amp #fyp #funny #edit #trend #love #foryourpage #fyppppppppppppppppppppppp #capcut #viraltiktok #blowthisup #robloxfyp #robloxmemes #nostalgia #gravityfalls #itendswithus #billcipher #ifondo #itendswithusmovie #blakelively #rushtok #colleenhoover #bookofbill #tgif #novelshort #kingvon #bamarush #happyfriday #theumbrellaacademy #tiktokbacktoschool #rush #lospollostv #itendswithusbook #sorority #icespice #icespicememes #fyp #icespicevsnickiminaj #kaicenat #kaicenatlivestream #kaicenatlive #best #music #moves #games #memes #jokes #arshadnadeem #ilybloom #breakdancing #aftereffects #onlinevideoediting #videotemplate #football #edit #4k #borderlands #reflection #Preseason #recruitment #dailyprayer #whitneyhouston #therizzler #breakdance #privatelabeltest #airball #cucumbersalad #loveshackfancy #robloxfy #sororityrecruitment #blueface #friyay #shawnmendes #bamarushtok #bigjustice #yungmiami #jamielee #808 #ohyes #dipper #shanteltessier #starbandz #madness #aidangallagher #leagueoflegend #diegohargreeves #mevale #billford #klaushargreeves #emilie #gravityfallsbill #joemilton #matpat #d23expo #five #rushready #saopaulo #saucysantana #dragonforce #pigtails #caresha #babybill #ilapitts #US803 #nationalbookloversday #riots #nf|preseason #fordpines #moveinday #stanleypines #meperdientusojos #esb #US804 #fishing #bassfishing #kayakfishing #michiganfishing #kayakbassfishing #basskayakfishing #alaska #topwater #bass #loveit #ohya #mattiegtv #newenglandpatriots #lutherhargreeves #allisonhargreeves #mabel ,False,,46c5789,t,,,,,,False,,,
7410281068596645150,2024-09-03T01:15:38,8,US,7,3,0,332,#dukedennis #dukedennisfunny #ampdukedennis #dukedennislive #dukedennissneakershoppingkaicenat #dukeandkai #kaicenatfunny #funny #amp #fyp #funny #edit #trend #love #foryourpage #fyppppppppppppppppppppppp #capcut #viraltiktok #blowthisup #robloxfyp #robloxmemes #nostalgia #gravityfalls #itendswithus #billcipher #ifondo #itendswithusmovie #blakelively #rushtok #colleenhoover #bookofbill #tgif #novelshort #kingvon #bamarush #happyfriday #theumbrellaacademy #tiktokbacktoschool #rush #lospollostv #itendswithusbook #sorority #icespice #icespicememes #fyp #icespicevsnickiminaj #kaicenat #kaicenatlivestream #kaicenatlive #best #music #moves #games #memes #jokes #arshadnadeem #ilybloom #breakdancing #aftereffects #onlinevideoediting #videotemplate #football #edit #4k #borderlands #reflection #Preseason #recruitment #dailyprayer #whitneyhouston #therizzler #breakdance #privatelabeltest #airball #cucumbersalad #loveshackfancy #robloxfy #sororityrecruitment #blueface #friyay #shawnmendes #bamarushtok #bigjustice #yungmiami #jamielee #808 #ohyes #dipper #shanteltessier #starbandz #madness #aidangallagher #leagueoflegend #diegohargreeves #mevale #billford #klaushargreeves #emilie #gravityfallsbill #joemilton #matpat #d23expo #five #rushready #saopaulo #saucysantana #dragonforce #pigtails #caresha #babybill #ilapitts #US803 #nationalbookloversday #riots #nf|preseason #fordpines #moveinday #stanleypines #meperdientusojos #esb #US804 #fishing #bassfishing #kayakfishing #michiganfishing #kayakbassfishing #basskayakfishing #alaska #topwater #bass #loveit #ohya #mattiegtv #newenglandpatriots #lutherhargreeves #allisonhargreeves #mabel ,False,,46c5789,t,,,,,,False,,,
7410246702319324447,2024-09-02T23:02:02,8,US,16,4,0,329,#dukedennis #dukedennisfunny #ampdukedennis #dukedennislive #dukedennissneakershoppingkaicenat #dukeandkai #kaicenatfunny #funny #amp #fyp #funny #edit #trend #love #foryourpage #fyppppppppppppppppppppppp #capcut #viraltiktok #blowthisup #robloxfyp #robloxmemes #nostalgia #gravityfalls #itendswithus #billcipher #ifondo #itendswithusmovie #blakelively #rushtok #colleenhoover #bookofbill #tgif #novelshort #kingvon #bamarush #happyfriday #theumbrellaacademy #tiktokbacktoschool #rush #lospollostv #itendswithusbook #sorority #icespice #icespicememes #fyp #icespicevsnickiminaj #kaicenat #kaicenatlivestream #kaicenatlive #best #music #moves #games #memes #jokes #arshadnadeem #ilybloom #breakdancing #aftereffects #onlinevideoediting #videotemplate #football #edit #4k #borderlands #reflection #Preseason #recruitment #dailyprayer #whitneyhouston #therizzler #breakdance #privatelabeltest #airball #cucumbersalad #loveshackfancy #robloxfy #sororityrecruitment #blueface #friyay #shawnmendes #bamarushtok #bigjustice #yungmiami #jamielee #808 #ohyes #dipper #shanteltessier #starbandz #madness #aidangallagher #leagueoflegend #diegohargreeves #mevale #billford #klaushargreeves #emilie #gravityfallsbill #joemilton #matpat #d23expo #five #rushready #saopaulo #saucysantana #dragonforce #pigtails #caresha #babybill #ilapitts #US803 #nationalbookloversday #riots #nf|preseason #fordpines #moveinday #stanleypines #meperdientusojos #esb #US804 #fishing #bassfishing #kayakfishing #michiganfishing #kayakbassfishing #basskayakfishing #alaska #topwater #bass #loveit #ohya #mattiegtv #newenglandpatriots #lutherhargreeves #allisonhargreeves #mabel ,False,,987h367,h,,,,,,False,,,
7410274280321076522,2024-09-03T00:48:59,8,US,7,0,0,364,#dukedennis #dukedennisfunny #ampdukedennis #dukedennislive #dukedennissneakershoppingkaicenat #dukeandkai #kaicenatfunny #funny #amp #fyp #funny #edit #trend #love #foryourpage #fyppppppppppppppppppppppp #capcut #viraltiktok #blowthisup #robloxfyp #robloxmemes #nostalgia #gravityfalls #itendswithus #billcipher #ifondo #itendswithusmovie #blakelively #rushtok #colleenhoover #bookofbill #tgif #novelshort #kingvon #bamarush #happyfriday #theumbrellaacademy #tiktokbacktoschool #rush #lospollostv #itendswithusbook #sorority #icespice #icespicememes #fyp #icespicevsnickiminaj #kaicenat #kaicenatlivestream #kaicenatlive #best #music #moves #games #memes #jokes #arshadnadeem #ilybloom #breakdancing #aftereffects #onlinevideoediting #videotemplate #football #edit #4k #borderlands #reflection #Preseason #recruitment #dailyprayer #whitneyhouston #therizzler #breakdance #privatelabeltest #airball #cucumbersalad #loveshackfancy #robloxfy #sororityrecruitment #blueface #friyay #shawnmendes #bamarushtok #bigjustice #yungmiami #jamielee #808 #ohyes #dipper #shanteltessier #starbandz #madness #aidangallagher #leagueoflegend #diegohargreeves #mevale #billford #klaushargreeves #emilie #gravityfallsbill #joemilton #matpat #d23expo #five #rushready #saopaulo #saucysantana #dragonforce #pigtails #caresha #babybill #ilapitts #US803 #nationalbookloversday #riots #nf|preseason #fordpines #moveinday #stanleypines #meperdientusojos #esb #US804 #fishing #bassfishing #kayakfishing #michiganfishing #kayakbassfishing #basskayakfishing #alaska #topwater #bass #loveit #ohya #mattiegtv #newenglandpatriots #lutherhargreeves #allisonhargreeves #mabel ,False,,g304564,futfylrppu0,,,,,,False,,,
video_id,video_timestamp,video_duration,video_locationcreated,video_diggcount,video_sharecount,video_commentcount,video_playcount,video_description,video_is_ad,video_stickers,author_username,author_name,author_followercount,author_followingcount,author_heartcount,author_videocount,author_diggcount,author_verified,poi_name,poi_address,poi_city
7406602391539207455,2024-08-24T03:20:37,15,US,5002,70,46,200900,bed chem music video? @Sabrina Carpenter #fyp #sabrinacarpenter #bedchem #shortnsweet #foryoupage ,False,,bina.rose,bina rose,,,,,,False,,,
7407946758652742955,2024-08-27T18:16:58,14,US,61400,611,195,555100,Thank you to everyone who liked my last video and commented the nicest things 🩷🫶 #bedchemdance #bedchem #shortnsweet #sabrinacarpenter @Sabrina Carpenter ,False,,rye...m,Riley Mccoey,,,,,,False,,,
7408070265185471750,2024-08-28T02:16:15,40,US,711,26,7,34700,Bed Chem - Sabrina Carpenter  #sabrinacarpenter #bedchem  #shortandsweet #letras #parati #fyp @Sabrina Carpenter ,False,,rlitocesar,Carlito,,,,,,False,,,
7407209120136236295,2024-08-25T18:34:35,7,EG,224500,29600,580,863900,I MEAN CAMARADERIE !!!!! #sabrinacarpenter #bedchem #shortnsweet #pleasepleaseplease #trend #fyp #viral #foryou #espresso #omgpage #feather @Sabrina Carpenter ,False,,brinasdecoded,iman .ᐟ⋆.✶,,,,,,False,Los Angeles,"Los Angeles, United States",
7409061212798864646,2024-08-30T18:21:38,58,MX,27400,711,15,205900,Bed Chem - Sabrina Carpenter // #fyp #parati #sabrinacarpenter #shortnsweet #viral #subespañol #letrasdecanciones #traduccionesdecanciones ,False,,sadbaelyrics,sadbaelyrics,,,,,,False,,,
7407955070026861830,2024-08-27T18:49:12,65,BR,17500,80,82,179800,Ajay: Short N’ Sweet by Sabrina Carpenter (Bed Chem) #shortnsweet #sabrinacarpenter #reactionvids ,False,,ajayllreacts,Ajay,,,,,,False,,,
7408324851729059078,2024-08-28T18:44:12,42,AR,15200,714,21,104500,Sabrina Carpenter - Bed Chem (short n' sweet album) #sabrinacarpenter #bedchem #viral #shortnsweet ,False,,sunshinesubss,☀️sunshinesubss☀️,,,,,,False,,,
7407254486302903594,2024-08-25T21:30:35,10,US,137400,2865,317,714400,build my life ms carpenter @Sabrina Carpenter #bedchem #shortandsweet ,False,,colbylacasse,Colby Lacasse,,,,,,False,,,
7408569458278649121,2024-08-29T10:33:21,11,IT,27200,151,83,262300,@Sabrina Carpenter #bedchem #sabrinacarpenter ,False,,chiara__giannuzzi,Chiara💛,,,,,,False,,,
7408020823455370527,2024-08-27T23:04:25,15,US,47200,5540,113,170900,this song started playing & i immediately missed my man.😔😔 (saw him 24 hours ago)  #dating #boyfriend #shortnsweet #sabrinacarpenter #bedchem ,False,,myahadele,myahadele,,,,,,False,,,
7406274030245793057,2024-08-23T06:06:00,25,GB,6209,542,23,122500,speechless no words i died dead #shortnsweet #sabrinacarpenter #bedchem ,False,,taysharley,💫harley⸆⸉,,,,,,False,,,
7410057334686272786,2024-09-02T10:47:04,28,PH,13000,956,42,29700,bed chem seungcheol ver. ........ #seventeen #scoups #fyp #scoupseventeen #foryoupage #cheol ,False,,ac.f5,✧ac.f5✧,,,,,,False,,,
7408739750737218846,2024-08-29T21:34:11,15,US,6424,48,35,65400,Bed Chem >>> 😩❤️‍🔥,False,,leerodriguez,La Rhonza Lee Rodriguez,,,,,,True,,,
7406349216844500256,2024-08-23T10:57:45,28,BE,202800,7892,393,534800,who’s the cute boy with the aussie accent ? #jake #jakeedit #simjaeyun #jakesim #jakeenhypen #enhypen #enhypenedit #sabrinacarpenter #bedchem #edit ,False,,maevermore_,mae <3,,,,,,False,,,
7406798815803526431,2024-08-24T16:02:31,5,US,934800,15700,5683,8000000,theres too much going on #sabrinacarpenter #shortnsweet #bedchem #poster #vinyl #music #fyp ,False,,ellieisthebolter,ellie morris ⸆⸉,,,,,,False,,,
7407494695863045419,2024-08-26T13:02:49,21,US,3888,89,84,24200,the best part of bed chem did i stutter #fyp #sabrinacarpenter @Sabrina Carpenter ,False,,.isabelrosee,isabel rose,,,,,,False,Austin,"Austin, TX, United States",Austin City
7406539711663082785,2024-08-23T23:17:32,21,GB,192800,13500,816,1100000,bed chem              #conradfisher #conradfisheredit #tsitp #tsitpedit #thesummeriturnedpretty #thesummeriturnedprettyedit #chrisbriney #chrisbrineyedit #xyzbca  #foryou #foryoupage #fyp #fypシ #viral #trending #edit #velocity #alexlqwther #aftereffects #sabrinacarpenter @Sabrina Carpenter ,False,,colew6lter,luc,,,,,,False,,,
7410345722115099936,2024-09-03T05:26:15,10,GB,773,12,12,5523,curls looking cute #ootd #sabrinacarpenter #bedchem #curls #lifestyle #foryou ,False,,mimidaviess,mimi,,,,,,False,,,
7406483387185220870,2024-08-23T19:38:20,31,BA,193900,12300,620,646200,#JAKE: bed chem #enhypen #enhypenedit #jakeedit #simjaeyun #kpop #edit #fyp #fy #foryou #sabrinacarpenter ,False,,pcvensies,pcvensies,,,,,,False,,,
7408086297203576069,2024-08-28T03:36:40,14,BR,374,23,1,8106,sabrina carpenter - bed chem 💙 #sabrinacarpenter #shortsweet #bedchem #lyrics #song,False,,songsweluv,songsweluv,,,,,,False,,,
7410190414776519952,2024-09-02T19:24:00,25,PH,1277,53,13,5644,"Part 2 #SATOSUGU || I bet we'd have a really good bed chem 🗣️🗣️ (satosugu and ovulation songs, free therapy teehee) #satosuguedit #gojousatoru #getosuguru #jujutsukaisenedit #jjk #jujutsukaisen #jjkedit #foryoupage #fy ",False,,wangxiancore,mari 🌙🎀,,,,,,False,,,
7406379309138545926,2024-08-23T12:54:27,51,MX,39700,1597,152,350100,bed chem - @Sabrina Carpenter #fyp #fypシ #foryoupage #parati #subespañol #traduccion #lyricsvideo #letras #nightsoline #sabrinacarpenter #espresso #feather #bed #chemistry ,False,,nightsoline,pablo,,,,,,False,,,
7406905028457303326,2024-08-24T22:54:37,7,US,265000,4122,1904,1600000,i feel so dumb #shortandsweet #sabrinacarpenter #carpenter #swiftie ,False,,marleyvbrown,marley brown,,,,,,False,,,
7408968730488704264,2024-08-30T12:22:43,28,PH,39100,2714,100,100200,bed chem wonwoo ver. ...... #seventeen #wonwoo #fyp #wonwooseventeen #wonwooedit #foryou ,False,,ac.f5,✧ac.f5✧,,,,,,False,,,
7410403648192269584,2024-09-03T09:11:04,10,SG,118,2,1,425,who's the cute boy with the white jacket 🥼⚙️💬 #fyp #studytok #studymotivation #productivity #aesthetic #whiteaesthetic #blueaesthetic #backtoschool #studywithme #notes #notetaking #chemicalengineering #fluiddynamics ,False,,cerulean.naa,a ⋆˙⟡♡🐇☁️,,,,,,False,,,
7410037874449583392,2024-09-02T09:31:38,15,DE,2750,106,38,27900,dc: @Pitman Sisters #bedchemtok #sabrinacarpentertok,False,,fr00dle,fr00dle,,,,,,False,Berlin,"Berlin, Germany",
7408379402578382086,2024-08-28T22:15:53,32,MX,1441,140,1,18100,bed chem - @Sabrina Carpenter #fyp #spotify #lyricsvideo #letras #subespañol #sabrinacarpenter #espresso #shortnsweet #bedchem #juno #taste #emailsicantsend ,False,,livilsm,livilsm,,,,,,False,,,
7407151277106416902,2024-08-25T14:50:07,55,BR,8777,283,23,63500,sabrina carpenter - bed chem       #sabrinacarpenter #shortnsweet #bedchem #tipografia #legenda ,False,,littleslegendas,𝐿𝑠𝐿👻,,,,,,False,,,
7409349469600271649,2024-08-31T13:00:13,10,GB,347,23,10,6009,eek first ever lyric edit hope it doesnt flop! love bed chem OMG. || #sabrinacarpenter #bedchem #lyrics #lyricpost #fyp #foryou #foryoupage #barryandsabrina #shortnsweet #viral,False,,daisyzplaylistxo,𝐝𝐚𝐢𝐬𝐲🎧,,,,,,False,,,
7407163666887363846,2024-08-25T15:38:13,10,BR,23900,835,39,137200,bed chem - sabrina carpenter | uma das melhores do album sim! amo os trocadilhos que a sabrina faz nas musicas #sabrinacarpenter #bedchem #shortnsweet #tradução #tipografia #fyp #fy ,False,,allanversion,allan⸆⸉,,,,,,False,,,
7410357008324496647,2024-09-03T06:09:58,11,AU,53,0,0,443,Got LSS on this song😬 the writer is so nastyyyyyy 🥴🫡 #sabrinacarpenter #bedchem #foryoupage #fypシ ,False,,alwaysbeyourbabyrose,AppleRose🌸🇦🇺,,,,,,False,,,
7406773597315943685,2024-08-24T14:24:31,15,BR,1029,49,13,52300,where art thou? 💋#sabrinacarpenter #shortnsweet #bedchem @Sabrina Carpenter ,False,,juliacordeir_,juliacordeir_,,,,,,False,,,
7410293769892941088,2024-09-03T02:04:58,10,DE,151,3,4,971,"like hour hands touched once,  calm down 😯 #enemiestolovers ##trope##faerie##bedchem",False,,annabelbookshelf,annabels_bookshelf,,,,,,False,,,
7410305871172898056,2024-09-03T02:51:33,14,PH,32,6,5,502,BED CHEM😋 I actually can’t get this song out of my head #Fy #09,False,,archalei,😼 Leichi,,,,,,False,,,
7410387566572096801,2024-09-03T08:08:34,10,GB,54,8,0,293,✨Bed chem ✨,False,,baileyahmedxo,Bailey Ahmed,,,,,,False,,,
video_id,video_timestamp,video_duration,video_locationcreated,video_diggcount,video_sharecount,video_commentcount,video_playcount,video_description,video_is_ad,video_stickers,author_username,author_name,author_followercount,author_followingcount,author_heartcount,author_videocount,author_diggcount,author_verified,poi_name,poi_address,poi_city
7408534304315149599,2024-08-29T08:17:00,55,US,1600000,57800,3803,14300000,COLLEGE FOOTBALL WEEK ONE 🗣🗣LET’S GOOOOO @Alabama Athletics @Georgia Football #TBT #collegefootball #alabama #alabamafootball #bama #rolltide #crimsontide #georgia #georgiafootball #ncaa #ncaafootball #sports #sportstok #football #patmcafee #patmcafeeshow #thepatmcafeeshow #thepatmcafeeshowclips #mcafee #pmslive ,False,,patmcafeeshowofficial,Pat McAfee Show Clips,,,,,,True,,,
7354435455183572266,2024-04-05T13:26:15,24,US,68300,2274,198,763500,Roll Tide Willie with Alabama Football 🙌🐘 (via @RollTideWillie) #cfb #football #alabama #rolltidewillie #druski ,False,,bleacherreport,bleacherreport,,,,,,True,,,
7381515172214574378,2024-06-17T12:48:57,66,US,29000,1491,220,1100000,BAMA BOUND DAY ONE WITH MY GIRLS🐘❤️ #bama #ua #ootd #fypage #rolltide ,False,,teaganwheeling,Teagan Wheeling,,,,,,False,,,
7408771015599230250,2024-08-29T23:35:29,8,US,8246,506,101,66100,Who has added “I Love Alabama” to their gameday playlist?! #rolltide #collegefootball #alabamafootball #ilovealabama #rolltideroll ,False,,alli_leighann,Alli Leighann,,,,,,False,Alabama,United States,
7404552284534787371,2024-08-18T14:44:42,12,US,73000,655,352,723500,Couldnt be more blessed to get my wings today !!! Pi phi ive loved you since day one 🩵❤️ #BAMA #rush #alabama #alabamarush #rushtok #sorority #bamarush #bamarushtok #ootd #outfitoftheday #rolltide #piphi #pibetaphi #adib #ykywtw,False,,may010201,May 🪽🪽,,,,,,False,,,
7408749779091574047,2024-08-29T22:13:11,53,US,6473,108,43,80900,Its up to you to decide if the egg portion of the video was cut on purpose or it was actually the first try. #kindapadwoosen #dcchusband #reeceshusband #rolltide #cooking #thai #starwars #fyp #foryoupage #foryou ,False,,willallman18,Will Allman,,,,,,False,,,
7404614235994508587,2024-08-18T18:45:06,17,US,62800,559,316,1200000,Got my wings and flew home 😇🪽 #BAMA #rush #alabama #alabamarush #rushtok #sorority #bamarush #rolltide #piphi #pibetaphi #ykywtw #ADIB #outfitoftheday ,False,,may010201,May 🪽🪽,,,,,,False,Pi Beta Phi,"847 Magnolia Dr, Tuscaloosa, United States",Tuscaloosa
7266162299507871019,2023-08-11T16:20:58,12,US,409100,8092,710,4100000,I CANT BELIEVE HOW BEAUTIFUL THIS TURNED OUT🩵🩵 #bamarush #bamarushtok #bamarushseason3 #universityofalabama #college #rolltide #collegedorm #collegemovein #bamarushweek #collegefreshmen #collegelife #leavingforcollege #bamafootball #bama #bamarushtiktok #rushtok #rush #moveinday #dormtransformation #dormtransition #dormtour #dormroom #dormdecor #dormessentials ,False,,sofiaafederico_,SOFIA FEDERICO,,,,,,False,Tuscaloosa,"Tuscaloosa County, Alabama, United States",
7277563200906759455,2023-09-11T09:42:40,40,US,466200,20300,552,4500000,Saban’s son is AWESOME 😂 #coachsaban #nicksaban #saban #alabama #alabamafootball #ncaa #ncaafootball #collegefootball #bama #rolltide #crimsontide #patmcafee #patmcafeeshow #thepatmcafeeshow #thepatmcafeeshowclips #mcafee #football #footballtok #footballtiktok ,False,,patmcafeeshowofficial,Pat McAfee Show Clips,,,,,,True,,,
7409502298876972318,2024-08-31T22:53:21,48,US,11400,427,40,52900,up 2 ryan 🐘 #ryanwilliams #l5 #alabamacrimsontide #rolltide #collegefootball #widereciever #foryou #foryoupage #fypシ゚viral #viral #edit #trending ,False,,iceynfl,✧,,,,,,False,,,
7405405372682489131,2024-08-20T21:55:05,28,US,119600,2316,344,1200000,Say hello to our newest students! Welcome home #UA28! 🫶 #RollTide #UA #Bama #ScriptA #ClassPhoto #Timelapse ,False,,uofalabama,UofAlabama,,,,,,True,,,
7410136177858170143,2024-09-02T15:53:09,253,US,248,8,3,3847,What i see in a day at UA #rolltide #footballseason #strange #newtrend #fyp ,False,,graciewarren34,GracieWarren,,,,,,False,,,
7400865803735797038,2024-08-08T16:19:13,15,US,109500,4172,454,871600,OBSESSED 🎀                                  #universityofalabama #bamadorm #fyp #foryou #rolltide #bamarush ,False,,taylor_shedlin,TAYLOR SHEDLIN,,,,,,False,,,
7409407267939814687,2024-08-31T16:44:33,18,US,47600,2171,86,559600,You didn’t deserve that Coach 😂 😂 @Alabama Athletics  @Boise State Football #nicksaban #saban #coachsaban #dirkkoetter #boisestatefootball #alabamafootball #bama #rolltide #crimsontide #gameday #collegegameday #collegefootball #football #patmcafee #patmcafeeshow #thepatmcafeeshow #thepatmcafeeshowclips #mcafee #pmslive ,False,,patmcafeeshowofficial,Pat McAfee Show Clips,,,,,,True,,,
7407974696567819563,2024-08-27T20:05:23,20,US,71800,5692,473,679100,Alabama football can’t come soon enough 🏈 #alabama #rolltide #alabamafootball ,False,,leannamollie,Leanna 🕺🏼,,,,,,False,,,
7407981588824198431,2024-08-27T20:32:13,12,US,12600,448,144,81500,4 days till @Alabama Football is back! #alabamafootball #rolltide #sec #fyp #foryourepage #alabama #foryou #,False,,glennwilsonfishin,Glenn Wilson,,,,,,False,Alabama,United States,
7409432146357570858,2024-08-31T18:21:01,12,US,35700,167,76,331500,5-star Alabama receiver Ryan Williams getting loose before his first college game #rolltide ,False,,alabama__ftbl,alabama__ftbl,,,,,,False,Bryant-Denny Stadium,"920 Paul W Bryant Dr, Tuscaloosa, AL 35401, United States",Tuscaloosa
7360468086111145259,2024-04-21T19:35:41,42,US,12100,579,1256,703100,"Fellow Mobilians, do you agree? 😄 #mobilealabama #bamagirl #rolltide ",False,,kdgleason,✨ Kristina Gleason ✨,,,,,,False,Mobile,"Alabama, United States",
7406646733112986923,2024-08-24T06:12:35,129,US,5951,97,33,132200,"One week away, who else is ready to be back in Bryant Denny Stadium #rtr #rolltide #milliondollarband #crimsonettes ",False,,rolltidebama17,RollTideBama,,,,,,False,,,
7399620523010870559,2024-08-05T07:47:34,104,US,205800,9416,647,1200000,Nick Saban had one of the best walk outs ever. #nicksaban #rolltide #fyf #fyfyfyfy #alabama #football #footballtiktok #sec #intro #walkout #footballvideo #sunday #rolltidenation #viral #hype #collegefootball #tiktok #beast #views #win #lsu #bama #crimsontide ,False,,rolltidenation,Alabama Football,,,,,,False,Bryant-Denny Stadium,"920 Paul W Bryant Dr, Tuscaloosa, AL 35401, United States",Tuscaloosa
7408648392554892575,2024-08-29T15:39:43,16,US,14900,1304,155,123000,So close you can almost hear it!! 💥#alabama #RollTide #LANK #alabamafootball #sec ,False,,ua_athletics,Alabama Athletics,,,,,,True,University of Alabama,"Campus Dr, Tuscaloosa, United States",Tuscaloosa
7402291354845383967,2024-08-12T12:31:21,17,US,419300,20200,3732,4900000,It’s that time of year again! Good luck to all the ladies that are rushing!🐘 #rolltide #alabama #sorority #bamarush #bamarushtok #onlyalabama #rushtok #bamarushweek ,False,,barstoolbama,barstoolalabama,,,,,,False,,,
7385692359301860651,2024-06-28T18:58:31,55,US,9872,4361,1347,335100,#orangebeach #godawgs #rolltide #comedyvideo #sec #collegefootball ,False,,boxcar1807,Boxcar,,,,,,False,Orange Beach,"Alabama, United States",
7409547205989649710,2024-09-01T01:47:33,9,US,6632,733,81,72500,@Big Red meets Big Al #alabama #rolltide #collegefootball #bama #wku #mascots ,False,,alabama__ftbl,alabama__ftbl,,,,,,False,,,
7298766978225900842,2023-11-07T12:03:45,133,US,374400,5067,2721,2800000,Is someone cutting onions? 🥹 #rolltide #bama #alabamafootball  ,False,,ua_athletics,Alabama Athletics,,,,,,True,University of Alabama,"Campus Dr, Tuscaloosa, United States",Tuscaloosa
7397926170387434783,2024-07-31T18:12:11,22,US,67700,3943,557,447800,Who’s ready to be back in Bryant-Denny? 🏟️🏈 #alabama #football #sec #LANK #rolltide ,False,,ua_athletics,Alabama Athletics,,,,,,True,Tuscaloosa,"Tuscaloosa County, Alabama, United States",
7399659110897061162,2024-08-05T10:16:57,22,US,66000,1510,173,337700,L.A.N.K🤫… | #alabama #alabamafootball #bama #rolltide #viral #collegefootball #cfb #sec #rtr #secfootball #foryou #fyp #football #edit ,False,,xotionfx,Xotionfx,,,,,,False,,,
7403412477062466862,2024-08-15T13:01:39,36,US,42100,1804,410,653700,Sisterhood day 2!! #bamarush #rushtok #sisterhood #day6 #wishusluck #rolltide @SAVANNAH JANE🎀✨🤭💖 ,False,,ellie_kerrigan,ellie k,,,,,,False,,,
7319706476266671390,2024-01-02T22:20:09,51,US,203300,2737,1162,1100000,The Rose Bowl 🌹 #GoBlue #RollTide #cinematography #football ,False,,micktoks_,micktoks,,,,,,False,Rose Bowl Stadium,"Stivers Way, Pasadena, Los Angeles County, California, US-CA, 91103, United States",Pasadena
7398560222664576299,2024-08-02T11:12:29,16,US,505600,26000,2582,3000000,Yeah Glo x Alabama👀🐘 ||| #alabamafootball #bama #foryou #viral #rolltide #collegefootball #ncaa #cfb #sec #secfootball ,False,,xotionfx,Xotionfx,,,,,,False,,,
7308050267403062574,2023-12-02T12:27:38,55,US,928800,51200,4013,12600000,#PatMcAfee had us in the first half 😅 #alabamafootball #rolltide #collegegameday #cfb ,False,,espn,ESPN,,,,,,True,,,
7303640015148518686,2023-11-20T15:13:42,7,US,113100,2628,798,969700,#mood #alabama #rolltide #alabamafootball #jalenmilroe ,False,,secnetwork,SECNetwork,,,,,,True,,,
7380010728750681390,2024-06-13T11:30:55,24,US,217200,7525,1564,1200000,Nothing better than a Saturday in Bryant-Denny‼️ #rolltide #sec #bama #football #LANK ,False,,ua_athletics,Alabama Athletics,,,,,,True,Tuscaloosa,"Tuscaloosa County, Alabama, United States",
7410136365591039274,2024-09-02T15:53:45,6,US,102,27,1,1360,#Meme #MemeCut #capcutvelocity #alabama #rolltide #fypシ゚viral #tiktok ,False,,dillan0013,dillan0013,,,,,,False,,,
video_id,video_timestamp,video_duration,video_locationcreated,video_diggcount,video_sharecount,video_commentcount,video_playcount,video_description,video_is_ad,video_stickers,author_username,author_name,author_followercount,author_followingcount,author_heartcount,author_videocount,author_diggcount,author_verified,poi_name,poi_address,poi_city
7403448084799229216,2024-08-15T15:19:50,10,PL,1800000,1000000,20100,14900000,Gas station cart do be hitting diffrent #jonkler #joker #cart #beatbox #whysoserious #sigma ,False,,analnyfranek,8======D,,,,,,False,Ohio,United States,
7408557143785262369,2024-08-29T09:45:35,10,DE,81400,46900,1223,953600,Why so serious #whysoserious #jokerface #freakyjoker #brainrot   #thejonkler @DhdGamer ,False,,bateman.bby,Bateman.bby,,,,,,False,Schöne Füße,"Kurwickstraße 28 a, 26122 Oldenburg, Germany",Oldenburg
7410028000453987591,2024-09-02T08:53:14,7,QA,324200,76900,1864,2200000,Helium pt2 @Attz #jonkler #sigma #viral #capcutvelocity ,False,,mm7zxx,mm7zxx,,,,,,False,,,
7406291277722996001,2024-08-23T07:12:55,10,ES,401500,235100,5138,2300000,#CapCut #SantJordi2024 #SantJordi2024 #whysoserious #jonkler  #skibidi #sigma #fyp ,False,,the_.true_jonkler,the_jonkler_.,,,,,,False,,,
7404751686025219361,2024-08-19T03:38:40,11,DK,926700,450800,10600,6500000,Chicken jonkler #jonkler #joker #editor #edit #brainrot #jonky #chikenlegpiece #blowthisup #fyp #f #foryou ,False,,jonklermaster111,Jonkiest Jonkler The lll,,,,,,False,,,
7408517948475854112,2024-08-29T07:13:30,61,ES,66900,22900,1486,925500,You Can hear the pain in hurt his voice 😢#marblerace #capcutvelocity #CapCut #fyp #viral #trend #trending #jonkler #thejonkler #joker #blowthisup ,False,,funny.marble.races,Marble races,,,,,,False,,,
7407447204790537504,2024-08-26T09:58:26,9,IT,780300,250200,8244,7200000,#jonkler #joker #fyp #viral ,False,,sburrobirra9,Nina • gastronomia trentina,,,,,,False,,,
7399377089436093726,2024-08-04T16:02:26,9,US,251500,110500,2604,1600000,Jonkler 360 Ride #rcsfun #arizonastatefair #fair #fairrides #jonkler #nevergoon #skibidi #memes #fy #funny ,False,,pixex_,Pixex,,,,,,False,Arizona State Fair,"1826 W McDowell Rd, Maricopa, Arizona 85007-1612, USA",Phoenix
7405584523158686981,2024-08-21T09:30:17,9,EG,214800,80600,2673,1700000,(Birthday post) alive internet theory #meme #fyp #joker #jonkler ,False,,yt_.editz,YT EDITZ,,,,,,False,,,
7402260992513592582,2024-08-12T10:33:17,13,ID,391800,153100,2653,2600000,@brizz.12 double life 🤫#jonkler #joker#sigma ,False,,itssjedi,Jedd 🎰🎭,,,,,,False,,,
7403787970957888774,2024-08-16T13:18:44,15,CL,231000,103600,2758,1600000,#CapCut #brainrot #joker #jonkler #fyp #meme ,False,,gageblox8,gageblox8,,,,,,False,,,
7399512024092298538,2024-08-05T00:45:54,31,US,9730,8154,217,133000,#overwatch #loveandlighttv #yesking #overwatch2 #viral #lebron ,False,,kingjonkler,KingJonkler,,,,,,False,,,
7400492247990455595,2024-08-07T16:09:41,7,US,376600,151300,3311,3600000,#fyp #joker #cat #viral #meme #jonkler #abc #0 ,False,,jtb3821,J,,,,,,False,,,
7404449899850501422,2024-08-18T08:07:41,10,US,261100,141000,5397,1500000,#jonkler #brainrot #smegma  #ohwhenthesaints ,False,,goomba1781,goomba,,,,,,False,,,
7402980257801850144,2024-08-14T09:04:24,16,IT,1429,1356,40,12700,My Life my rules 🥵 #mentality #sigma #fyp #jonkler #scary ,False,,jonkler1028229,JoKeR,,,,,,False,,,
7410369444641344801,2024-09-03T06:58:18,9,GB,39,7,2,817,@itsAJ  my bad #jonkler #xyzbca #fyp #whysoserious ,False,,jordanieledits43,Jordzy,,,,,,False,,,
7410405740680088839,2024-09-03T09:19:02,14,SA,9,3,2,233,#CapCut @zen #jonkler #onequestion #whysoserious #jonker #meme #fyp,False,,3mmr_11,YoGlow,,,,,,False,,,
7410406834823089441,2024-09-03T09:23:28,7,RO,261,118,4,5167,#CapCut #fyp #fup #zxycba #real #minion#joker #jonkler ,False,,nrg_mentos._,NRG_Mentos._.,,,,,,False,,,
7403113017736531242,2024-08-14T17:39:36,23,US,186700,114900,2658,1100000,#jonkler #brainrot #smegma ,False,,goomba1781,goomba,,,,,,False,,,
7410390263098641672,2024-09-03T08:19:10,10,GE,18,4,6,423,One question.... WHY SO SERIOUS #jonkler #viral #whysoserious #Joker #CapCut ,False,,datuna743,NAVI | David The Dea†h,,,,,,False,,,
7402793818879462702,2024-08-13T21:00:56,10,US,1462,1139,27,28000,Evil jonkler cart😭,False,,rizzmasteracount1267,✝️Al3x_LB3✝️,,,,,,False,,,
7410409116524432673,2024-09-03T09:32:13,8,FR,54,6,7,1183,heh.. why so serious #viral #fyp #f1 #nicofreakenberg #jonkler @ﾟ✧･.☽˚ ,False,,nicofreakenberg,nicofreakenberg,,,,,,False,sigma fanum tax,"24 Rue de Pornic, 44830 Bouaye, France",Nantes
7410417703632129312,2024-09-03T10:05:34,10,GB,21,1,2,146,#jonkler#joker##fyp,False,,puz161,puz,,,,,,False,,,
7410407430368054561,2024-09-03T09:25:52,7,PL,64,10,1,846,#savetheworld #joker #jonkler ,False,,imcactuswt,cactus_warthunder,,,,,,False,OKNO ŻYCIA - Zgromadzenie Sióstr Św. Jadwigi,"Leopolda, Osiedle Wincentego Wajdy, Bogucice, Katowice, Górnośląsko-Zagłębiowska Metropolia, Silesian Voivodeship, 40-210, Poland",Katowice
7393228802912029985,2024-07-19T02:24:07,10,FI,176000,97800,2134,1100000,jonkler paint #jonkler #jonkleroiledup #joker #brainrot #fyp ,False,,beebosunner,🇫🇮 | SillyKatze,,,,,,False,,,
7410408645835410721,2024-09-03T09:30:21,9,SK,40,1,0,494,,False,,ilovefishin69,Babeťák🏍️,,,,,,False,,,
7070185963393207553,2022-03-01T12:32:30,7,RU,8767,41,89,55200,весь день пытаюсь придумать идею для видео #brawlstars #brawl #фэдгар #фэнгбравлстарс,False,,jonklerguy,Jonkler,,,,,,False,,,
7404227823637925152,2024-08-17T17:46:18,7,IE,830,607,50,7300,JONKLER SPOTTED #fyp #meme #jonkler #joker #nevergoon #alwaysgoon ,False,,agent.corkboard.p,brizslaya,,,,,,False,,,
7405917317424614689,2024-08-22T07:01:47,11,PL,1431,1340,58,30100,#jonkler#fyp#xybca #xyzbca #foryou ,False,,bidetjonkler,bidetjonkler,,,,,,False,Dick,"Michigan, United States",
7406333326535183662,2024-08-23T09:56:10,15,US,29700,19600,573,160800,had to repost 😔 #cry #sad #smegma #jonkler ,False,,smegmagaming123,Edge Police,,,,,,False,,,
7403259559810206981,2024-08-15T03:08:14,10,ID,197900,82800,6,1600000,#joker #jonker #jonkler ,False,,meh_853,ultrashitpost2077,,,,,,False,,,
7406825536980405547,2024-08-24T17:46:04,6,US,1693,1229,38,51800,#CapCut #beatbox #whysoserious #jokerchallenge #joker #jonkler #2024 #goat🐐 ,False,,mrjonkler1,jonkler,,,,,,False,,,
7409235860912147745,2024-08-31T05:39:22,11,DE,189,85,7,6614,#jonkler #jonklerohio ,False,,jonkler_shit,Jonkler_shit,,,,,,False,,,
7409235343045561633,2024-08-31T05:37:19,8,DE,262,157,13,3164,#jonkler #jonklerohio ,False,,jonkler_shit,Jonkler_shit,,,,,,False,,,
video_id,video_timestamp,video_duration,video_locationcreated,video_diggcount,video_sharecount,video_commentcount,video_playcount,video_description,video_is_ad,video_stickers,author_username,author_name,author_followercount,author_followingcount,author_heartcount,author_videocount,author_diggcount,author_verified,poi_name,poi_address,poi_city
7269986142903143711,2023-08-21T23:39:27,47,US,302800,10700,1287,3400000,This marching band went OFF 🔥 (via nicolasbajista/TW) #marchingband #band #igot5onit #music ,False,,bleacherreport,bleacherreport,,,,,,True,,,
7361750026449685802,2024-04-25T06:30:15,79,US,530700,43000,4683,6400000,@Justin Heideman Justin “Vanilla Funk” Heideman @v4n1lla_funk #drumlife #drums #percussion #drummer #drum #marchingband #danceroutine #justdance #competition #hbcu #marchingband #drumline #band #banda #drummajor #justin ,False,,showtimeweb,ShowtimeWeb,,,,,,False,Montgomery,"Montgomery County, Alabama, United States",
7405375961388141867,2024-08-20T20:00:58,45,US,559400,31700,1647,3600000,Can your Drumline do Jig 2 like us?   #patriothighschool #band #marchingband #patriothsbands #drumlinegirl #patrioths #sound #foryou #students #throwback ,False,,phs.marching.pioneers,PATRIOT H.S. MARCHING BAND,,,,,,False,,,
7300019413103758635,2023-11-10T21:03:50,10,US,493900,1884,1583,5100000,Football & marching band? Y’all never fail to amaze me 😲 (via jimpackheiser/tt) #football #marchingband #trumpet #music #halftime #fridaynightlights ,False,,overtimeszn,Overtimeszn,,,,,,True,,,
7409475662458801439,2024-08-31T21:09:59,24,US,15900,2246,102,205200,This is so cool 🫡 #CFBonFOX #collegefootball #CFB #footballtiktok #tennessee #marchingband #art ,False,,cfbonfox,CFB on FOX,,,,,,True,,,
7259850562571914538,2023-07-25T16:08:13,77,US,217200,18500,2048,2200000,The Human Jukebox never disappoints 🤩 (via danielcardenez/TW) #southernuniversity #humanjukebox #hbcu #marchingband #collegefootball ,False,,collegegameday,College GameDay,,,,,,True,,,
7393494504331939114,2024-07-19T19:34:52,68,US,68600,5002,1174,645000,ITS WAR 😅 #fyp #marchingband #8tofive #fypシ゚viral #hbcubands #hbcu #drumline #hbcudrumline #funny ,False,,8tofive,8toFive,,,,,,False,,,
7259559299087715626,2023-07-24T21:17:55,25,US,91700,9141,909,484200,"But seriosly, we had some LAME AS visuals back when I marched 😂 #dci #drumcorps #drumcorpsinternacional #band #marchingband #bandtok #bandmeme #bandmemes #dcimemes #dcitok #dcitiktok #dci_tiktok #bandkids #marchingbandlife #marching #marchingtok #marchingarts #marchingbandtiktok #bandkid #drumcorpslife #thecadets ",False,,jakemusicman,Jake | Marching Band TikTok,,,,,,False,Lucas Oil Stadium,"500 S Capitol Ave, Indianapolis, IN 46225, United States",Indianapolis
7269263051872832774,2023-08-20T00:53:19,69,ID,632200,10300,0,11300000,We're Comeback ! ✨🦉🤟🏽 #marchingband #payakumbuh #smansa #hutri78 #alegoris ,False,,cancerboyyy._,M00dyy_.🐍,,,,,,False,Payakumbuh,"West Sumatra, Indonesia",
7329636956529446190,2024-01-29T16:35:27,84,US,183600,663,450,1600000,🚴‍♂️🚴‍♂️🚴‍♂️🚴‍♂️🚴‍♂️ (Original Video - Keylan Stone on YT!) #txhsbands #marchingband #kellerband #saxophone #altosax #band #bandkids #gopro #soloist #highschool #headcam #texas #texasband #bandvideos #loud ,False,,mania_marching,Mania_Marching,,,,,,False,,,
7271812558301056287,2023-08-26T21:47:06,57,US,28800,2463,452,329900,The #SonicBoomOfTheSouth honors the late #TinaTurner 🎸🔥 #jacksonstate #marchingband #hbcu,False,,collegegameday,College GameDay,,,,,,True,,,
7396748076922309919,2024-07-28T14:00:34,31,US,357300,21300,1805,1400000,bloo 😫‼️ @Bluecoats  #band #marchingband #dci #drumcorps #bloo #bluecoats #foryou #drummer #drums #brass #music #song #hooverband #bluedevils #drumcorpsinsinternational ,False,,hooverdrumline,Hoover Drumline 🥁,,,,,,False,,,
7330823228857863466,2024-02-01T21:18:20,9,US,295900,3309,5203,2100000,#bandkids #fyp #band #drums #fnaf #fnaf4 #grandfatherclock #marchingband #concertband #fyp #fypシ ,False,,ur_local_band_mon,ur_local_band_monkey,,,,,,False,,,
7409861285631790379,2024-09-01T22:06:17,15,US,2410,27,168,22500,I’m the middle flag btw 🥱 #guard #colorguard #band #marchingband #diesirae #competition #fnl #fyp #trending #viral ,False,,sleepingwithnosirens,Goryskreemz,,,,,,False,,,
7341086749814181163,2024-02-29T13:06:04,115,US,269100,8215,1435,1700000,LISD Festival of Bands 2019 (🎥 Credit: Moogul Vids) #txhsbands #marchingband #landof1000dances #standtunes #trombone #gliss #brass #loud #bandkids ,False,,txhsbands,Texas High School Bands,,,,,,False,,,
7302574490939051310,2023-11-17T18:18:53,30,US,281300,7342,1906,4500000,This is pretty clean ngl#viral #snare #snaredrummer #marchingband #band ,False,,ucygoosy,🇲🇽Gio👏,,,,,,False,,,
7210967715635268907,2023-03-15T22:37:40,60,US,988800,38600,6224,11400000,This is a school that loves their band.  . . #pennstate #pennstatefootball #pennstatewhiteout #whiteout #blueband #psufootball #psu #marchingband #pregame #pregameshow #collegefootball #nightgame #college #band @psublueband ,False,,collegemarching,CollegeMarching,,,,,,False,Penn State University,"122 E College Ave, State College, United States",State College
7313468323872754990,2023-12-17T02:52:48,41,US,853100,7394,2296,4800000,SONIC BOOM OF THE THE SOUTH had they feet on SU’s neck!!!! #jsusonicboom #sonicboomofthesouth #hbcubands #marchingband #keyshiacole #keyshiacolelove ,False,,kvngjaii,KvngJaii,,,,,,False,,,
7308172625350642990,2023-12-02T20:22:28,25,US,261700,2246,470,2000000,🐍🧡FAMU Marching 100 band at the SWAC championship #hbcu #historicallyblacksince #famu #hbcuband #blackexcellence ,False,,historicallyblacksince,Historically Black Since,,,,,,False,Florida A&M University,"1601 S Martin Luther King Jr Blvd, Tallahassee, FL 32307, United States",Tallahassee
7384955356486683950,2024-06-26T19:18:37,32,US,446600,8378,1045,3200000,UAPB Neck #aura #band #hbcu #makethisflop #fyp #marchingband ,False,,301.2x3laith,Laith,,,,,,False,Uapb,"John Kennedy Dr, Pine Bluff, United States",Pine Bluff
7377083520029642030,2024-06-05T14:11:49,22,US,256000,10000,876,3200000,What a beefy tuba feature! (via Boston Crusaders/YT) #bostoncrusaders #2023 #tuba #drumcorps #dci #marchingband #band,False,,marchinghighlights,Marching Highlights,,,,,,False,,,
7296570320666758443,2023-11-01T14:59:35,61,US,54300,755,322,349400,Full field Marching Band Wobble #marchingband #marching110 #halftime #ohiouniversitymarching110 #wobblebaby ,False,,drumlinemom.740,Drumlinemom740 🥁,,,,,,False,Ohio University,"35 S Congress St, Athens, United States",Athens
7303768672265424171,2023-11-20T23:32:52,12,US,129400,7391,1203,722000,low woodwinds best section #marchingband #football #band #landof1000dances #funny@Gabe @layla ,False,,im_partipail,Chase,,,,,,False,,,
7402779073044286762,2024-08-13T20:03:42,33,US,26800,1029,163,179500,Peep Sebastian remembering how to march with straight legs again 😃 #marching #band #technique #mynd ,False,,themightyavon,The Mighty Avon,,,,,,False,Avon,"Hendricks County, Indiana, United States",
7307726615583182122,2023-12-01T15:31:44,15,US,407700,2214,1079,2100000,Couldnt be me #bandvideos #marchingband #music #trombones ,False,,mania_marching,Mania_Marching,,,,,,False,,,
7397058372006137134,2024-07-29T10:04:30,8,US,270700,13700,8943,1700000,#band #marchingband #flutes ,False,,thatweirdbiguy,꩜ Finn ꩜,,,,,,False,,,
7406887212765269279,2024-08-24T21:45:29,50,US,40000,4224,163,264700,Bow Bow Bow Bow !! Marching 100 popped out with it 🧡💚🧡💚 It’s Football Season!! Thee FAMU!#foryou #football #footballtiktok #marchingband ,False,,toyeforever_23,toyeforever_23,,,,,,False,,,
7375025797687430446,2024-05-31T01:06:51,29,US,8533,448,70,114200,Absolutely incredible. (via Antonio Cabrera/YT) #carolinacrown #hornline #brass #drumcorps #dci #marchingband #band #loud #warmup,False,,marchinghighlights,Marching Highlights,,,,,,False,,,
7298389097435958570,2023-11-06T11:37:39,26,US,18900,215,73,411500,give it up for Xandra for doing such a perfect lean back! #marchingband #athensohio #ohiouniversitymarching110 #ohiouniversity #marching110 #marchingbanddance #fyp #lightup #lightupeverybody #marching110lightup #marchingcymbal ,False,,themarching110,Unofficial Marching 110,,,,,,False,,,
7409724779659316511,2024-09-01T13:16:42,25,US,26600,1397,242,119600,this whole section was sick of me #collegefootball #gameday #marchingband #foryou #auburn ,False,,adelaycw,adelay,,,,,,False,Jordan-Hare Stadium,"251 S Donahue Dr, Lee, Alabama 36849, USA",Auburn University
7403785222891818270,2024-08-16T13:08:20,15,US,611500,19900,929,5500000,"It’s night block and it’s time to bust out the LED shoes to save the day. Video submission by @jackandrewjohnson. If you’d like to submit your favorite clips, you can by going to the link in our bio!  #MarchingVlogs #bandCamp #Band #MarchingBand",False,,marchingvlogs,Marching Vlogs,,,,,,False,,,
7338569853726395690,2024-02-22T18:19:16,18,US,1300000,18800,4206,16600000,burdened with glorious purpose #loki #marvel #marchingband #band #drums ,False,,auburndrumline,auburndrumline,,,,,,False,Auburn University,"Auburn University, Lee, Alabama, United States",Auburn University
7297479248019852590,2023-11-04T01:46:54,10,US,914600,8832,1723,6700000,Senior night - football player/drum major goes out with a bang! #hausofchang2023 #drummajor #bandlife #vvhsvanguard #drummajorwin #makingmemories #seniornight #marchingband #justkeepswimming ,False,,not_soh,Not_SOh,,,,,,False,Surprise,"Arizona, United States",
7326286926049316139,2024-01-20T15:55:30,27,US,388800,6124,2610,3200000,swag surf in the rain - Iron Bowl ‘22 #swag #drums #hiphop #band #music #marchingband ,False,,auburndrumline,auburndrumline,,,,,,False,Alabama,United States,
video_id,video_timestamp,video_duration,video_locationcreated,video_diggcount,video_sharecount,video_commentcount,video_playcount,video_description,video_is_ad,video_stickers,author_username,author_name,author_followercount,author_followingcount,author_heartcount,author_videocount,author_diggcount,author_verified,poi_name,poi_address,poi_city
7409384901809573162,2024-08-31T15:17:41,26,US,1200000,389800,16300,8000000,,False,,kapk1ri,Святой Капкир,,,,,,False,,,
7403280787497340167,2024-08-15T04:30:33,12,DE,56500,2066,271,442900,"Боязно становится за жизнь, когда люди имеют плохой конец из-за одного неверно принятого решения #реквиемпомечте #fyp #movieclips #foryou #фильм #foryou ",False,,djstrij,Сын матери,,,,,,False,,,
7406640634162973968,2024-08-24T05:48:34,9,UZ,516800,29900,2833,7600000,вот и конец лета💔,False,,fazikwn,fazikwn🚶🏻,,,,,,False,,,
7371896857322147078,2024-05-22T14:44:53,13,BY,22100,384,271,294900,💔 #школа #конец7класса #учебники #конец года #скоролето #реки #fypシ #on #р_е_к_о_м_и_н_д_а_ц_и_и ,False,,..kaatyaa,m.kaatya,,,,,,False,,,
7409382480664481057,2024-08-31T15:08:20,5,BY,9564,6213,24,72900,#CapCut #1сентября #конец #лето #fup #on #viral #fupシ #rek #for #врек #рек #recommendations #все ,False,,suf_valeriyaa,лерка,,,,,,False,,,
7410328832995003665,2024-09-03T04:20:45,20,PH,933,20,5,5004,"""I will save you in this timeline"" AU Art: eyesoffyou0003  #historicalmanhwa #vadtd #ogpenelopeeckart #penelopeeckart #winterverdandi #deathistheonlyendingforvillainess #villainsaredestinedtodie #wintelope #fyp #foryou #manhwa #xyzbca #смертьединственыйконецдлязлодейки ",False,,vntea813,Arly,,,,,,False,,,
7409017805741329670,2024-08-30T15:33:16,32,BY,4360,6643,84,268700,#31августа #последнийденьлета #споследнимднемлета #конецлета #жанна👋☺️🌹,False,,jannakhursik,Жанна,,,,,,False,,,
7325462241652854021,2024-01-18T10:34:53,13,UA,188300,5832,1275,1900000,ﾟ⁠.⁠*⁠･⁠｡ﾟ☆я не очень люблю начало весны☆ﾟ⁠.⁠*⁠･⁠｡ﾟ #весна #начяловесны #конецвесны #сирень #естетика #пинтерест #май #рекомендации #врек #4месяца ,False,,_xxsummerxxh_,♡ 𝕃𝕠𝕧𝕖 𝕪𝕠𝕦  ♡,,,,,,False,,,
7362885013467090181,2024-04-28T07:54:19,15,BY,35700,1480,367,726900,☹️ #fyp #on #greenscreen #рек #рекомендации #переписка #9класс #школа #выпускной #лето #конец #конецгода ,False,,cucumbaq,cu¿🎀,,,,,,False,,,
7410336015593819398,2024-09-03T04:48:37,12,KZ,392,28,3,3061,,False,,yariky7,ТГК: yariky7,,,,,,False,,,
7365603501038144811,2024-05-05T15:43:35,15,US,70800,11400,1440,983200,у меня нет идей что снимать. Хз залетит ли еще раз видео подобного варианта 😕 #2006 #Армия #конецфильма #юностьвсапогах #fyp #рекомендации #18лет #рек #служба ,False,,ove4doseeee,💋,,,,,,False,Krossfit-Klub Armiya,"Госпитальная улица, 2, въезд на территорию спортивной базы ЦСКА только со стороны Головинской набережной, Moskva, Russia, 111250",Moscow
7410140816179531015,2024-09-02T16:11:04,26,UZ,374,19,2,2199,Я В ТАШКЕНТЕЕЕЕ,False,,avvslxx1,леди баг👩🏻‍🦯,,,,,,False,,,
7398493247116430624,2024-08-02T06:52:31,37,BY,15500,858,545,266500,Олимпиада высмеивает Иисуса?  #христианство #иисус #олимпиада #библия #конецсвета ,False,,dudichslovo,dudichslovo,,,,,,False,,,
7403072529591471377,2024-08-14T15:02:33,10,AM,9384,177,1,62200,конец  #mayot #fyp #fup #viral,False,,sunnystaars,sunnystars,,,,,,False,,,
7410315684179135749,2024-09-03T03:29:45,82,KG,8605,434,252,141300,Replying to @quality_ а у вас сейчас какой смартфон? #какойайфонвыбрать #айфон16 #байгазыт ,False,,baigazy.t,Байгазы Техноблогер,,,,,,False,,,
7405205240108059912,2024-08-20T08:58:26,29,BY,1898,118,51,45500,"Это конец лета, почти конец света Ведь ты уже где-то, но не со мной…😔",True,,pozdnyakoff_official,Братья Поздняковы,,,,,,False,,,
7401779795333303585,2024-08-11T03:26:11,24,AE,39600,13900,157,727800,"Если твоя женщина обсуждает тебя со своими подружками, то это все, конец отношениям.",False,,robert____888,Robert_88,,,,,,False,,,
7347530111677156614,2024-03-17T22:49:31,20,UA,74200,1760,392,958500,это ещё не конец ✊ #шкода #skodastreetracing #skodaoctavia #прыжокна7лет #легенда #fyp #rek #рекомендации ,False,,.skodastreetracing,🆂🆃🆁🅴🅴🆃 🆂🅺🅾🅳🅰,,,,,,False,,,
7410127502477167878,2024-09-02T15:19:26,5,KZ,891,14,7,103400,Неожиданный конец😂 А что вы еще заметили на видео? #прически#парикмахер#студиякрасотыайрис#бютимастера#мастер,False,,gulzaaure,Gulzaaure,,,,,,False,,,
7386309997573164294,2024-06-30T10:55:14,24,BY,46700,6634,285,363000,Неожиданный конец! Позвонила брату и призналась в любви😱 #сигма #подкат #опрос #shorts #fyp ,False,,pessitt,pessiTT,,,,,,False,,,
7410147342285950214,2024-09-02T16:36:27,12,KZ,179,1,1,1432,,False,,awtushaa,автуша,,,,,,False,,,
7045573104646589698,2021-12-25T04:42:02,8,RU,77100,1151,412,489400,#тренды #fypシ #рекомендации #одиночество #deadinside #tokyoghoul #депрессия #психология #pov,False,,yooforken,конец,,,,,,False,,,
7317662011892960518,2023-12-28T10:06:02,8,KZ,590800,18700,2962,42100000,Mood под конец года🥴,False,,alan7aigerim,Alan💗Aigerim & Safi 🐣,,,,,,False,,,
7048363637538393345,2022-01-01T17:10:44,7,RU,22200,361,291,174300,"некоторые сожалеют, некоторые грустят то что бросили тебя #одиночество #dota2 #депрессия #тренды #рекомендации #deadinside #tokyoghoul #fypシ",False,,yooforken,конец,,,,,,False,,,
7215341917876260114,2023-03-27T17:31:50,18,US,208,26,5,2185,#dota2 #CapCut #yooforken #sf #эстетик #recommendations,False,,yooforken,конец,,,,,,False,,,
7067983704613915906,2022-02-23T14:06:36,5,RU,1496,47,47,18600,#рекомендации #fypシ #pov #dota2 #deadinside #tokyoghoul #тренды #zxcursed #грусть,False,,yooforken,конец,,,,,,False,,,
7388837181248310534,2024-07-07T06:22:02,5,BY,37300,30800,613,2000000,Завтра на работу ((( Конец отпуска  #реальность #юмор #советскоекино #работа #отпуск #лето #конецотпуска ,False,,userkat_morita,Морита,,,,,,False,,,
7388546330576129322,2024-07-06T11:33:29,19,US,59200,3087,456,1300000,я не верю что это конец очень надеюсь что нет...🥹#рекомендации #рек #рекомендации #рек #рекомендации #рек @Молодой Платон @AKYULIYCHFAN003 ,False,,platon_van,ᴘʟᴀᴛᴏɴɪx⭐💥,,,,,,False,,,
7371370457481678098,2024-05-21T04:42:15,10,US,99100,2439,600,3300000,"Можно написать, что это конец истории с большим животом… Но какой же это конец, правда? Это только НАЧАЛО😍 Написала все это, пересмотрела видео… И теперь плАчу😭😭😭 От того, что с Божьей помощью ВСЁ получилось! Вы все знаете мой путь, как все эти месяцы было не просто… Ах, сколько счастья эти два мааааленьких котёнка принесли в мою жизнь❤️ Рассаживайтесь поудобнее, друзья❤️ История только начинается) #теперьмама #родыблизнецов #тиктокрекомендации #близнецы #мамаблизнецов #многодетнаямама #семейныйтикток ",False,,linevaan,Настя Л.,,,,,,False,,,
7399226873890376976,2024-08-04T06:19:20,21,US,46100,16500,237,401700,"это конец, куроко! #смешарики #сейрин #баскетболкуроко #этоконецкуроко ",False,,jxmwyd,Jam,,,,,,False,,,
video_id,video_timestamp,video_duration,video_locationcreated,video_diggcount,video_sharecount,video_commentcount,video_playcount,video_description,video_is_ad,video_stickers,author_username,author_name,author_followercount,author_followingcount,author_heartcount,author_videocount,author_diggcount,author_verified,poi_name,poi_address,poi_city
7410073079629630726,2024-09-02T11:48:17,120,ZA,0,0,0,6,#fypシ #foryou #live #show ,False,,dukedennislives,Duke Dennis Live,,,,,,False,New York,"New York, United States",
7409305051358973190,2024-08-31T10:07:55,84,ZA,19,0,0,261,Part 4 #amp #foryoupage #dukedennislive #dukedennisclips #dukedennis #foryoupage ,False,,dukedennislives,Duke Dennis Live,,,,,,False,California,United States,
7402304213360839978,2024-08-12T13:21:02,61,CA,2457,36,23,44700,Duke Dennis & Mark Phillips goes at it on IG Live #fyp #rdc #rdcworld1 #dukedennis #foryou ,False,,allthingsrdc,AllThingsRDC,,,,,,False,,,
7389375320698162475,2024-07-08T17:10:18,25,US,2369,101,25,22200,,False,,editsbybre2,Breanna,,,,,,False,,,
7410233826149928198,2024-09-02T22:12:01,120,ZA,0,0,0,0,Part 3 #fyppppppppppppppppppppppp #southafricatiktok🇿🇦 #youtuber #southafricanyoutuber ,False,,dukedennislives,Duke Dennis Live,,,,,,False,,,
7409317949699263750,2024-08-31T10:57:53,120,ZA,9,0,0,88,Part 5 #foryoupage #dukedennis #amp ,False,,dukedennislives,Duke Dennis Live,,,,,,False,,,
7410417125396860190,2024-09-03T10:03:19,8,US,16,0,0,220,❗️FOLLOW STEPS ON PROFILE FOR MORE ❗️#dukedennis #dukedennisfunny #ampdukedennis #dukedennislive #dukedennissneakershoppingkaicenat #dukeandkai #kaicenatfunny #funny #amp #fyp #funny #edit #trend #love #toryourpage #fyppppppppppppppp #capcut #viraltiktok #blowthisup #robloxfyp #robloxmemes #nostalgia #gravityfalls #itendswithus #billcipher #ifondo #itendswithusmovie #blakelively #rushtok #colleenhoover #bookofbill #tgif #novelshort #kingvon #bamarush #happyfriday #theumbrellaacademy #tiktokbacktoschool #rush #lospollostv #itendswithusbook #sorority #fridayvibes #chatgpt #umbrellaacademy #fivehargreeves #tua #mm2fyp #costcoguys #workweek #careshaplease #viernes #курск #d23 #shacarririchardson #bo6 #justinbaldoni #arshadnadeem #lilybloom #breakdancing #borderlands #reflection #Preseason #recruitment #dailyprayer #whitneyhouston #therizzler #breakdance #privatelabeltest #airball #cucumbersalad #loveshackfancy #robloxfy #sororityrecruitment #blueface #friyay #shawnmendes #bamarushtok #bigjustice #yungmiami #jamielee #808 #ohyes #dipper #shanteltessier #starbandz #madness #aidangallagher #leagueoflegend #diegohargreeves #mevale #billford #klaushargreeves #emilie #gravityfallsbill #joemilton #matpat #d23expo #five #rushready #saopaulo #saucysantana #dragonforce #pigtails #caresha #babybill #ilapitts #us803 #nationalbookloversday #riots #nflpreseason #fordpines #moveinday #stanleypines #meperdientusojos #esb #us804 #newenglandpatriots #lutherhargreeves #allisonhargreeves #mabel #wicked #beetlejuice #michaelkeaton #jennaortega #winonaryder #sabrinacarpenter #shortnsweet #september #fall #autumn #halloween #spooktober #oasis #liamgallagher #noelgallagher #definitelymaybe #reunion #freakyfriday #wizardsbeyondwaverlyplace #characterai #prank #prankcall #ai ,False,,jimtejbtzb2,jimtejbtzb2,,,,,,False,,,
7410429721441291562,2024-09-03T10:52:10,15,US,9,0,0,55,Happy Tuesday yall! Going live tonight! Come chat! #fyp #foryou #tattedsunshine #fypシ゚viral #foryoupage #tiktok #viralvideos #trending #collegefootball #cfb #dukedennis #reto ,False,,tnvolsgirl09,Mel🏝️⛱️,,,,,,False,,,
7396978312964246826,2024-07-29T04:54:20,22,US,9176,403,34,181100,#live #twitch #twitchclips #clipfarm #faze #plaqueboymax #max #duke #dukedennis #amp ,False,,clippedbygilbert,Gilbert’s Clips,,,,,,False,,,
7399042456529980715,2024-08-03T18:23:44,11,US,48900,3088,219,270400,,False,,editsbybre2,Breanna,,,,,,False,,,
7410418796915281198,2024-09-03T10:09:46,18,US,1,0,0,124,CHRIS BEEN HANGING AROUND DUKE FOR TOO LONG 😭😭😭 #fyppppppppppppppppppppppp #fypシ゚viral #nyc #amp #funny #trending #chrisnxtdoor #dukedennis #kaicenat ,False,,clipped_live_,Clipped Live🎥,,,,,,False,,,
7312170465609403694,2023-12-13T14:56:06,74,US,1500000,7892,4903,13100000,One stop shop 💈😌 @Duke Dennis #femalebarber #cocoshinele #atl #barber #fyp #dukedennis ,False,,cocoshinele_,Coco Shinele 💈,,,,,,False,Atlanta,"Georgia, United States",
7410433019552517381,2024-09-03T11:04:57,20,CA,0,0,0,0,,False,,bushra.yasmin,Bushra Yasmin,,,,,,False,,,
7392001502501555498,2024-07-15T19:01:17,10,US,4186,207,34,28500,,False,,editsbybre2,Breanna,,,,,,False,,,
7410432971456531755,2024-09-03T11:04:46,87,US,4,0,0,5,Grwm to have a lil me day 🥂 How are we feeling about this new Doechii album? I fear she ate🥹 • • • #fyp #grwm #doechii #foryou #makeup ,False,,brandiallia1,BrandiAllia,,,,,,False,,,
7352242418487561518,2024-03-30T15:36:02,35,US,7915,104,40,133900,Nah duke is really living life 🔥 #dukedennis #fyp ,False,,realadinfinesserplug,Plug Finesser 🔌,,,,,,False,,,
7389345038205046059,2024-07-08T15:12:47,16,US,6911,212,69,48500,,False,,editsbybre2,Breanna,,,,,,False,,,
7410433027731459371,2024-09-03T11:04:58,8,US,6,0,0,51,I'm just playing abt that last part lol but an invitation was extended for October ,False,,kingkamaya,KingKamaya,,,,,,False,,,
7399383364957900075,2024-08-04T16:26:37,12,US,5329,211,39,33700,,False,,editsbybre2,Breanna,,,,,,False,,,
7410433012103433505,2024-09-03T11:04:55,97,US,0,0,0,0,#thedisturbmostscary #scary #scarystories #scarytiktoks #scaryvideos #horror #ghost #fyp #foryou,False,,reddit.tiktok04,The Disturb Most Scary,,,,,,False,,,
7396875816149273888,2024-07-28T22:16:37,40,GB,335,5,13,59900,Was Duke dennis ignoring Sketch on purpose  #dukedennis #sketch #livestreamer #kaicenat #fyp ,False,,lnozza123,Lnozza,,,,,,False,,,
7312261936106999086,2023-12-13T20:51:01,43,US,266400,339,748,2200000,“i literally live here” 😭 #dukedennis #fyp ,False,,realadinfinesserplug,Plug Finesser 🔌,,,,,,False,,,
7353854391734062379,2024-04-03T23:51:22,94,US,318100,19700,1417,2000000,duke ends his stream after reacting to the craziest quote tweet to his post 😭😭 #dukedennis #duke #viral #fyp @Duke Dennis  ,False,,contursii,contursii,,,,,,False,,,
7410432984068738311,2024-09-03T11:04:46,9,US,2,0,0,14,#tiktoknepal🇳🇵 #fypシ #zindagi #🦋🇳🇵 ,False,,sangita__143k,❣️संगिता मगर ❣️,,,,,,False,,,
7345201692230569262,2024-03-11T16:14:24,11,US,71800,3716,230,389000,,False,,editsbybre2,Breanna,,,,,,False,,,
7335293533768650027,2024-02-13T22:25:39,16,US,364000,4167,970,2000000,,False,,editsbybre2,Breanna,,,,,,False,,,
7410433032940703009,2024-09-03T11:05:00,32,DE,7,0,1,182,#معنی#میوه#خر بزه#afg#tiktak#faryou#fürdich#,False,,biriciksalioglu,Queen cooking 🤍👸🏻👑🦋,,,,,,False,,,
7396025529750736174,2024-07-26T15:16:33,34,US,22600,103,79,315600,#live #twitch #twitchclips #clipfarm #faze #stableronaldo #duke #dukedennis #dreamcon #kani #kanirosi ,False,,clippedbygilbert,Gilbert’s Clips,,,,,,False,,,
7410218452746784005,2024-09-02T21:12:25,6,US,99,0,6,2017,"good idea, right? #starbandz #icespicememes #ilapitts #dukedennislive",False,,juanitaliffe,juanita🩵,,,,,,False,Atlanta Georgia Temple,"6450 Barfield Rd, Atlanta, United States",Atlanta
7410432992176393515,2024-09-03T11:04:50,15,US,0,0,0,1,,False,,javoncemathis1,Javonce Mathis,,,,,,False,,,
7410433033980955946,2024-09-03T11:05:00,15,US,41,0,5,277,Ask and you shall receive. Here’s another “quiz” but it’s harder because I didn’t use my hand to guide the melody. Hint: it’s a song by the one and only Bruno Mars. Listening for the rhythm may help!  #overtones #overtonesinging #polyphonicsinging #singing #musictheory #musicnerd #sound #physics #tuvanthroatsinging #throatsinging ,False,,yeekewang,YEEKE,,,,,,False,,,
video_id,video_timestamp,video_duration,video_locationcreated,video_diggcount,video_sharecount,video_commentcount,video_playcount,video_description,video_is_ad,video_stickers,author_username,author_name,author_followercount,author_followingcount,author_heartcount,author_videocount,author_diggcount,author_verified,poi_name,poi_address,poi_city
7244700387326872837,2023-06-14T20:17:40,37,EC,6867,315,958,270900,#fypシ #foryou #epoxy #resin #floor ,False,,hecho.para.ti,RE,,,,,,False,,,
7290021195284614405,2023-10-14T23:25:31,31,EC,516,45,49,16400,Pisos con resina #resinart  #resin #epo #epoxy #epoxyresin #fypシ #floor ,False,,hecho.para.ti,RE,,,,,,False,,,
7232707167218961670,2023-05-13T12:37:48,53,EC,4953,120,350,107100,#fypシ #foryou #floor #epoxy #resin ,False,,hecho.para.ti,RE,,,,,,False,,,
7331912736047205637,2024-02-04T19:46:08,25,EC,1571,46,182,49400,"Aprende desde cero pisos con Resina, Epoxy Floor #epoxy #resin #floor #pisos #resina ",False,,hecho.para.ti,RE,,,,,,False,,,
7410385192247889185,2024-09-03T07:59:21,15,IT,4314,546,35,23000,Sono il re della savana cuccioli,False,,peppotarzan,PEPP O TARZAN,,,,,,False,,,
7410382904766876960,2024-09-03T07:50:54,7,FR,2325,36,21,11500,J’AI RECUP MON COMPTEEEE🥳🥳🥳#naialastar ,False,,naia_la_star,⭒Naïa⭒,,,,,,False,,,
7410407406758382854,2024-09-03T09:25:34,31,BR,413,0,106,3226,ME AJUDEM 🥹🙏🏻 VOLTO NA LOJA HOJE  #23daRê #divertidamente #aniversario #artista #teatro #vestido #festa ,False,,renata.c.schneider,Renata Schneider,,,,,,False,,,
7410403693876481312,2024-09-03T09:11:10,86,DE,1333,5,40,10200,Die meisten würden wahrscheinlich gar nichts mehr dazu sagen oder einfach „ich hatte keine Zeit mehr“. Ich hab mich wie immer für die Wahrheit entschieden 😅🤷🏼‍♀️ IG: franziskaelea #jungpferd #reitbeteiligung #jungpferdeausbildung #reiterwelt #reitsport #franziundfleur #franziskaelea ,False,,franziundfleur,Franzi und Fleur,,,,,,False,Cologne,"Koeln, North Rhine-Westphalia, Germany",
7410382302280158497,2024-09-03T07:48:17,7,FR,9196,564,32,38400,J’AI RECUP MON COMPTEEE#naialastar ,False,,naia_la_star,⭒Naïa⭒,,,,,,False,,,
7410358859501473057,2024-09-03T06:17:12,80,FR,8068,274,27,61000,ce mec relou mais a meme temps tu l’admire,False,,_matep_,matep,,,,,,False,,,
7410405637454056736,2024-09-03T09:18:44,43,ES,3932,72,31,20000,os prometí el peor contenido de todo internet y no os fallaré ,False,,mishoamoli,Misho Amoli,,,,,,True,,,
7410401203542134048,2024-09-03T09:01:33,63,FR,1125,85,91,12300,Voici l’homme qui a mis le feu à l’église de Saint Omer.  C’est un multi récidiviste il a mis le feu à 15 églises  #france🇫🇷 #chretienfrance #eglisechretienne ,False,,thefrenchdroitard,LeDroitard 🇫🇷,,,,,,False,Quelque Part...,"1 Rue Ambroise Thomas, 75009 Paris, France",Paris
7366581030549048584,2024-05-08T06:56:49,13,KR,3300000,57900,29700,18400000,are you looking for us? we're here 😏  #TXT #YEONJUN #HUENINGKAI  #ACT_PROMISE #TXT_TOUR_ACTPROMISE,False,,txt.bighitent,TOMORROW X TOGETHER,,,,,,True,,,
7410370903470574880,2024-09-03T07:03:58,9,NO,13200,756,1819,64800,We’re bored #fyp ,False,,marcusandmartinus,Marcus & Martinus,,,,,,True,,,
7410387380777061665,2024-09-03T08:07:58,9,FR,998,7,30,10900,"Après 4h d’entraînement on a grave géré, vous en pensez quoi ?🥰 #dance #trend #entrainement ",False,,ana.hnf,Ana,,,,,,False,,,
7410401790966943009,2024-09-03T09:03:46,79,GB,822,10,13,5316,"if you dont have a lot of friends, it doesnt mean you’re the problem. ",False,,tamkaur_,TAM KAUR,,,,,,False,London,United Kingdom,
7397465080297721131,2024-07-30T12:22:44,7,US,2400000,1000000,13400,9800000,HELP @KavehsGalvanizedSquareSteel 📏 #fy #real ,False,,rey.whatthesigma,⋆ ˚｡⋆୨Rey୧⋆ ˚｡⋆,,,,,,False,,,
7410375832755113222,2024-09-03T07:23:07,52,CI,1821,33,30,16300,Le Soya qui répare les Goumins 😍❤️ #Ndockbidi #camerountiktok🇨🇲 #murielblanche #CapCut #cotedivoire🇨🇮225 #gabon🇬🇦 ,False,,ndockbidi_food,Trésor Nwoula,,,,,,False,,,
7384052256297078021,2024-06-24T08:54:03,12,ZA,2800000,202500,11700,30000000,You’re welcome #fyp #tiktoksouthafrica #englishorspanish #fyppppppppppppppppppppppp ,False,,suhayfaaaa,su,,,,,,False,,,
7410400438132034832,2024-09-03T08:58:35,25,TR,805,5,44,14500,Pankreas sonuçlarım kötü çıktığı için dün tekrar hastaneye yatışım yapıldı inşallah bu sefer iyileşip çıkıcam dua edin bana 🙏,False,,seydaydin_,ŞEYDA AYDIN,,,,,,True,,,
7410356204045716743,2024-09-03T06:06:50,110,MM,3776,15,36,84600,"တရုတ်အနေဖြင့် ရုရှားထံမှ နယ်မြေများကို ပြန်ယူသင့်ဟု ထိုင်ဝမ်ပြော CNI International News တိုင်ပေ၊ စက်တင်ဘာ ၃ တရုတ်အနေဖြင့် ထိုင်ဝမ်ကို ပိုင်ဆိုင်ကြောင်း ကြေညာနေမည်ဆိုပါက ၁၉ ရာစုနှစ်က ရုရှားကို ပေးအပ်ခဲ့သည့် နယ်မြေများကိုလည်း ပြန်လည်တောင်းယူသင့်သည်ဟု ထိုင်ဝမ်သမ္မတ လိုင်ချင်တေး (Lai Ching-te) က ထိုင်ဝမ် မီဒီယာတစ်ခုနှင့်ပြုလုပ်သည့် အင်တာဗျူးတွင် ပြောကြားခဲ့ကြောင်း ရိုက်တာမှ ဖော်ပြခဲ့သည်။ တရုတ်သည် ဒီမိုကရေစီနည်းကျ အုပ်ချုပ်နေသည့် ထိုင်ဝမ်ကို ၎င်း၏ နယ်နိမိတ်တစ်ခုအဖြစ် ကြေညာထားပြီး လိုအပ်လာပါက အင်အားသုံး သိမ်းယူသွားမည်ဟု မကြာခဏ ပြောကြားခဲ့သည်။ သို့သော်လည်း ထိုင်ဝမ်အစိုးရကမူ ထိုပြောကြားချက်များကို ငြင်းဆိုခဲ့ကာ ထိုင်ဝမ်ဒေသခံများသည် မိမိတို့ အနာဂတ်ကို မိမိတို့ကိုယ်တိုင်သာ ဆုံးဖြတ်မည်ဖြစ်ကြောင်း တုန့်ပြန်ခဲ့သည်။ စက်တင်ဘာ ၁ ရက်က ထိုင်ဝမ်ရုပ်သံ တစ်ခုနှင့်ပြုလုပ်သည့် အင်တာဗျူးတစ်ခုတွင် လိုင်က တရုတ်၏ နယ်မြေ အများအပြားကို ရုရှားအင်ပါယာထံ ပေးအပ်ခဲ့သော ၁၈၅၈ ခုနှစ်က Treaty of Aigun အမည်ရှိ သဘောတူ စာချုပ် အကြောင်းကို ပြောကြားခဲ့သည်။ ထိုသဘောတူညီချက်ကို တရုတ်၏ ချင် (Qing) မင်းဆက်က အတည်ပြုရန် ငြင်းဆန်ခဲ့သော်လည်း ၂ နှစ်အကြာ တွင် ပီကင်းညီလာခံ (Convention of Peking) ၌ အတည်ပြုခဲ့သည်။ ထိုစာချုပ်သည် ၁၉ ရာစုနှစ်က တရုတ်နှင့် ပြည်ပအင်အားကြီး နိုင်ငံများနှင့် ချုပ်ဆိုခဲ့သည့် မျှတမှုမရှိသော စာချုပ်များထဲမှ တစ်ခုအပါအဝင် ဖြစ်ခဲ့သည်။ ""တရုတ်က ထိုင်ဝမ်ကို တိုက်ခိုက်သိမ်းပိုက်ချင်နေတာက ထိုင်ဝမ်မှာရှိတဲ့ လူပုဂ္ဂိုလ် တစ်ဦးတစ်ယောက်ကြောင့် ဒါမှမဟုတ် နိုင်ငံရေးပါတီ တစ်ခုကြောင့် မဟုတ်ပါဘူး။ နယ်မြေတည်တံ့ ခိုင်မြဲရေးအတွက်လည်း မဟုတ်ပါဘူး"" ဟု လိုင်က ပြောကြားခဲ့သည်။ ""နယ်မြေတည်တံ့ ခိုင်မြဲရေး အတွက်သာဆိုရင် Treaty of Aigun စာချုပ်အရ ရုရှားကို ပေးထားတဲ့ နယ်မြေတွေကို ဘာလို့ ပြန်မတောင်းတာလဲ။ အခုချိန်မှာ ရုရှားက အားအနည်းဆုံး အချိန်ဖြစ်နေပြီလေ"" ဟု လိုင်က ပြောကြားခဲ့ သည်။ ချင်မင်းဆက်လက်ထက် ချုပ်ဆိုခဲ့သည့် ထိုစာချုပ်အရ တရုတ်အနေဖြင့် ရုရှားထံမှ နယ်မြေများကို ပြန်တောင်းနိုင် ကြောင်း၊ သို့သော် ပြန်တောင်းခဲ့ခြင်း မရှိကြောင်း၊ ထို့ကြောင့် ထိုင်ဝမ်ကို ကျူးကျော်ရန် ဆန္ဒရှိနေခြင်းသည် နယ်မြေတည်တံ့ခိုင်မြဲရေးဆိုသည့် အကြောင်းပြချက်ကြောင့် မဟုတ်ကြောင်း လိုင်က ဆက်လက် ပြောကြားခဲ့ သည်။ စင်စစ်အားဖြင့် တရုတ်သည် ထိုင်ဝမ်ကို သိမ်းယူရန် ဆန္ဒရှိနေခြင်းသည် စည်းမျဉ်းအခြေပြု နိုင်ငံတကာ အခင်းအကျင်းကို ပြောင်းလဲရန်ဖြစ်ကြောင်း လိုင်က ပြောသည်။ လိုင်၏ ပြောကြားချက်နှင့် ပတ်သက်ပြီး တရုတ်၏ ထိုင်ဝမ်ရေးရာရုံးက မှတ်ချက်တစ်စုံတစ်ရာ မပေးသေးပေ။ တရုတ်အစိုးရကမူ ထိုင်ဝမ်သည် ရှေးဟောင်းကာလများကတည်းက တရုတ်၏ နယ်နိမိတ်တစ်ခုဖြစ်ခဲ့ကြောင်း ပြောကြားထားသည်။",False,,cnimyanmar09,CNI_TV_Channel,,,,,,False,,,
7410381441462209799,2024-09-03T07:44:46,144,LK,1566,5,30,25600,රු ලක්ෂ 2කු වතුරට දාපු හැටි🥺😍 ඉතින් ශ්‍රී ලංකා keytag කියන්නේම සෑහෙන්න ඉල්ලුමක් තියෙන වටිනාකමක් තියෙන නිර්මානයක්❤️  #imocraft🌻 #tictoktainment #imocraft #imocraft #resin #reainartsrilanka ,False,,imocraft,Imo craft🌻,,,,,,False,,,
7410383954123050258,2024-09-03T07:54:29,50,KH,1828,50,66,21400,Replying to @Jenti 👌😋#ជុំសៅ #អ្នកកំពង់ឆ្នាំង ,False,,official_jomsao,ជុំសៅ ✓,,,,,,False,,,
7410364879464303904,2024-09-03T06:40:35,27,FR,386,7,0,3594,Vous me remercierez plus tard 😉😂🇬🇧,False,,wasupitsraf,Rafael Caplan 💙,,,,,,True,,,
7410356431368555793,2024-09-03T06:07:51,85,MM,1030,5,4,18500,ထိုင်းဝန်ကြီးချုပ် ပေတုန်တန်က အစိုးရအဖွဲ့ကို အပြီးသတ်ရွေးချယ် CNI International News ၂၀၂၄ ခုနှစ်၊ စက်တင်ဘာ ၃ ထိုင်းဝန်ကြီးချုပ် ပေတုန်တန် ရှင်နာဝပ် (Paetongtarn Shinawatra) သည် အသစ်ဖွဲ့စည်းမည့် အစိုးရအဖွဲ့တွင် ပါဝင်မည့် သူများစာရင်းကို အပြီးသတ် ရွေးချယ်ခဲ့ပြီးနောက် ယခုသီတင်းပတ်အတွင်း ဘုရင်၏ အတည်ပြု ထောက်ခံချက်ရရန် ဘုရင့်ထံ တင်သွင်းသွားမည်ဖြစ်ကြောင်း ရိုက်တာမှ ဖော်ပြခဲ့သည်။ ပေတုန်တန်၏ ယာယီအစိုးရအဖွဲ့အတွင်းမှ ထိပ်သီးအရာရှိများကမူ အစိုးရအဖွဲ့သစ်သည် စက်တင်ဘာလ လယ်ပိုင်းတွင် အပြီးသတ် ဖွဲ့စည်းလိမ့်မည်ဖြစ်ကြောင်း ယခင်က ပြောကြားခဲ့ဖူးသည်။ အသစ်ဖွဲ့စည်းမည့် အစိုးရအဖွဲ့အတွင်း လက်ရှိ ဘဏ္ဍာရေးနှင့် နိုင်ငံခြားရေးဝန်ကြီးများကို ဆက်လက် ခန့်အပ် ထားမည်ဖြစ်သော်လည်း ဝန်ကြီးများနှင့် လက်ထောက်ဝန်ကြီးများ အပါအဝင် ရာထူးနေရာ ၁၁ နေရာတွင် လူသစ်များ ပါဝင်လာဖွယ်ရှိကြောင်း ဒေသခံမီဒီယာများက ဖော်ပြခဲ့သည်။ အစိုးရအဖွဲ့သစ်သည် ယခင်အစိုးရအဖွဲ့ထက် လွှတ်တော်နေရာ အနည်းငယ် ပိုမိုများပြားလိမ့်မည်ဖြစ်ကြောင်း  ပေတုန်တန်၏ အာဏာရ ဖြူးထိုင်းပါတီ အတွင်းရေးမှူးချုပ် ဆိုရာဝမ် သီအန်သွန်း (Sorawong Thienthong) က ရိုက်တာသတင်းဌာနသို့ ပြောကြားခဲ့သည်။ သို့သော် အစိုးရအဖွဲ့သစ်တွင် ပါဝင်မည့် လူစာရင်းကိုမူ ထုတ်ဖော် ပြောကြားခဲ့ခြင်း မရှိပေ။ ပြီးခဲ့သည့်လက ဆရီသာ သာဗီဆင် (Srettha Thavisin) သည် ဝန်ကြီးချုပ်ရာထူးမှ ဖယ်ရှားခံခဲ့ရပြီးနောက် ရက်ပိုင်းအကြာတွင် အသက် ၃၈ နှစ်အရွယ် ပေတုန်တန်ကို လွှတ်တော်က ဝန်ကြီးချုပ်အဖြစ် ရွေးကောက် တင်မြောက်ခဲ့ခြင်းဖြစ်သည်။ ပေတုန်တန်သည် ထိုင်းနိုင်ငံ၏ အသက်အငယ်ဆုံး ဝန်ကြီးချုပ်ဖြစ်ပြီး ဒုတိယမြောက် အမျိုးသမီး ဝန်ကြီးချုပ်ဖြစ် ကာ သက်ဆင်မိသားစုအတွင်း ဝန်ကြီးချုပ်နေရာကို ရရှိသည့် တတိယမြောက် မိသားစုဝင် ဖြစ်လာခဲ့သည်။ ပေတုန်တန်သည် ဝန်ကြီးချုပ်ဟောင်း သက်ဆင်ရှင်နာဝပ် (Thaksin Shinawatra) ၏ သမီးဖြစ်ပြီး ယခင် အမျိုးသမီးဝန်ကြီးချုပ် ယင်းလပ် ရှင်နာဝပ် ( Yingluck Shinawatra) ၏ တူမတော်စပ်သူဖြစ်သည်။ အသစ်ဖွဲ့စည်းမည့် အစိုးရအဖွဲ့တွင် စစ်တပ်နှင့်ဆက်နွှယ်သည့် Palang Pracharat ပါတီ ပါဝင်တော့မည် မဟုတ်ဘဲ ဖြူးထိုင်းပါတီ၏ ပြိုင်ဘက်ဟောင်း ဒီမိုကရက်တစ်ပါတီ ပါဝင်လာခဲ့သည်။,False,,cnimyanmar09,CNI_TV_Channel,,,,,,False,,,
7410390981201202439,2024-09-03T08:21:48,60,KH,890,67,265,8217,Replying to @Zeii Ret🐷💖 🙏🏻🙏🏻🙏🏻 #រាល់ការកម្ម៉ង់សូមឆាតចូលផេកប្រហិតឆឹងពូឈីវមីងឆយ🙏🏻🙏🏻🙏🏻 ,False,,mingchouy17,Mingchouy17,,,,,,False,,,
7410373585946168619,2024-09-03T07:14:25,7,FR,1221,1,24,9892,C'est Jordan ça je reconnais 🤥 #france #basketball #pourtoi #fyp #viral #ote ,False,,overtimefr,Overtime France,,,,,,True,,,
7395392016563047710,2024-07-24T22:18:17,12,US,1700000,85500,32000,17200000,"KAMALA, YOU’RE FIRED!",False,,realdonaldtrump,President Donald J Trump,,,,,,True,,,
7389719104766135584,2024-07-09T15:24:23,8,NL,1500000,45800,8771,13100000,"I found out about @🪕 𝐘𝐚𝐞𝐥𝐨𝐤𝐫𝐞 🐦📖🌾 today and i cried after i heard this song multiple times. I have never had such a deep connection with a song before, so this song means so much to me 🥲 #yaelokre #yaelokreedit #edit #edit #folklore #folk #folksong #harpyhare #vidoestar #vsp #fyp #foryou #viral ",False,,harpynorie,HarpyNorie,,,,,,False,,,
7385097460496026881,2024-06-27T04:30:02,28,KR,3500000,191900,49700,18000000,🚰 ᵒ̴̶̷̥́ ·̫ ᵒ̴̶̷̣̥̀🚰 #IVE #아이브 #アイヴ  #REI #레이 #レイ ,False,,ive.official,IVE.official,,,,,,True,,,
7409004221967813894,2024-08-30T14:40:32,11,BY,1600000,404000,52000,10300000,ИДЕЯ / ТРЕНД МОЙ ОТМЕЧАЙТЕ ЕСЛИ БЕРЁТЕ @Госпожа Эвелин ХАХАХАХ #рекомендации #глобальныерекомендации #догток #догтокеры #догкомьюнити #догтикток #английскийдогток #баддидог #rekomendasifilm #globalrecommendations #rek #on #fyp ,False,,baddi...dog,baddi...dog✞𖤐,,,,,,False,,,
7410396687362952480,2024-09-03T08:43:56,16,DE,1918,8,43,10000,Hilfe😀😀 #CapCut #4reallwne ,False,,4real.lwne,Lene🌷,,,,,,False,,,
7386944057165008146,2024-07-02T03:55:43,22,PH,1300000,33000,10600,12900000,#Yaelokre,True,,yaelokre,Yaelokre,,,,,,False,,,
video_id,video_timestamp,video_duration,video_locationcreated,video_diggcount,video_sharecount,video_commentcount,video_playcount,video_description,video_is_ad,video_stickers,author_username,author_name,author_followercount,author_followingcount,author_heartcount,author_videocount,author_diggcount,author_verified,poi_name,poi_address,poi_city
7409448908079926574,2024-08-31T19:26:04,15,US,14200,280,112,102700,HAVE YOURSELF A DAY JEREMIAH SMITH 🤝 (via @Ohio State Football) #jeremiahsmith #ohiostate #d1 #collegefootball #cfb #osu #touchdown #freshman #debut ,False,,overtimeszn,Overtimeszn,,,,,,True,,,
7409355779842559274,2024-08-31T13:24:41,27,US,14800,41,17,83200,Thats another volleybucks WIN #gobucks #ohiostate #volleyball #fyp #osu ,False,,ohiostatewvb,Ohio State Volleyball,,,,,,True,,,
7403510240584404254,2024-08-15T19:21:08,14,US,6564,147,90,60700,welcome to college🥰 #fyp #foryou #foryoupage #college #university #freshman #classof2028 #movein #dorm #dormtour #dormhaul #ohiostate #THE ,False,,emmalyyynch,emma grace,,,,,,False,,,
7408399307264494878,2024-08-28T23:33:11,34,US,6187,185,121,30000,God is doing amazing things here through amazing people. How blessed am i to witness it! #ohiostate #ohio #christian ,False,,kamikortokrax,Kami27,,,,,,False,The Ohio State University,"Ohio, United States",
7407148460996250926,2024-08-25T14:39:10,15,US,700000,13400,1862,4100000,Edited by sorrysix @Lisacampb3ll #blowthisup #mom #ohiostate #dance #2 #lilyachty ,False,,trentcampb3ll,HollywoodTC©️,,,,,,False,,,
7409483780895051054,2024-08-31T21:41:23,35,US,694,6,6,47300,Quinshon Judkins is going to be so huge for Ohio State this year @quinshon_ ,False,,buckeyenationclips,Ohio State Buckeye Nation,,,,,,False,,,
7407412271409843498,2024-08-26T07:43:00,13,US,33700,1303,164,133800,The Lord is moving through this university and it is so amazing to see these football players share the Lords goodness!! What a night to be a part of & the Lord was so present through it all 🤍🙏🏻 #ohiostate #jesuslovesyou ,False,,malg10,Mal_raye,,,,,,False,,,
7408190951748799787,2024-08-28T10:04:34,63,US,11700,238,99,95600,Get to know @Ohio State Football running back Quinshon Judkins #GoBucks @Safelite #OhioStateFootball ,False,,ohiostateathletics,OhioStateAthletics,,,,,,True,,,
7409092860642987295,2024-08-30T20:24:32,73,US,51700,1731,279,341500,Big day tomorrow for pregame i-dotter Brody Hyre! #GoBucks #marchingband #tbdbitl #ohiostate ,False,,tbdbitl_official,Ohio State Marching Band,,,,,,False,,,
7409759493896047915,2024-09-01T15:31:17,11,US,11000,114,99,71500,THE Freshman put on a show 🍿#gobucks @Jeremiah Smith ,False,,ohiostatefb,Ohio State Football,,,,,,True,,,
7324016082434542854,2024-01-14T13:03:02,131,US,1300000,11800,3253,8000000,Ohio State - UDA Finals 2024 D-IA Jazz #ohiostate #ohiostatedanceteam #uda2024 #udafinalists ,False,,marymsabogal,Maria Monica Sabogal,,,,,,False,ESPN Wide World of Sports Complex,"700 S Victory Way, Orlando, FL 34747, United States",Celebration
7410103133491186987,2024-09-02T13:44:48,36,US,3268,39,13,15000,man what a story 🥹|#nfl #cfb #cfbplayoff #ohiostate #fyp ,False,,gridiron.prod,g.prd,,,,,,False,,,
7365689661920005418,2024-05-05T21:17:56,11,US,7710,75,67,343900,weirdest day of my life but got my masters! #fy #fyp #ohiostate #osu #ohio #college #graduation #masters ,False,,quinnkuntz,quinn,,,,,,False,Ohio,United States,
7409433018944802079,2024-08-31T18:24:31,6,US,1424,192,22,70200,#ncaa #ncaa25 #ncaafootball #cfb25 #ohiostate #ohiostatefootball #quinshonjudkins #foryoupage ,False,,nocapclipsss_,nocapclipsss_,,,,,,False,,,
7406783732192906527,2024-08-24T15:03:56,6,US,12400,470,169,104900,Thanks for asking @UWBuckyBadger!  Who else is excited for @Ohio State Football? 😃 #Buckeyes #gobucks #ohiostate #colegefootball #fyp #foruou #mascot #osu ,False,,osubrutusbuckeye,Brutus Buckeye,,,,,,True,Ohio Stadium,"410 Woody Hayes Dr, Franklin, Ohio 43210-1104, USA",Columbus
7409818542012501279,2024-09-01T19:20:32,61,US,25200,971,155,161800,"The ONLY two-time Heisman Trophy winner, Archie Griffin, dots the “i” in Script Ohio #marchingband #tbdbitl #ohiostate ",False,,tbdbitl_official,Ohio State Marching Band,,,,,,False,,,
7366059874792262955,2024-05-06T21:14:28,14,US,418700,8527,3238,2600000,This woman is has sacrificed so much for my family and I’m so so so proud of her. ❤️#ohiostate #graduation #grandmother ,False,,lydiagkelley,Lydia Kelley,,,,,,False,,,
7409456924414070059,2024-08-31T20:10:14,25,US,39400,1728,181,171000,JJ has arrived #ohiostatefootball #collegefootball #foryoupage #trending #football #edit #jeremiahsmith #marvinharrisonjr,False,,osubuckeyefootball,osubuckeyefootball,,,,,,False,,,
video_id,video_timestamp,video_duration,video_locationcreated,video_diggcount,video_sharecount,video_commentcount,video_playcount,video_description,video_is_ad,video_stickers,author_username,author_name,author_followercount,author_followingcount,author_heartcount,author_videocount,author_diggcount,author_verified,poi_name,poi_address,poi_city
7275039851081256234,2023-09-04T14:30:25,15,US,1900000,41400,4057,14100000,You HAVE to Cheer at the Football Game 👏🔥 (Via theprmob_/ig) #studentsection #highschoolsports #football #footballgame #highschoolfootball #schoolspirit #sports #cop #police #studentlife #fnl #fridaynightlights ,False,,maxpreps,maxpreps,,,,,,True,,,
7407233015904210222,2024-08-25T20:07:17,3,US,38900,12900,1414,1100000,I MADE THE FOOTBALL TEAM!! #grwmforfootballtryouts #footballtryouts #football #tryouts #fnl #fridaynightlights #grwm #getreadywithme #imadethefootballteam #footballteam #varsitycaptain #viral #famous #fyp #foryou #foryoupage ,False,,grwmhudson,hudson!!,,,,,,False,,,
7406465336565828906,2024-08-23T18:28:17,13,US,12300,43,31,113600,football fit check #fyp #ootd #curlyhair #fnl ,False,,_paisleywillow,p,,,,,,False,,,
7410180280285203743,2024-09-02T18:44:16,16,US,97600,945,594,908600,"Woah 😳🔥 (via two_guys_sports, PeeDeeFootball/X) #football #cfb #fnl ",False,,espn,ESPN,,,,,,True,,,
7409121291275357482,2024-08-30T22:14:44,8,US,36100,3920,138,142800,FNL!!@❀ #fypppp #FNL #footballtiktok ,False,,kiaaamonet_,❤︎︎,,,,,,False,,,
7406743018499312942,2024-08-24T12:25:50,6,US,32300,2749,413,322900,Frm yesterday #viral #fy #foryou #foryoupage #zesty #highschoolfootball #footballszn #footballseason #fridaynightlights #fnl #fyppppppppppppppppppppppp #trend @p pusha @jayy @no heart ,False,,calovesjae,1%,,,,,,False,San Luis Obispo,"San Luis Obispo, United States",
7408684585157922090,2024-08-29T18:00:06,88,US,6441,32,26,46500,don’t mind how tired i am lol #grwm #fnl ,False,,gabrielscottstevens,gabriel,,,,,,False,,,
7308469269325450538,2023-12-03T15:33:40,15,US,254000,971,1182,1600000,Forever grateful for fnl🥲❤️🐾 #senioryear @hi ,False,,madywadypriv,Mady,,,,,,False,,,
7292834106600082731,2023-10-22T13:21:08,12,US,9187,242,12,257100,home or away our halftime slays❤️‍🔥 #drillteam #fnl #dance ,False,,sanbenitobelles,SB Belles,,,,,,False,Bobby Morrow Stadium,"2025 La Palma St, Cameron, Texas 78586, USA",San Benito
7406543286560705823,2024-08-23T23:30:53,5,US,26300,1253,286,138400,45-0 at half😬 #FNL ,False,,whos_steph420,Not Steph,,,,,,False,,,
7398590441085472030,2024-08-02T13:09:52,5,US,7438,201,27,39100,It just makes me so happy  #fnl #fridaynightlights #footballgames #highschoolfootball #fnl🏈 #fridaynight #footballszn #highschool #backtoschool #fypage #viral #football #cheerszn #footballcheer #cheerleading ,False,,kensleybrae,Kens💓,,,,,,False,,,
7409153976534306078,2024-08-31T00:21:41,6,US,1903,20,2,24800,$0 #fnl #photography #fridaynightlights #fyp #beachtheamed ,False,,macyhollis..08,Mace,,,,,,False,,,
7146950059517562155,2022-09-24T10:16:39,23,US,8447,168,53,62300,senior year feels 😭😭 #fyp #foryou #football #fridaynightlights #fnl #highschool #classof2023 #perksofbeingawallflower ,False,,marwa.jpg,marwa,,,,,,False,,,
7403809134061161771,2024-08-16T14:40:56,14,US,137000,8693,479,759500,game day w/ my person.❤️ #fnl #cheer #cheerleading #football #footballszn #fyp #loveyou @Mr.11 ,False,,jazariaa_,jayz💞,,,,,,False,,,
7403836251889011999,2024-08-16T16:26:16,9,US,128700,963,38,1500000,#peprally #fnl #dance #dancers #football #bestdanceteam #danceteam #dancer #highschool #teachersoftiktok #school ,False,,stefabulz55,Stephanie Dianne Ker,,,,,,False,,,
7408722104910089514,2024-08-29T20:25:41,26,US,4584,114,29,55300,"Bulldogs, always do your best to support your school and the teams in it! PARTICIPATING IS NOT EMBARRASSING☝️-Spike & Spikette #fnl #highschool #stucopresents #stuco #football #sports #studentbody #fyp ",False,,palisadespirit,Phs Spirit,,,,,,False,Stocker Stadium Football Field,"N 12th St, Grand Junction, United States",Grand Junction
7284056983404137770,2023-09-28T21:41:31,15,US,2800000,58300,8970,17400000,HOCO!!! 🤍🤍#hoco #fyp #fnl @kar kar @bitch @Christopher Leggett ,False,,mhoover118,Mason,,,,,,False,Newburgh,"New York, United States",
video_id,video_timestamp,video_duration,video_locationcreated,video_diggcount,video_sharecount,video_commentcount,video_playcount,video_description,video_is_ad,video_stickers,author_username,author_name,author_followercount,author_followingcount,author_heartcount,author_videocount,author_diggcount,author_verified,poi_name,poi_address,poi_city
7409281311287872776,2024-08-31T08:35:44,44,EG,376800,18800,1728,1200000,happy jungkook day 🐰 i love and miss you so much #jungkook #hoseokful #ꜱᴇᴇꜱᴀᴡᴄʀᴇᴡ #jeonjungkook #jungkookedit #jeonjungkookedit #bts #btsedit #btsarmy #famous #viral #fyp #foryou #foryoupage #aftereffects #aftereffectsedits #blowthisup #dontletthisflop #abcxyz ,False,,hoseokful,jay,,,,,,False,,,
7408225090241907975,2024-08-28T12:16:59,24,PK,948100,40500,9777,3500000,can't believe my baby turning 27🌟 #jeonjungkook #jungkook #fypシ ,False,,_jungkook.96,_⁷Ilykooki.ot7,,,,,,False,,,
7329551778503019782,2024-01-29T11:04:21,12,MA,4500000,116300,38700,39000000,scrap but it's Jeon Jungkook #jungkook #fyp ,False,,jjkthfilms,jjkthfilms,,,,,,False,,,
7408981079475965216,2024-08-30T13:10:40,17,DE,2200000,167400,18500,7100000,#JUNGKOOK | HAPPY BIRTHDAY MY LOVE 🐰🤍 #jeon #kookie #birthday #viral #fypシ゚ #kpopfypシ #fypofficial #fypシ゚viral #viralvideo #viraltiktok #alightmotion #jeonjungkook ,False,,gucclxtae,☁︎,,,,,,False,,,
7408532526169345298,2024-08-29T08:09:59,18,MM,575000,28400,3332,1700000,he's turning 27 in a few days 😭 #jungkook #jeonjungkook #jk #fyp #call_me_mrs_kim #jooan_kim #ᴇᴍᴘᴇʀᴏʀ_ᴏғ_ᴛᴋ ,False,,jooan_kim,ᴊᴏᴏᴀɴ ᴋɪᴍ ✮⋆˙,,,,,,False,,,
7387817779983813920,2024-07-04T12:26:17,23,HR,597400,23000,5171,4100000,he's my idol / ib: _190811jk #jungkook #jeonjungkook #jk #jungkookbts #bts #kpop #fyp #viral #aftereffects #edit ,False,,97sgoldn,jungkook's biggest fanboy,,,,,,False,,,
7409636949281049874,2024-09-01T07:35:45,16,TH,40400,776,137,166800,27 Y SO HOT . 🔥 #jungkook #jeonjungkook #정국 #jk #imgxjungkook #fyp #fypシ ,False,,f27xp_,banana milk  ੈ✩‧₊˚,,,,,,False,,,
7384126166371716357,2024-06-24T13:40:53,21,BR,4000000,218700,24600,16800000,#jungkook #jungkookedit #jeonjungkook ,False,,sonmy.ly,Soso🎸,,,,,,False,,,
7401977997349096736,2024-08-11T16:15:09,15,PL,227000,10100,479,902500,he’s so fine i can’t #jungkook #jeonjungkook #jungkookedit #edit #fyp #foryou @AbjkMRstY ,False,,jksotgf,jksotgf ✧˖°,,,,,,False,,,
7409803375551859988,2024-09-01T18:22:00,14,SA,42700,899,68,139600,Look at my man!!!! #jungkook #fyp #viral #jeonjungkook ,False,,jjmk.1,AD,,,,,,False,,,
7323977957825875218,2024-01-14T10:35:59,14,NZ,1200000,20500,4654,5100000,Gentleman🦋 (JK ver) #BTS #bts #fyp #foryoupage #foryou #fypシ #bts_official_bighit #JUNGKOOK #jungkook #jeonjungkook #jungkookbts @BTS ,False,,bbyjk.97,🫧KXJEON🫧,,,,,,False,,,
7372945328758115602,2024-05-25T10:33:31,24,TH,858600,39900,5293,4100000,🫵🏻🫣 #jeonjungkook #jungkook #btsedit #fyp ,False,,miisoxv,𐔌𝐰 𐦯   ᩚ,,,,,,False,,,
7387475844039724294,2024-07-03T14:19:21,23,MD,5700000,243200,32700,40500000,He’s playin’ with my vitals #jungkook #jk #jeonjungkook #jungkookedit #jungkookbts #jungkookie #bts #btsarmy #kpop #fyp #fy #foryou #viral #aftereffects #edit ,False,,_190811jk,𝔹𝕋𝕊𝟟_,,,,,,False,,,
7396382034098228512,2024-07-27T14:19:57,11,IT,297600,15500,1443,1400000,the way he walks…                                                                           #bts #kpop #edit #kpopedit #jungkook #jeonjungkook #jungkookedit #정국 #전정국 ,False,,euphxriacore,euphxria,,,,,,False,,,
7356708418066976033,2024-04-11T16:26:04,22,ES,955600,35700,3200,4600000,So hard #jungkook #jeonjungkook #jungkookedit #bts_official_bighit #bts #fypシ #fyp #viral #foryou ,False,,yjk.11,Ylenia ྀི,,,,,,False,,,
7400454217376238854,2024-08-07T13:42:05,13,BR,402000,16900,942,1600000,#jungkook #jungkookedit #jeonjungkook ,False,,sonmy.ly,Soso🎸,,,,,,False,,,
7365434391943712005,2024-05-05T04:47:14,27,PH,725800,17900,1523,2500000,(1/7) jungkook core #jungkook #jeonjungkook #bts ,False,,bwikoov,★⁷,,,,,,False,,,
7400122271425137963,2024-08-06T16:13:58,24,US,634200,27900,1195,2500000,My favorite animal is me when Jungkook #jungkook #jeonjungkook #bts #btsedit #jungkookedit #fyp #foryou #viral #blowthisup  > ib : @viv ,False,,minflms,Ray ☆,,,,,,False,,,
7409982558768762130,2024-09-02T05:56:54,11,TH,13700,264,57,46800,he looks so fine 😭 #jungkook #jeonjungkook #정국 #jk #imgxjungkook #fyp #fypシ ,False,,f27xp_,banana milk  ੈ✩‧₊˚,,,,,,False,,,
7410371828624919840,2024-09-03T07:07:31,18,IT,1464,29,13,4505,🐇#jungkook #jk #jeonjungkook #fyp #fypシ゚ ,False,,littljk97,ℓιттℓנк⁹⁷,,,,,,False,,,
7397923518341500193,2024-07-31T18:01:44,18,GR,502900,13500,1948,2300000,Jungkook x gata only  . #jungkook #jungkookedit #jeonjungkook #jungkookie ,False,,oh.kook_7,𝐨𝐡.𝐤𝐨𝐨𝐤,,,,,,False,,,
7410120167105056033,2024-09-02T14:50:55,60,PK,4053,40,58,19400,"Still with you., #전정국 #jeonjungkook #jungkook #aftereffects #kpop #kpopfyp #kpopedit #fy #fyp #jkgolden #stillwithyou ",False,,b.ts.army.7,BTS.Army7,,,,,,False,,,
video_id,video_timestamp,video_duration,video_locationcreated,video_diggcount,video_sharecount,video_commentcount,video_playcount,video_description,video_is_ad,video_stickers,author_username,author_name,author_followercount,author_followingcount,author_heartcount,author_videocount,author_diggcount,author_verified,poi_name,poi_address,poi_city
7409022725018144030,2024-08-30T15:52:18,61,US,14000,696,549,251400,New Jackal PDW Scourge Meta! Best SMG in the Beta! (Class @ End) 🔥😈 #blackops #cod #bo6 #bo6beta #jackalpdw #bestloadouts ,False,,kobesetic,Kobesetic,,,,,,False,,,
7410415835841301802,2024-09-03T09:58:14,19,US,56,0,1,405,What dhould i say next?  #fyp #GamingOnTikTok #cod #blackops6 #blackops6beta ,False,,thelegendofjay,Jay Be Beaming,,,,,,False,,,
7410404337849044257,2024-09-03T09:13:40,61,GB,33,1,29,310,What's your opinion on black ops 6 Beta #trending #blackops6 #blackops #viral #gaming #foryoupage ,False,,thebritish_lad,🇬🇧The British Lad🇬🇧,,,,,,False,Go Viral Now,"3 Baden Street, Coogee 2034, Australia",Randwick
7408598214070390058,2024-08-29T12:24:57,45,US,14800,265,73,135300,Probé la BETA de BLACK OPS 6 y el NUEVO MOVIMIENTO #blackops6 #parati ,False,,kesto.yt,Kesto YT,,,,,,False,,,
7410395816227048736,2024-09-03T09:00:00,7,GB,14,1,6,251,PEEKABOO! #blackops6 #callofduty #blackops6beta,False,,bigcheesetv,The Big Cheese,,,,,,False,,,
7409678261833239841,2024-09-01T10:18:31,26,DE,1435,47,9,18600,Der KRASSESTE Clips der BO6 Beta... Oder Auch NICHT... #BlackOps6 #BO6 #beta,False,,xnikgo,Nik,,,,,,False,,,
7410363804275494177,2024-09-03T06:36:23,31,GB,31,0,5,842,tried my hand with sniping for a bit  #bo6 #beta #callofduty #callofdutyblackops #cod #sniping #fyp ,False,,deanero__,Deanero,,,,,,False,,,
7410337008473672993,2024-09-03T04:52:28,60,FR,52,19,18,3031,ça cheat alors que c'est juste une beta... #warzone #callofduty #bo6 #blackops #blackops6 #cheat #cheaters #aimbot #beta #omnimovement #pc #xbox #ps5 #gaming #gamingontiktok #imortal ,False,,amnesya_tv,AMNESYA,,,,,,False,,,
7409110290912103712,2024-08-30T21:32:13,54,DE,665,198,100,19800,Ngl the beta is fire so far though 🔥 #cod #callofduty #bo6 #blackops #clip #beta #fy #foryou #fyp #viral ,False,,xrdk_76,xRDK_,,,,,,False,,,
7406699924110265642,2024-08-24T09:38:41,30,US,5855,99,394,205200,I just want the ability to complete delete old games. #callofduty #blackops #blackops6 #blackops6beta #gaming #gamingskills #FYP #jeremyatthetop ,False,,jeremyatthetop,Jeremyatthetop,,,,,,False,,,
7400191092110413087,2024-08-06T20:41:09,55,US,3276,684,439,126000,Black Ops 6 Beta MACRO YY No Recoil #blackops6 #callofdutywarzone #gameplay #strikepack ,False,,doom.mexico,DooMMeXiCo,,,,,,False,,,
7406455539934219563,2024-08-23T17:50:18,30,US,9780,1106,150,78000,BO6 Mastercraft Collection Looks Beautiful!❤️#warzone #cod #callofduty #blackops6 #bo6 #codwarzone #codbo6 #bo6beta #sondrs #fyp #foryoupage #viral #yymovement #movement,False,,.sondrs,sondrs,,,,,,False,,,
7410424008757382446,2024-09-03T10:30:00,242,US,0,0,0,3,#greenscreenvideo BO6 yap session,False,,mason_huffer,Mason,,,,,,False,,,
7409132918221606150,2024-08-30T22:59:53,32,MX,6707,492,589,176500,🔥 Call of Duty Black Ops 6 en Xbox Series S #xbox #gamepass #xboxseriess #callofduty #blackops6 #beta #cod #codwarzone #codclips ,False,,androgamingmx_,agmx,,,,,,False,,,
7409303158314274078,2024-08-31T10:00:45,20,US,1088,346,135,60400,B06 is so GOOD #blackops6 #callofdutyblackops6 #viral #beta #sniping #fyp ,False,,grimaronn,Grimaronn,,,,,,False,,,
7410420297037319429,2024-09-03T10:15:38,9,BR,10,1,0,129,La beta de Black ops 6 es tipo: #blackops6 #warzoneclips #codwarzone ,False,,josema_box,Josema,,,,,,False,,,
7410203915670555936,2024-09-03T06:30:00,41,ES,163,57,20,7212,Así camuflan el SBMM en el Black Ops 6 #bo6  #blackops6 #callofduty #cod #sbmm #bo6beta #gamingontiktok #gaming #streamerespañol #stream,False,,redlangamer,RedLan,,,,,,False,,,
7410388555668753697,2024-09-03T08:12:37,53,GB,48,3,21,222,One botty beta clip 😀 @XxG3t0verH3R3Xx @be-ranger #callofduty #bo6 #blackops #blackops6 #beta #test ,False,,resilientcat,𝕽𝖊𝖘𝖎𝖑𝖎𝖊𝖓𝖙 𝕮𝖆𝖙🐈‍⬛,,,,,,False,United Kingdom Inn Pub,"14 Bloxwich Road North, Walsall, WV12 5PG, United Kingdom",Walsall
7410408236798479659,2024-09-03T09:28:46,15,US,85,0,0,480,Like do you not see these pink gun0s 🎀💕 #mw3 #bo6 #videogames #girlgamer #callofduty #callofdutymodernwarefare #callofdutymodernwarfare3 #blackops6 #blackops6beta #MemeCut #Meme #MemeCut ,False,,k0rillakkumma,🎀UwU🎀,,,,,,False,,,
7410381119360732448,2024-09-03T07:43:38,31,GB,11,14,6,104,Just did a little somthing 😉 hehe 🤪 @DSTAR94 @SjB__ @Rhys @[LFT] Booshie ❤️  #callofduty #bo6 #xbox #treyarch #earyaccess #bo6beta🔥 #fyp #viral #foryou #codclips #snipes #lftclan #girlgamer #games #callofdutyblackops6 ,False,,itztrigg3rz,♡ﮩ٨٨ﮩITᔕTᖇIGG3ᖇᘔ ﮩ٨ﮩﮩ٨ﮩ♡,,,,,,False,,,
7410283544272031008,2024-09-03T01:25:10,31,FR,154,30,14,10200,J’espère que le problème sera resolus a la beta. #callofduty #clips #fyp #fypシ゚ #blackops #bo6 ,False,,kayserslow,Kayser-slow,,,,,,False,,,
7410424379135364398,2024-09-03T10:31:25,13,US,3,0,1,50,I.. I guess? Great Game 😁 #bo6 #blackops6 #beta #cod #gaming ,False,,mindofcody_,MindOfCody,,,,,,False,,,
7410394741067615489,2024-09-03T08:38:32,40,SA,13,1,7,1121,ياخ طعمييييين  #callofduty #beta #bo6 #cod20 #viral #blackops6 #fyp #foryou #modernwarfare #كود21 #مودرين_وارفير2 #كود20 #lilM7M7,False,,lilm7m7_,lilM7M7,,,,,,False,,,
7410404821666155781,2024-09-03T09:15:32,19,ES,65,1,1,872,That was clean af 🥵 | #miamiheretics #soki #callofduty #blackops6 #beta #gamingontiktok ,False,,miamiheretics,Miami Heretics,,,,,,False,,,
7410393916123467026,2024-09-03T08:33:10,61,SA,21,1,4,263,#blackops6 #cod21 #beta #bo6 #foryou #fyp ,False,,vshadow6,Shadow,,,,,,False,Jeddah,"Mecca, Saudi Arabia",
7401857295296072993,2024-08-11T08:26:48,15,ES,3455,148,115,88900,Tengo la nueva BETA de CALL OF DUTY BLACK OPS 6 en mi PS4 PRO con magia…. ESTO ES INCREIBLE 😯😯😯😯😯😯😮😮😮😮😮 #s#steamdeckg#gamings#steamv#valven#nintendoswitchp#pcp#pcgamingg#gamerf#fypn#nintendov#viralf#fypf#foryouf#foryoupagef#fypシx#xyzbcaf#funnyt#trendingt#trendtiktok ,False,,jesusitoshiny,i’m jesusitoshiny 🤍,,,,,,False,,,
7410366509005983009,2024-09-03T06:46:54,9,GB,62,43,45,389,Black Ops 6 Finishing Move #blackops6 #bo6 #beta #finishingmove #callofduty #gameplay #season5warzone ,False,,___elchivo___,Chivo,,,,,,False,The City Of London,"18 Fish Street Hill, Cité de Londres, EC3R 6DB, United Kingdom",
7410414314764520747,2024-09-03T09:52:25,25,US,19,2,1,265,THANK YOU to everyone who joined that first live it was hilarious 🤣 THANK YOU for all this love this last week I promise theres more to come ♥️🤤 #fulldiddy #blackops #beta #blackops6beta #bo6 #diddy #funny #diddyparty #blackops6 ,False,,thfulldiddy,ThFullDiddy,,,,,,False,,,
7410408170415328545,2024-09-03T09:28:34,38,GB,7,0,0,251,Black Ops 6 Scud Multiplayer Early Access Beta  #blackops6 #beta #callofduty #new #love #viral #fyp #blackops #cod #gamergirl #cod #gamer #activision #treyarch #gaming #contentcreator #tiktok #callofduty #bops6 #foryou #uk ,False,,popzstaaar,Popzstaaar,,,,,,False,,,
7408534469365320992,2024-08-29T08:17:35,45,ES,887,353,295,43200,"BETA de Call Of Duty: Black Ops 6: fechas, hora y como acceder 🫡 Ya está aquí la versión beta de la nueva entrega de Call Of Duty, despues meses con dudas, polémicas y demás, es momento de probar esta versión previa del juego desarrollado por Treyarch y ver qué potencial tiene. Pronto, más contenido 👀 #callofduty #blackops6 ",False,,miguileigra,Miguileigra,,,,,,False,,,
7410234520613440799,2024-09-02T22:14:42,111,US,204,8,35,6873,Whats Your Favorite Map⁉️#callofduty #fypシ゚viral #viral #trending #gaming #hype #teamwork #fyp #multiplayer #ranking ,False,,saltyyyy_,Salty🐐,,,,,,False,,,
7409150602221063429,2024-08-31T00:08:31,18,MX,7537,291,101,116800,Está bien rica la beta 🫦🔥 #fyp #warzone #codmobile #codm #callofduty #bo6 #callofdutyblackops6 ,False,,albertojgx,𝐴𝑙𝑏𝑒𝑟𝑡𝑜〖𝔧𝔤x〗,,,,,,False,,,
7409101252690316577,2024-08-30T20:57:10,63,FR,960,14,35,10200,Découverte beta Black ops 6 🔥 #bo6 #callof #beta ,False,,sadela..0,sadela 👑,,,,,,False,,,
7408982877020409121,2024-08-30T13:17:52,28,DE,649,285,430,56500,Was machen die eigentlich richtig?... #fy #bo6 #viral #blackops6 #Probleme #bo6beta #fyp #callofduty #goviral ,False,,scorpixofficial,Scorpix,,,,,,False,,,
video_id,video_timestamp,video_duration,video_locationcreated,video_diggcount,video_sharecount,video_commentcount,video_playcount,video_description,video_is_ad,video_stickers,author_username,author_name,author_followercount,author_followingcount,author_heartcount,author_videocount,author_diggcount,author_verified,poi_name,poi_address,poi_city
7272171759606992171,2023-08-27T21:00:43,45,US,549,13,3,69600,I love this message 💙 #usopen #usopentennis #tennis #novakdjokovic #top100 ,False,,ptpaplayers,PTPA,,,,,,True,Arthur Ashe Stadium,"124-02 Roosevelt Ave, Flushing, NY 11368, United States",Corona
7272625610965503274,2023-08-29T02:21:58,31,US,1457,9,13,120500,Don’t worry Taylor the PTPA WILL COME GET YOU 💙 Deserted island pt. 3 😩 #desertedisland #usopen #taylortownsend #tennis #opponent ,False,,ptpaplayers,PTPA,,,,,,True,Arthur Ashe Stadium,"124-02 Roosevelt Ave, Flushing, NY 11368, United States",Corona
7272873373246508293,2023-08-29T18:23:13,12,US,647,12,27,12200,@WTA 50th anniversary gala in nyc 🤌🏼✨ #usopen #tennis #tennistiktok #nyc ,False,,biancaandreescu,BiancaAndreescu,,,,,,True,,,
7272621566784212270,2023-08-29T02:06:18,63,US,287,6,1,53500,Comment below who else you want us to ask 😂 #desertedisland pt. 2 #usopen #CapCut #rafaelnadal #grigordimitrov #jessicapegula #onsjabeur #novakdjokovic #serenawilliams  ,False,,ptpaplayers,PTPA,,,,,,True,Arthur Ashe Stadium,"124-02 Roosevelt Ave, Flushing, NY 11368, United States",Corona
7272615248765504810,2023-08-29T01:41:42,28,US,1391,11,42,60100,Do they 🤔 #usopen #CapCut #diegoschwartzman #huberthurkacz #tennis #socks #fashion ,False,,ptpaplayers,PTPA,,,,,,True,New York,"New York, United States",
7272608697770118443,2023-08-29T01:16:14,18,US,764,6,6,53700,Just be you and express yourself 💙 #usopen #tennis #fashion #redcarpet #nyfw #sportsfashion ,False,,ptpaplayers,PTPA,,,,,,True,New York,"New York, United States",
7272628595972033838,2023-08-29T02:33:32,37,US,390,1,2,57900,Tag someone you’re bringing with you 😊 #usopen #playersonly #donut #donutwall #doughnut ,False,,ptpaplayers,PTPA,,,,,,True,Spin Tt Club,"E 23rd St, New York, New York 10010, USA",New York
7409088414563208490,2024-08-30T20:07:10,21,US,527600,28700,1818,5600000,143MPH?! 🫣 #USOpen #BenShelton #Tennis ,False,,usopen,US Open,,,,,,True,Us Open Flushing Meadows,"Roosevelt Ave, Queens, New York 11368, USA",Corona
7410216641704938794,2024-09-02T21:05:15,15,US,1535,30,7,15500,Danl Medvedev #daniilmedvedev #tennis #usopen ,False,,usopen,US Open,,,,,,True,Us Open Flushing Meadows,"Roosevelt Ave, Queens, New York 11368, USA",Corona
7408707548351679786,2024-08-29T19:29:12,22,US,28800,1279,646,543900,#naomiosaka #usopen #tennis #outfit ,False,,espnw,espnW,,,,,,True,,,
7409288021742243105,2024-08-31T09:01:47,19,GB,390800,1986,290,4100000,"""I'm in a press conference, Dad."" 📞 #BenShelton #USOpen #tennis #ATP",False,,eurosport,Eurosport,,,,,,True,,,
7409891189542915374,2024-09-02T00:02:20,26,US,19000,148,64,256700,What a shot to win the match #francestiafoe #tennis #usopen ,False,,usopen,US Open,,,,,,True,Us Open Flushing Meadows,"Roosevelt Ave, Queens, New York 11368, USA",Corona
7409089959380176174,2024-08-30T20:13:11,12,US,123200,2899,318,1200000,If they not like this ion want em #francestiafoe #girlfriend #usopen ,False,,usopen,US Open,,,,,,True,Us Open Flushing Meadows,"Roosevelt Ave, Queens, New York 11368, USA",Corona
7409883563782360366,2024-09-01T23:32:44,22,US,130600,9722,723,1100000,Respect the commitment to getting that shoutout off 😂 #francestiafoe #tonygoldwyn #usopen ,True,,usopen,US Open,,,,,,True,Us Open Flushing Meadows,"Roosevelt Ave, Queens, New York 11368, USA",Corona
7409766608555674926,2024-09-01T15:58:55,12,US,11100,463,28,150600,she’s valid 🙏💯 #Tennis #USOpen #Sabalenka ,False,,usopen,US Open,,,,,,True,Us Open Flushing Meadows,"Roosevelt Ave, Queens, New York 11368, USA",Corona
7409904095160552747,2024-09-02T00:52:28,14,US,120800,898,146,8000000,And that’s on listening #francestiafoe #tennis #usopen ,True,,usopen,US Open,,,,,,True,Us Open Flushing Meadows,"Roosevelt Ave, Queens, New York 11368, USA",Corona
7407855856986967338,2024-08-27T12:24:17,24,US,58400,2134,64,1000000,Behind the back is CRAZY work. #Tennis #USOpen #Muchova ,True,,usopen,US Open,,,,,,True,Us Open Flushing Meadows,"Roosevelt Ave, Queens, New York 11368, USA",Corona
7405409126790090026,2024-08-20T22:09:40,14,US,151600,3140,108,1400000,NOOOO NOT COCO 😭😂 #USOpen #Tennis ,False,,usopen,US Open,,,,,,True,,,
7410208917331905835,2024-09-02T20:35:17,13,US,3595,75,20,33400,The cameraman looking for the haters 💀 #taylortownsend #tennis #usopen ,False,,usopen,US Open,,,,,,True,Us Open Flushing Meadows,"Roosevelt Ave, Queens, New York 11368, USA",Corona
7408331740994948395,2024-08-28T19:10:54,13,US,57800,1125,114,969400,Too funny 😅 #biancaandreescu #tennis #usopen ,False,,usopen,US Open,,,,,,True,Us Open Flushing Meadows,"Roosevelt Ave, Queens, New York 11368, USA",Corona
7407577181578071339,2024-08-26T18:22:50,14,US,14400,328,100,769800,Oh wow 🤯 #USOpen #Tennis #Zheng ,False,,usopen,US Open,,,,,,True,,,
7408746281281031466,2024-08-29T21:59:30,12,US,140500,1950,283,3200000,Celly king #benshelton #tennis #usopen ,True,,usopen,US Open,,,,,,True,Us Open Flushing Meadows,"Roosevelt Ave, Queens, New York 11368, USA",Corona
7409702800126414122,2024-09-01T11:51:18,10,US,40800,808,68,3000000,Tommy Paul has all the tricks #USOpen #Tennis #TennisTikTok ,True,,usopen,US Open,,,,,,True,Us Open Flushing Meadows,"Roosevelt Ave, Queens, New York 11368, USA",Corona
7407990368551095594,2024-08-27T21:06:10,14,US,7657,215,29,68600,but honestly neither of us ever shut up #usopen ,False,,katebartlett,kate bartlett,,,,,,True,,,
7408549800318192926,2024-08-29T09:17:13,13,US,296100,12000,1249,4600000,Living out my challengers fantasy at Berrettini vs. Fritz match #challengers #tennis #usopen ,False,,kattys_corner,Katty,,,,,,False,New York,"New York, United States",
7408710076246117664,2024-08-29T19:39:05,15,DE,143,0,1,4511,This old lady‘s reaction 😍😍 #tennis #usopen #usopen2024 ,False,,sportdeutschland.tv,Sportdeutschland.TV,,,,,,True,US Open Tennis Championships,Ss7,Petaling District
7409523697419160863,2024-09-01T00:16:27,22,US,53000,1799,1139,1400000,Yulia was noooooot happy 😳🎾 #usopen #tennis #louisarmstrong #round3 #nyc ,False,,rimps23,rimps23,,,,,,False,USTA Billie Jean King NAtional Tennis Center,"Flushing Meadow - Corona Park, Flushing, NY 11368, United States",Corona
7276285010301226282,2023-09-07T23:02:08,72,US,2000000,49700,5876,18500000,40-shot rally 🤯 #cocogauff #usopen #tennis ,False,,usopen,US Open,,,,,,True,USTA Billie Jean King NAtional Tennis Center,"Flushing Meadow - Corona Park, Flushing, NY 11368, United States",Corona
7410096864629902634,2024-09-02T13:20:29,32,US,3448,158,55,24000,I will never stop talking about this show #scandal #usopen ,False,,simplysimone,Simone Umba,,,,,,False,,,
7407594446767885599,2024-08-26T19:29:58,11,US,49000,2166,188,252400,#usopen #benshelton ,False,,mayamichhy,maya,,,,,,False,,,
7409364328874364206,2024-08-31T13:57:53,10,US,12400,1591,67,136500,When dating apps stop working 😂 #usopen #usopentennis ,False,,megankothari,Megan,,,,,,False,New York,"New York, United States",
7409110335518559530,2024-08-30T21:32:14,23,US,31100,6161,289,677300,Came to the US Open prepared #usopen #lifehack ,False,,itsjasminlee,Jasmin Lee,,,,,,False,USTA Billie Jean King NAtional Tennis Center,"Flushing Meadow - Corona Park, Flushing, NY 11368, United States",Corona
7407996187011239210,2024-08-27T21:28:46,23,US,1279,196,26,45600,Some US Open day session outfits in the wild 🎾 if this is you say hiiii #usopen #tennisoutfit #tennistiktok #nyc ,False,,www.cam3ron.com,CAMERON,,,,,,False,Manhattan,"New York, United States",
7409089011412634886,2024-08-30T20:09:32,15,MX,20100,1244,67,132400,#usopen #benshelton ❤️‍🔥 @Ben ,False,,yulifarjatp,yulifarjatp,,,,,,False,New York,"New York, United States",
7407995265543589162,2024-08-27T21:25:11,11,US,169600,17400,548,1300000,serving 🎾✨💄 #usopen #tennis #tennistiktok #chaneltennisracket #chaneltennisbag #chanel ,False,,lelers1234,Lelers123,,,,,,False,,,
video_id,video_timestamp,video_duration,video_locationcreated,video_diggcount,video_sharecount,video_commentcount,video_playcount,video_description,video_is_ad,video_stickers,author_username,author_name,author_followercount,author_followingcount,author_heartcount,author_videocount,author_diggcount,author_verified,poi_name,poi_address,poi_city
7319235920903851265,2024-01-01T15:54:37,14,SA,296200,9334,704,1500000,тг: snuyus #учеба ,False,,snuy.us,snuy.us,,,,,,False,,,
7342565770444016928,2024-03-04T12:45:24,81,DE,259600,6326,1792,2500000,"для подробного ознакомления с профессией изучите еще множество источников, в видео лишь краткое обьяснение. плюс в разных учреждениях система обучения может отличаться, поэтому перед выбором специальности изучите все детальнее !! тгк: винверлин 💌 #учеба #поступление ",False,,winwerlin,винверлин,,,,,,False,,,
7409291034439552262,2024-08-31T09:13:32,12,BY,72100,6732,77,362700,как я жду тебя .. #учеба #расстояние #дорога ,False,,donotello.oo,dashka,,,,,,False,,,
7403641400593616134,2024-08-16T03:50:02,30,MD,97700,6672,954,1400000,Это нужно всем #backtoschool #канцелярия #школа #учеба #pollypie ,False,,pollypieee,Polly Pie,,,,,,False,,,
7410338525222030623,2024-09-03T04:59:09,11,US,449,6,25,4843,😨🙏. #щп#шп#шитпост#щитпост#школа#учеба#значки#андертейл#андертейлау#фд#хзчописать ,False,,lovvve4ek,я люблю найтмера,,,,,,False,,,
7381475490474904848,2024-06-17T10:14:58,39,KR,138000,4618,1368,859900,"все переживания временны, я уверена что справлюсь с этим 🥹ྀིྀི    #студент #учебазаграницей #учебавкорее #переезд #переездзаграницу ",False,,yosshhikii,Airi,,,,,,False,South Korea,Asia,
7403315478627699974,2024-08-15T06:45:13,79,PL,103300,3129,2217,754300,Делать продолжение? 🩷🫧Тгк v_vistavia #учеба #школа #универ #прическинакаждыйдень #прически #прическившколу #прическивунивер  ,False,,v_vistavia,Зови меня Элиз 🦦🫧,,,,,,False,,,
7397082462087580946,2024-07-29T11:37:54,11,SA,378600,24500,4294,2000000,🫶🏻🍂 #осень #учеба #лето #fall #autumn #gossipgirl #harrypotter ,False,,pixyamericansx,ника ★🧛🏻‍♀️,,,,,,False,,,
7363384539663666450,2024-04-29T16:12:51,10,SA,88400,2947,923,2700000,#химия #решипример #формула #химбио #учеба #янетакой ,False,,bnsstx,nasti🤍,,,,,,False,,,
7400136311467805960,2024-08-06T17:08:39,14,BY,113200,17600,437,775800,2-3 курс самые чилловые 😎 #лето #каникулы #учеба #вуз #школа #шарага #колледж #институт #универ #университет #работа #work #job #university #school #holiday #студенты #жиза #мед #пед ,False,,lost_pilots,"Надя, наверное?",,,,,,False,,,
7408244108227005714,2024-08-28T13:30:49,15,MD,58700,12900,2,488500,#староста #учёба ,False,,evshimn,e v a,,,,,,False,,,
7322825513267989792,2024-01-11T08:03:04,24,BG,130700,1297,466,1400000,с днем сессии у дизайнеров господа! и желаю вам хоть немного поспать 😭 #дизайн #учебадизайн #универ #сессия #дизайнеры ,False,,anyapole,anyapole,,,,,,False,Где мое пиво,"31к1 Зеленоградская улица, Москва, Russia",Moscow
7406415099818298632,2024-08-23T15:13:19,6,KZ,114100,18700,399,643300,"Открыт набор на курс ОГЭ по математике, подробнее в шапке профиля #математика#репетиторпоматематике#репетитор#учеба#огэ#егэ#алгебра#геометрия#экзамены#школа ",False,,ekaterina.and0,ekaterina.and,,,,,,False,,,
7355432783386316037,2024-04-08T05:55:54,8,BY,82600,2641,2497,1100000,програмисты блин @Александра🫦 @супердрифт #рекомендации #пед #глобальныерекомендации #fyp #fypシ #реки♥️ #хочуврек #тренды #учеба #просмотры ,False,,melmoonyy,даш,,,,,,False,,,
7335807464551484678,2024-02-15T07:39:36,5,BY,146600,2336,1217,3200000,Но класс любимый  #рекомендации #рек #юмор #дети #хочуврек #педагог #учитель #учеба #школа #school #teacher ,False,,nat_ali_0,Nat_aLi_0,,,,,,False,,,
7386639426622983430,2024-07-01T08:13:36,15,KZ,116700,15900,2116,641900,эх#fypage #fyp #школа #учеба #июль #август ,False,,masoniii25,masik🧃,,,,,,False,,,
7354036976116436242,2024-04-04T11:39:27,78,KR,617300,4486,1660,5200000,Я студентка языковых курсов при корейском университете💘 #корея #жизньвкорее #учебазаграницей #корейцы ,False,,keynece,КЕЙНЕС🇰🇷,,,,,,False,,,
7410398854102895878,2024-09-03T08:52:24,29,KZ,3889,396,31,17800,Отправь этому одногруппнику и срочно подпишись на инст: brzh_ 🫵🏽 Концерт в Алматы по ссылке в био 🙂‍↕️ #юмор #учеба #жиза #друг #приколы #fake #fakesituation ,False,,brzh_,Биржан Кабылбаев,,,,,,False,,,
7298003845123198214,2023-11-05T10:42:15,15,KZ,266800,3382,3392,2800000,учиться* #sehelpw #идея #учеба #лёд ,False,,sehelpw,naz,,,,,,False,,,
7407106429196193029,2024-08-25T11:56:02,15,KZ,47800,8999,151,247100,"Ох уж эти вайбы,совсем скоро утро в нашем заведение будет начинаться одинаково хахахаха. #уник #учеба #пары #утроначинается #uni #рекомендации #реки #рек #fypシ ",False,,yeelleenaa,yllg,,,,,,False,,,
7377761036125867281,2024-06-07T10:00:56,13,BY,159900,5468,601,981000,Ссылка на тгк в описании профиля #мем #жиза #америка #социофобия #учеба ,False,,waxedg1negey,крутой чел риально,,,,,,False,,,
7391131958497070354,2024-07-13T10:46:55,60,KR,144400,3400,491,828600,Гуляем с @haha_aegi по Сеулу🖤🐾 #корея #корейцы #жизньвкорее #учебазаграницей ,False,,keynece,КЕЙНЕС🇰🇷,,,,,,False,,,
7367054749130083602,2024-05-09T13:35:05,20,SA,220700,5469,180,1600000,моя учёба в мгу проходит примерно так,False,,deellmoo,тгк: делмо на привате,,,,,,False,,,
7360646184148520198,2024-04-22T07:06:32,9,BY,220100,17700,1191,6500000,#учеба ,False,,dinariiiikk,💫dinariiikk💫,,,,,,False,,,
7409297013633715474,2024-08-31T09:36:38,8,SA,5746,313,138,37100,хелп плз😢🥺 че делать с историей#учеба #fyp ,False,,draf1na,draf1na,,,,,,False,,,
7410379883341188358,2024-09-03T07:38:49,5,PL,282,11,68,5389,#этожлпа #новоерасписание #учёба #школа #капец больше нету слов,False,,sooniwq76,•|cupcake🧁⭐️,,,,,,False,,,
7309052044516658440,2023-12-05T05:14:55,39,UA,395700,17200,3706,2600000,в тот раз не зелетело #тотсамый #школа #учеба #тасамая #вайн ,False,,kammikka,камика,,,,,,False,,,
7410277986689109254,2024-09-03T01:03:27,16,KZ,13700,3880,749,90000,Я все вижу 👀#школ #урок #snownastya #3сентября #учитель #учеба ,False,,snow_nastya__,snow_nastya_,,,,,,False,,,
7404092344636574982,2024-08-17T08:59:51,79,KZ,134200,3605,3463,825600,советы для учебы📖 #backtoschool #motivation #studytips #study #учеба #мотивация ,False,,ztimelanova,ztimelanova,,,,,,False,,,
7409934495278812432,2024-09-02T02:50:34,14,KG,9479,3341,71,89100,Я не могу больше #1сентебря #школа #вуз #учеба ,False,,olraight,OLRAIGHT,,,,,,False,,,
7410133810928438534,2024-09-02T15:43:55,11,CZ,854,642,14,9296,Я устал… #природа #парк #город #учеба ,False,,futazz_music9,❤️‍🔥futaz ❤️‍🔥,,,,,,False,,,
7401553524930120966,2024-08-10T12:47:56,47,KZ,144700,3273,4340,1000000,#glowup #girlstalk #glowuptips #backtoschool #советыкрасоты #глоуап #motivation #study #учеба #мотивация #selfcare #beautytips ,False,,ztimelanova,ztimelanova,,,,,,False,,,
7249003151007730945,2023-06-26T10:34:35,20,FR,10100,33,43,87500,"ссылка на мой телеграм в шапке профиля 🥺🤌🏻 || видео старое, почему-то не выложила его сразу, я рада, что этот сложный период закончился, и наступило лето!!! #мотивациядляучебы #studywithme #studyvlog #влог #мойдень",False,,sss.hist,учеба,,,,,,False,,,
7396242119968509189,2024-07-27T05:17:00,8,UA,94200,11800,249,860700,#химия #катясамбука #учеба #опыты #эксперимент #kdrama #edit #пользовательскийфон #fyp ,False,,use64515,use,,,,,,False,,,
